"","F1","F1MaxcutIndex","F2","F2MaxcutIndex"
"1",0.612700351212711,0.56752841097217,0.602049780506625,0.56752841097217
