"","F1","F1MaxcutIndex","F2","F2MaxcutIndex"
"1",0.629975750757055,590660400,0.610380710060608,135854660
