"","F1","F1MaxcutIndex","F2","F2MaxcutIndex"
"1",0.604600911684577,0.97913927,0.603692449886177,0.9819827
