"","F1","F1MaxcutIndex","F2","F2MaxcutIndex"
"1",0.576737677142033,57969.48,0.551098745644231,43317.82
