detection_classes,detection_scores
1,0.978369
77,0.77644426
1,0.75180495
1,0.7500406
