detection_classes,detection_scores
1,0.99969876
41,0.6610425
31,0.61070913
37,0.5984706
1,0.47259936
1,0.40636393
