detection_classes,detection_scores
1,0.99918014
8,0.63284594
6,0.5011231
