detection_classes,detection_scores
1,0.9624593
77,0.9515094
67,0.44526336
