detection_classes,detection_scores
1,0.9961932
39,0.76282984
39,0.3289919
