detection_classes,detection_scores
77,0.99354124
77,0.95830315
77,0.8850805
84,0.36196062
67,0.3543652
