detection_classes,detection_scores
77,0.8364932
78,0.5122276
77,0.48641196
75,0.36632654
