detection_classes,detection_scores
77,0.93814254
77,0.909763
75,0.66237456
73,0.53775406
