detection_classes,detection_scores
1,0.9998555
1,0.9991007
1,0.4707872
