detection_classes,detection_scores
61,0.96464956
61,0.9609165
65,0.7293008
61,0.64003617
60,0.4580056
