detection_classes,detection_scores
77,0.9838493
76,0.5965041
75,0.43468294
75,0.33693546
