detection_classes,detection_scores
1,0.9984257
1,0.99736613
74,0.80421007
