detection_classes,detection_scores
74,0.61932266
70,0.4906684
74,0.41313002
