detection_classes,detection_scores
40,0.94691306
34,0.74223816
87,0.57341033
1,0.4757322
34,0.44104514
