detection_classes,detection_scores
77,0.99073845
77,0.8332602
77,0.66417265
