detection_classes,detection_scores
1,0.9996606
32,0.998252
77,0.9068942
