detection_classes,detection_scores
74,0.86443156
34,0.5701803
61,0.36854044
