detection_classes,detection_scores
77,0.8114324
85,0.697759
85,0.43353793
