detection_classes,detection_scores
76,0.9812475
73,0.95528644
57,0.7653447
77,0.55388606
73,0.5383448
55,0.50519234
76,0.4955377
1,0.40356082
