detection_classes,detection_scores
1,0.97604895
1,0.96439224
1,0.78437424
1,0.6147814
7,0.5778756
11,0.5178822
8,0.47000447
