detection_classes,detection_scores
1,0.99566615
77,0.59105647
34,0.5493958
1,0.46297854
61,0.38675624
