detection_classes,detection_scores
76,0.64846396
77,0.46816894
79,0.3018929
