detection_classes,detection_scores
1,0.9980234
1,0.9960337
1,0.9958715
1,0.96977407
1,0.85862005
49,0.6171473
1,0.42757624
