detection_classes,detection_scores
1,0.9992675
1,0.99690384
1,0.99541914
32,0.97455096
1,0.88945985
32,0.87217426
1,0.526866
