detection_classes,detection_scores
1,0.9988827
1,0.8726805
1,0.8406546
1,0.5320936
31,0.51054984
1,0.4486129
