detection_classes,detection_scores
1,0.99973553
1,0.98860264
1,0.98354006
1,0.97484595
1,0.9534133
1,0.9389738
1,0.87254226
84,0.5462363
