detection_classes,detection_scores
1,0.9944226
77,0.9893695
1,0.97193706
1,0.90722424
1,0.72245836
1,0.7043265
1,0.67039
1,0.34882355
75,0.3043252
