detection_classes,detection_scores
1,0.9988709
1,0.96289915
1,0.85202855
1,0.73671955
27,0.41949263
27,0.31121016
