detection_classes,detection_scores
1,0.9990458
32,0.9666061
77,0.9476962
84,0.93591523
62,0.54700875
77,0.5158678
