detection_classes,detection_scores
67,0.7583016
53,0.7574625
51,0.7229026
67,0.3285811
89,0.31557623
