detection_classes,detection_scores
1,0.9990231
3,0.9767482
1,0.79014015
