detection_classes,detection_scores
74,0.7582397
80,0.36613974
47,0.31827244
61,0.31046024
