detection_classes,detection_scores
1,0.9996247
77,0.9760873
1,0.9666557
1,0.85326266
44,0.68722576
44,0.6678537
44,0.5461687
