detection_classes,detection_scores
44,0.99853253
67,0.43160424
67,0.3286452
44,0.30655298
