detection_classes,detection_scores
18,0.89487773
74,0.59681857
1,0.44322157
1,0.3716088
89,0.34304044
