detection_classes,detection_scores
75,0.8986313
77,0.7112507
75,0.4459485
85,0.3044264
