detection_classes,detection_scores
1,0.9993236
8,0.6970906
3,0.6912614
1,0.37425214
