detection_classes,detection_scores
77,0.9834827
77,0.96814674
76,0.94754004
77,0.45370406
