detection_classes,detection_scores
1,0.9874233
1,0.9869675
3,0.88107413
1,0.3287017
1,0.3264091
