detection_classes,detection_scores
75,0.9500683
1,0.8751914
77,0.67998195
77,0.61084896
77,0.3656354
67,0.32260573
84,0.30380377
