detection_classes,detection_scores
1,0.99791676
1,0.70726806
1,0.37296757
79,0.33172858
