detection_classes,detection_scores
1,0.9967693
53,0.4695489
37,0.44372568
