detection_classes,detection_scores
77,0.8854628
75,0.85486376
77,0.46914065
75,0.3922857
