detection_classes,detection_scores
76,0.764828
73,0.76080877
8,0.32201108
