detection_classes,detection_scores
1,0.9990004
1,0.99274856
1,0.9905719
62,0.9825195
1,0.83463573
1,0.8244097
62,0.7400922
62,0.6980297
62,0.56408834
62,0.43540996
62,0.304738
