detection_classes,detection_scores
77,0.9239486
77,0.9238433
73,0.4593623
