detection_classes,detection_scores
75,0.5137008
67,0.46273738
67,0.45600417
