detection_classes,detection_scores
1,0.9997682
38,0.7122212
77,0.6556578
28,0.5675902
27,0.5246767
31,0.37968308
42,0.3329931
