detection_classes,detection_scores
1,0.9992912
1,0.9980215
1,0.97759014
31,0.541771
31,0.46137035
