detection_classes,detection_scores
1,0.99555886
28,0.5021603
1,0.4342411
