detection_classes,detection_scores
75,0.9763718
75,0.859905
75,0.7868179
75,0.648623
75,0.32495606
