detection_classes,detection_scores
1,0.99884003
62,0.91271526
15,0.6416636
62,0.3633006
