detection_classes,detection_scores
1,0.99114954
1,0.97160894
84,0.42274618
