detection_classes,detection_scores
77,0.9995128
77,0.9985505
77,0.7358269
