detection_classes,detection_scores
77,0.9944841
76,0.89364016
73,0.34499103
