detection_classes,detection_scores
1,0.9947915
1,0.9940948
1,0.982414
77,0.8423864
1,0.72616225
1,0.36645916
77,0.31974345
