detection_classes,detection_scores
77,0.9651641
75,0.7423143
77,0.37113604
