detection_classes,detection_scores
1,0.99673164
53,0.86692715
86,0.747362
1,0.35247865
