detection_classes,detection_scores
1,0.9994469
8,0.9535696
8,0.9148873
3,0.48241305
1,0.34339607
