detection_classes,detection_scores
1,0.9976654
1,0.87044144
1,0.5028395
34,0.48911956
31,0.30204436
