detection_classes,detection_scores
1,0.99888355
3,0.67838985
3,0.6569484
3,0.5019204
8,0.38178822
