detection_classes,detection_scores
1,0.9953999
1,0.9877955
3,0.9524992
1,0.91100055
7,0.7922706
6,0.7736013
1,0.65345913
1,0.5631095
1,0.37605157
10,0.36714613
8,0.3594013
