detection_classes,detection_scores
1,0.9990879
1,0.9880949
1,0.9607829
1,0.5237562
