detection_classes,detection_scores
67,0.6938736
34,0.6296856
51,0.3861418
47,0.36867574
47,0.34655574
