detection_classes,detection_scores
1,0.9969614
1,0.99329054
8,0.8950673
44,0.68236333
8,0.6524355
47,0.5968101
15,0.56227773
15,0.39765066
