detection_classes,detection_scores
77,0.9567943
1,0.85092634
84,0.7268766
84,0.4127228
1,0.40032297
84,0.3957572
73,0.3409038
