detection_classes,detection_scores
75,0.9596781
77,0.82569915
72,0.52971923
84,0.3333533
