detection_classes,detection_scores
1,0.9997329
1,0.5093771
62,0.423731
39,0.39184305
