detection_classes,detection_scores
1,0.99974245
1,0.99524987
1,0.8833755
1,0.7953151
16,0.3630164
1,0.34187576
