detection_classes,detection_scores
77,0.9925788
77,0.6671405
77,0.48704314
75,0.37014803
