detection_classes,detection_scores
1,0.9996617
39,0.7667089
37,0.4086981
