detection_classes,detection_scores
1,0.9913248
77,0.87989646
1,0.73399836
1,0.6192907
50,0.5389068
77,0.33148402
