detection_classes,detection_scores
86,0.7599762
17,0.58753926
16,0.34666604
62,0.3408594
