detection_classes,detection_scores
1,0.57203454
89,0.49447623
28,0.45398262
38,0.31612408
