detection_classes,detection_scores
1,0.99920064
1,0.992573
1,0.9679763
1,0.8675044
1,0.74116
1,0.7083068
1,0.441252
