detection_classes,detection_scores
1,0.99914134
1,0.9960419
1,0.99571973
1,0.99402314
1,0.965633
41,0.9091959
1,0.84061193
1,0.81785005
1,0.44873616
41,0.33358285
