detection_classes,detection_scores
1,0.9961278
76,0.38429135
62,0.33225477
49,0.30794764
