detection_classes,detection_scores
74,0.86393
74,0.53999704
51,0.36851877
