detection_classes,detection_scores
70,0.805202
37,0.750978
70,0.49693948
70,0.35468885
