detection_classes,detection_scores
77,0.78808135
77,0.5510643
84,0.33552477
78,0.33284003
84,0.32150802
