detection_classes,detection_scores
1,0.9994011
32,0.96772355
32,0.8555776
1,0.8180058
32,0.765627
1,0.7318158
32,0.63766754
84,0.6097714
1,0.43142205
84,0.38951147
32,0.3760206
