detection_classes,detection_scores
1,0.99956614
1,0.99943906
64,0.9887016
64,0.95434797
31,0.478582
