detection_classes,detection_scores
77,0.76152563
76,0.6710168
75,0.3542313
