detection_classes,detection_scores
77,0.998309
77,0.9978381
75,0.6398365
