detection_classes,detection_scores
77,0.99177307
77,0.99127406
33,0.5057724
33,0.368256
75,0.31680968
