detection_classes,detection_scores
75,0.9682263
77,0.8759836
77,0.7657662
77,0.57920766
14,0.36907777
