detection_classes,detection_scores
77,0.97833997
75,0.88834727
77,0.6731383
77,0.62591445
