detection_classes,detection_scores
1,0.9993449
15,0.415034
11,0.3235914
