detection_classes,detection_scores
1,0.9991461
1,0.99437654
1,0.98882747
