detection_classes,detection_scores
1,0.9982303
1,0.9981047
1,0.990473
1,0.97738385
1,0.9543785
1,0.8677075
1,0.31346148
