detection_classes,detection_scores
77,0.8290583
73,0.76327753
76,0.68222386
