detection_classes,detection_scores
70,0.78316915
74,0.6051624
34,0.40432373
