detection_classes,detection_scores
1,0.9983494
1,0.9949817
1,0.9607565
1,0.54936934
47,0.37928662
1,0.318124
