detection_classes,detection_scores
1,0.95166004
77,0.55650496
75,0.5351258
