detection_classes,detection_scores
1,0.9987312
1,0.9866297
3,0.958454
44,0.95219755
1,0.7400204
44,0.6966283
8,0.6656438
3,0.4708999
34,0.42755046
