detection_classes,detection_scores
77,0.8367486
75,0.48349288
14,0.36127287
