detection_classes,detection_scores
39,0.9433816
76,0.53166986
84,0.52972853
84,0.4886965
84,0.42226186
