detection_classes,detection_scores
1,0.99938357
1,0.9987816
1,0.99769104
1,0.99525696
1,0.9168629
1,0.87104213
1,0.6578457
