detection_classes,detection_scores
1,0.9990471
1,0.99843365
39,0.7617744
8,0.6682005
27,0.40530327
