detection_classes,detection_scores
77,0.97463065
77,0.7422498
77,0.6973047
75,0.52229416
33,0.41075084
