detection_classes,detection_scores
1,0.99258524
3,0.99139905
1,0.98893565
1,0.941592
1,0.9306558
1,0.92397994
1,0.89625454
1,0.88037753
1,0.86058867
1,0.8560899
1,0.85560405
1,0.8079322
27,0.7092585
3,0.621292
1,0.6196884
1,0.4056386
1,0.37135413
31,0.3421052
