detection_classes,detection_scores
89,0.7561509
31,0.43837208
4,0.30563
