detection_classes,detection_scores
1,0.99922705
1,0.9989052
1,0.9978707
1,0.99783796
1,0.99456316
1,0.99396557
1,0.98799986
1,0.96744007
31,0.949253
1,0.93276525
1,0.6668283
