detection_classes,detection_scores
77,0.98423564
77,0.8984868
77,0.77808416
75,0.71946144
77,0.5451979
77,0.42030114
14,0.35271254
