detection_classes,detection_scores
1,0.99967957
1,0.77613837
3,0.6304868
3,0.4433126
8,0.30242887
