detection_classes,detection_scores
7,0.999962
1,0.99690104
7,0.9959961
7,0.9465248
7,0.9162759
9,0.87984115
