detection_classes,detection_scores
1,0.99810386
1,0.8174554
32,0.4955026
15,0.43266383
