detection_classes,detection_scores
1,0.9997855
3,0.97091234
3,0.9459279
8,0.8338834
3,0.37976077
