detection_classes,detection_scores
1,0.9995253
1,0.9942193
1,0.99369967
