detection_classes,detection_scores
1,0.9980696
1,0.9910779
1,0.9872207
1,0.31399155
