detection_classes,detection_scores
1,0.99785584
1,0.9827733
1,0.98231953
1,0.97329754
1,0.9708962
1,0.9403136
1,0.9342487
3,0.8912748
1,0.83116704
3,0.43801904
1,0.35206074
1,0.34048098
49,0.3324388
