detection_classes,detection_scores
77,0.6800926
75,0.5652876
79,0.42211834
44,0.31861448
