detection_classes,detection_scores
1,0.99958855
1,0.99860734
1,0.99755436
32,0.54067785
