detection_classes,detection_scores
1,0.99925965
1,0.99902666
1,0.847608
73,0.8023267
27,0.73594403
