detection_classes,detection_scores
77,0.9842933
77,0.83652216
84,0.5013406
14,0.37210658
