detection_classes,detection_scores
77,0.9968586
33,0.85458523
77,0.7592445
