detection_classes,detection_scores
34,0.8354271
11,0.49118006
51,0.37427956
61,0.32480523
