detection_classes,detection_scores
77,0.9941881
77,0.99053395
1,0.98861027
77,0.87319034
72,0.3004733
