detection_classes,detection_scores
75,0.82178056
10,0.651996
77,0.4795058
84,0.3072865
