detection_classes,detection_scores
1,0.9994999
1,0.99874425
64,0.33391395
