detection_classes,detection_scores
1,0.98556143
67,0.52692807
51,0.44590873
1,0.41229078
86,0.32414827
