detection_classes,detection_scores
75,0.99143994
75,0.8944615
77,0.67912835
