detection_classes,detection_scores
1,0.99242836
1,0.9906393
1,0.97637093
1,0.9762295
27,0.9574181
1,0.93823874
79,0.69893384
47,0.4332399
3,0.35557735
