detection_classes,detection_scores
77,0.91957825
78,0.903752
78,0.53763723
77,0.4312091
32,0.36217913
90,0.3600839
