detection_classes,detection_scores
14,0.5096155
74,0.42611808
10,0.38502935
14,0.38180515
