detection_classes,detection_scores
77,0.9292266
77,0.8894607
84,0.85788965
84,0.8453542
75,0.78902745
75,0.4337683
77,0.3997351
75,0.39950436
49,0.33655238
