detection_classes,detection_scores
75,0.9853961
75,0.9808952
73,0.9338552
77,0.5487319
85,0.3784206
