detection_classes,detection_scores
77,0.9946326
84,0.51988816
84,0.3876931
