detection_classes,detection_scores
1,0.9988135
1,0.99251187
1,0.80805624
1,0.7881122
1,0.76343274
1,0.7474545
1,0.66003704
1,0.63809526
1,0.61558974
1,0.41427416
64,0.35805178
