detection_classes,detection_scores
77,0.99275196
77,0.99007344
77,0.94041276
76,0.66786623
