detection_classes,detection_scores
1,0.99994004
15,0.72937965
90,0.6930955
