detection_classes,detection_scores
1,0.9961845
1,0.99360234
1,0.9929214
1,0.9928517
1,0.9925007
1,0.9921246
1,0.9901177
1,0.9894023
1,0.97505695
1,0.90863043
1,0.8797615
1,0.7402635
1,0.69847494
1,0.57631826
1,0.54243207
1,0.45994687
1,0.4518366
1,0.30872786
