detection_classes,detection_scores
1,0.99372816
1,0.78577995
40,0.49144393
