detection_classes,detection_scores
1,0.9998567
32,0.9901455
77,0.9309232
31,0.70114076
1,0.4745371
