detection_classes,detection_scores
1,0.9976363
53,0.92949396
1,0.5190486
63,0.32891822
