detection_classes,detection_scores
1,0.99811745
1,0.9973863
1,0.99640346
1,0.9940064
1,0.9154604
1,0.8584117
1,0.3252183
