detection_classes,detection_scores
77,0.9873537
77,0.77980113
75,0.6582048
76,0.61825365
