detection_classes,detection_scores
77,0.9503723
84,0.43141928
84,0.3917093
84,0.3222438
