detection_classes,detection_scores
1,0.99841344
52,0.9152065
19,0.60536593
