detection_classes,detection_scores
77,0.98772115
77,0.9316005
77,0.40840057
82,0.37622944
