detection_classes,detection_scores
14,0.7442299
89,0.5754751
27,0.41644484
74,0.38309008
81,0.37681028
62,0.3298551
