detection_classes,detection_scores
77,0.99668247
77,0.98388296
75,0.47461465
