detection_classes,detection_scores
76,0.9402202
49,0.85470587
84,0.59850204
76,0.46108928
77,0.3147548
