detection_classes,detection_scores
1,0.9993487
90,0.96121734
28,0.5440691
38,0.348324
