detection_classes,detection_scores
77,0.999828
77,0.9972996
76,0.4405925
67,0.4187415
