detection_classes,detection_scores
53,0.40027627
86,0.36866885
67,0.34415922
51,0.33645132
