detection_classes,detection_scores
77,0.9173542
77,0.8956293
75,0.67709196
75,0.59998083
