detection_classes,detection_scores
1,0.9666598
1,0.9516869
1,0.9018845
85,0.84878117
77,0.844174
84,0.59767026
1,0.58453786
84,0.49339536
84,0.46641544
75,0.38743138
