detection_classes,detection_scores
1,0.999366
1,0.9921524
1,0.66068673
32,0.6473985
