detection_classes,detection_scores
77,0.9985073
77,0.9927695
77,0.9616113
77,0.77652806
75,0.41160554
77,0.3635754
