detection_classes,detection_scores
1,0.99846137
72,0.54659855
10,0.49671474
77,0.39025712
82,0.32422298
1,0.31124055
