detection_classes,detection_scores
1,0.9967481
1,0.8426115
82,0.8006621
62,0.60290504
3,0.42840126
72,0.38951123
