detection_classes,detection_scores
77,0.95072013
76,0.8480067
37,0.5550629
75,0.44592446
