detection_classes,detection_scores
76,0.9432745
73,0.7245745
73,0.6159993
84,0.56624454
75,0.31498143
