detection_classes,detection_scores
1,0.99887925
1,0.9975598
1,0.9941302
1,0.99367505
1,0.9911786
1,0.9875966
1,0.33111554
