detection_classes,detection_scores
75,0.94199926
77,0.49998295
77,0.4683142
