detection_classes,detection_scores
77,0.9552586
75,0.83884215
77,0.38520256
