detection_classes,detection_scores
1,0.95554465
1,0.9357177
84,0.82061845
39,0.6940722
90,0.62304664
1,0.53613746
