detection_classes,detection_scores
1,0.99932814
3,0.75456494
3,0.57656324
62,0.35901695
3,0.3044384
