detection_classes,detection_scores
77,0.9960574
43,0.522002
84,0.41401395
84,0.40907097
