detection_classes,detection_scores
44,0.6467441
44,0.6234147
77,0.6065451
44,0.4391853
