detection_classes,detection_scores
1,0.9967044
84,0.65384394
82,0.62377113
82,0.43607122
73,0.30570704
