detection_classes,detection_scores
77,0.9348675
77,0.56288946
78,0.51638985
