detection_classes,detection_scores
76,0.98085195
73,0.65959215
72,0.5709655
51,0.3088776
