detection_classes,detection_scores
1,0.99684453
1,0.985114
1,0.9568872
1,0.9441413
1,0.8686161
1,0.56989795
62,0.53438437
1,0.46668375
1,0.41818562
1,0.38757855
