detection_classes,detection_scores
61,0.6963829
74,0.4255732
67,0.34427124
