detection_classes,detection_scores
1,0.99648726
1,0.99623233
1,0.9849289
1,0.9820515
1,0.9782032
1,0.9740925
62,0.9638603
1,0.9596965
1,0.73274547
76,0.61778635
62,0.5488368
75,0.49648514
1,0.4803382
74,0.47476378
84,0.4370222
16,0.36769587
84,0.35015395
