detection_classes,detection_scores
75,0.77805495
77,0.61967576
79,0.42291823
