detection_classes,detection_scores
1,0.99874276
1,0.9971808
1,0.978558
1,0.9594785
1,0.9552671
1,0.8345651
1,0.81142074
1,0.36187574
