detection_classes,detection_scores
1,0.9994087
1,0.80585927
63,0.6773908
63,0.5530907
63,0.41876084
1,0.40606287
63,0.3341166
