detection_classes,detection_scores
44,0.95756143
44,0.42075148
44,0.38474122
44,0.376032
47,0.36050105
67,0.3366018
