detection_classes,detection_scores
89,0.69893456
74,0.6263573
1,0.38176584
