detection_classes,detection_scores
1,0.99923706
6,0.9987984
1,0.99741334
1,0.9914324
1,0.9748619
1,0.9696648
1,0.919741
1,0.9191514
6,0.8698596
6,0.7930312
1,0.6792107
1,0.6385899
1,0.3950239
