detection_classes,detection_scores
53,0.79552495
51,0.43472755
61,0.39086396
