detection_classes,detection_scores
77,0.9007057
77,0.8025371
73,0.707414
77,0.3532965
