detection_classes,detection_scores
77,0.9941063
75,0.8675096
76,0.5200408
75,0.48437348
75,0.46327907
