detection_classes,detection_scores
77,0.87168026
61,0.6688025
84,0.40652275
