detection_classes,detection_scores
77,0.7429484
72,0.71719635
73,0.6990556
73,0.36214203
