detection_classes,detection_scores
1,0.9993543
1,0.97628796
1,0.8854479
1,0.39379182
40,0.3051221
