detection_classes,detection_scores
1,0.99876153
1,0.7787554
1,0.7195698
1,0.6858247
1,0.5467773
1,0.40692446
