detection_classes,detection_scores
1,0.98581934
1,0.6682079
34,0.5660941
