detection_classes,detection_scores
1,0.9970907
1,0.9969441
32,0.99210477
1,0.9905938
32,0.98893934
1,0.96062183
1,0.7214117
1,0.66561544
