detection_classes,detection_scores
1,0.9804812
77,0.7698059
1,0.685505
1,0.4722537
47,0.37726003
67,0.3743599
73,0.3364996
76,0.32112446
