detection_classes,detection_scores
1,0.9969592
1,0.9741363
77,0.8241423
75,0.64534336
77,0.41505075
