detection_classes,detection_scores
77,0.97116536
84,0.93562055
44,0.7655116
76,0.7367568
84,0.71899515
44,0.6587635
84,0.45005977
84,0.4199105
33,0.33467785
73,0.32902703
77,0.32824528
