detection_classes,detection_scores
77,0.9961754
77,0.9495234
77,0.5983185
84,0.32896468
