detection_classes,detection_scores
44,0.99621886
86,0.6458375
61,0.6009885
51,0.434161
