detection_classes,detection_scores
1,0.99925154
64,0.869356
15,0.7636691
62,0.7464331
67,0.66874623
62,0.5262
64,0.39602515
15,0.3922458
64,0.35444966
