detection_classes,detection_scores
1,0.9991196
1,0.99539846
44,0.9261015
