detection_classes,detection_scores
77,0.9951507
77,0.94375664
77,0.49363407
10,0.34805572
