detection_classes,detection_scores
77,0.8909538
72,0.58994424
27,0.35129377
14,0.32317725
