detection_classes,detection_scores
77,0.99510396
77,0.9535799
1,0.85161257
1,0.5247914
