detection_classes,detection_scores
76,0.8485534
77,0.78812635
76,0.5484788
