detection_classes,detection_scores
78,0.73016274
73,0.68498915
82,0.5292435
72,0.5195764
