detection_classes,detection_scores
75,0.98171264
44,0.5535327
84,0.30920017
