detection_classes,detection_scores
1,0.9996277
1,0.99931204
3,0.97701705
1,0.36257416
