detection_classes,detection_scores
1,0.9993986
77,0.96775204
86,0.55431825
