detection_classes,detection_scores
1,0.999699
1,0.99887127
1,0.998487
1,0.99482465
3,0.9861124
3,0.9815715
1,0.97573334
8,0.6494891
32,0.5704874
3,0.5238544
1,0.3539643
