detection_classes,detection_scores
77,0.9897544
77,0.59501225
75,0.51621854
76,0.44948995
