detection_classes,detection_scores
85,0.8935278
77,0.8740066
10,0.7511282
77,0.6042332
85,0.59647036
85,0.5301082
85,0.4278707
85,0.3783786
75,0.3567802
