detection_classes,detection_scores
77,0.99137866
77,0.9834917
75,0.957047
75,0.9130633
67,0.4130227
