detection_classes,detection_scores
67,0.65607643
1,0.64375
81,0.58349115
86,0.49468738
53,0.35595682
50,0.35179713
77,0.3200053
44,0.3129266
