detection_classes,detection_scores
74,0.65280473
67,0.5124942
34,0.4755986
47,0.4014865
