detection_classes,detection_scores
84,0.9776909
77,0.97402495
1,0.9665863
1,0.94875664
84,0.9335784
84,0.89479095
1,0.8638226
1,0.66247344
1,0.63567656
84,0.5413659
1,0.35592163
84,0.33945522
84,0.31742153
