detection_classes,detection_scores
50,0.7147363
73,0.70245606
77,0.5941086
