detection_classes,detection_scores
74,0.7302374
14,0.43333787
70,0.34320197
34,0.3404646
