detection_classes,detection_scores
1,0.9935387
1,0.83906996
75,0.7678811
75,0.74031407
1,0.69735754
1,0.47980255
65,0.37934345
