detection_classes,detection_scores
62,0.7192487
74,0.67429405
89,0.4493822
