detection_classes,detection_scores
1,0.9998903
31,0.9349618
8,0.8682739
8,0.84120524
