detection_classes,detection_scores
1,0.9969932
51,0.670399
1,0.6489192
67,0.40541583
86,0.39166012
47,0.31568015
