detection_classes,detection_scores
76,0.9026624
73,0.47271967
77,0.36757594
