detection_classes,detection_scores
1,0.9983436
1,0.99717784
1,0.9927315
2,0.86996377
28,0.33928278
2,0.30671346
