detection_classes,detection_scores
74,0.71664387
14,0.39412093
89,0.3103009
