detection_classes,detection_scores
1,0.999526
1,0.9932152
61,0.7447556
22,0.55572855
8,0.5332265
2,0.3748197
1,0.34909
