detection_classes,detection_scores
34,0.98447
1,0.8775729
86,0.49615788
