detection_classes,detection_scores
87,0.86361307
89,0.44666803
5,0.42841187
14,0.32977235
