detection_classes,detection_scores
77,0.9876202
44,0.9007565
77,0.8964684
84,0.7485352
67,0.5343352
90,0.5269828
43,0.47119838
90,0.4230033
77,0.40924272
39,0.3951503
74,0.3415385
