detection_classes,detection_scores
77,0.8008313
84,0.76631176
62,0.57215273
77,0.51089704
73,0.33437
