detection_classes,detection_scores
77,0.9958514
76,0.5198657
77,0.4150751
