detection_classes,detection_scores
1,0.99965215
1,0.999126
1,0.9990872
41,0.5707658
1,0.3096263
