detection_classes,detection_scores
1,0.9959936
1,0.99152464
28,0.9158079
1,0.85229236
1,0.66533506
