detection_classes,detection_scores
16,0.9684913
16,0.67445356
77,0.45887342
76,0.429962
