detection_classes,detection_scores
74,0.7975554
86,0.7381632
34,0.3459465
