detection_classes,detection_scores
77,0.96286356
77,0.94254935
59,0.87472624
73,0.8004096
55,0.47152558
84,0.33738676
