detection_classes,detection_scores
1,0.9958223
1,0.90899867
46,0.47538906
77,0.38368824
1,0.37982953
