detection_classes,detection_scores
85,0.9973126
77,0.8410181
75,0.5184567
77,0.45876214
85,0.33292717
