detection_classes,detection_scores
77,0.99162793
75,0.92572236
75,0.5173942
75,0.4363741
75,0.3651961
76,0.3082691
