detection_classes,detection_scores
7,0.6701778
72,0.66080314
77,0.328762
