detection_classes,detection_scores
1,0.9992404
1,0.8925023
1,0.80451554
1,0.50221586
1,0.4064968
