detection_classes,detection_scores
74,0.9655655
4,0.90440637
74,0.56715953
3,0.37294188
