detection_classes,detection_scores
61,0.5235783
70,0.38971493
87,0.34759155
