detection_classes,detection_scores
16,0.9488283
1,0.85245484
1,0.6641544
1,0.5469874
1,0.47527644
