detection_classes,detection_scores
76,0.49524754
75,0.4873086
76,0.41070798
84,0.314252
