detection_classes,detection_scores
1,0.99795145
34,0.80495465
14,0.3759454
89,0.31372467
