detection_classes,detection_scores
62,0.5856614
38,0.5328834
28,0.40834314
