detection_classes,detection_scores
52,0.95686996
3,0.9332905
3,0.9065278
67,0.5343746
15,0.41441923
67,0.3973956
41,0.3877704
1,0.37574956
89,0.3519424
67,0.3153883
