detection_classes,detection_scores
75,0.9477244
77,0.8665757
75,0.8654025
77,0.47039697
