detection_classes,detection_scores
86,0.6508649
61,0.5831333
42,0.33331117
41,0.32152003
