detection_classes,detection_scores
74,0.7609214
61,0.4425966
67,0.34547827
