detection_classes,detection_scores
1,0.99969435
87,0.7808858
1,0.6399365
1,0.5663552
1,0.52159446
1,0.32751423
