detection_classes,detection_scores
1,0.9877418
1,0.89974385
1,0.78078556
51,0.69193125
1,0.6790006
47,0.50521237
