detection_classes,detection_scores
77,0.9981096
77,0.508494
76,0.32839182
