detection_classes,detection_scores
85,0.9275625
76,0.92058027
77,0.47003773
79,0.33482093
