detection_classes,detection_scores
75,0.75996184
75,0.52558696
77,0.30929905
