detection_classes,detection_scores
88,0.792622
61,0.54502815
61,0.38086745
