detection_classes,detection_scores
77,0.9981749
77,0.9284009
77,0.7010607
77,0.4210951
75,0.35178858
