detection_classes,detection_scores
11,0.9087309
44,0.56763834
89,0.3411067
