detection_classes,detection_scores
1,0.69030744
62,0.6151409
61,0.5995111
74,0.32183576
