detection_classes,detection_scores
78,0.5843453
77,0.5766948
77,0.5607173
82,0.55047786
77,0.48668405
