detection_classes,detection_scores
75,0.9740709
75,0.7243642
77,0.7242635
75,0.31759763
