detection_classes,detection_scores
78,0.8159415
75,0.5883307
72,0.44658512
