detection_classes,detection_scores
1,0.9997894
8,0.9879872
8,0.529845
31,0.35327774
27,0.33885372
