detection_classes,detection_scores
74,0.91122186
77,0.71007746
75,0.4852605
