detection_classes,detection_scores
1,0.9977679
1,0.9935562
1,0.9843609
62,0.74648905
16,0.6515112
1,0.45707408
1,0.3881594
9,0.3694772
15,0.32134467
1,0.30700487
