detection_classes,detection_scores
74,0.8958773
74,0.6221473
89,0.6097864
1,0.4683498
