detection_classes,detection_scores
61,0.66333914
7,0.384045
67,0.38059482
8,0.3617054
62,0.3476015
