detection_classes,detection_scores
1,0.99904233
1,0.72739124
1,0.6546521
3,0.48480695
8,0.46124864
67,0.3608687
1,0.3334827
1,0.3003169
