detection_classes,detection_scores
1,0.9369102
44,0.89706796
1,0.8274952
84,0.5632241
1,0.39229897
7,0.3367609
1,0.3325215
