detection_classes,detection_scores
41,0.794966
1,0.57863027
34,0.49331763
1,0.42704353
1,0.31536284
