detection_classes,detection_scores
75,0.95474076
75,0.91296
75,0.56021655
