detection_classes,detection_scores
1,0.99680626
1,0.99579597
1,0.97295606
1,0.70509577
4,0.34816203
1,0.30442235
