detection_classes,detection_scores
77,0.74881905
72,0.51858705
76,0.47710273
