detection_classes,detection_scores
89,0.79983455
74,0.6519438
1,0.39795017
