detection_classes,detection_scores
77,0.95882815
1,0.69764096
1,0.39763796
