detection_classes,detection_scores
77,0.9140418
77,0.80218095
75,0.78441036
77,0.7608431
75,0.6516663
75,0.6489748
75,0.63867515
77,0.5722766
77,0.49242646
75,0.4800036
75,0.43382734
75,0.36309966
77,0.3151115
