detection_classes,detection_scores
76,0.9934918
74,0.89210814
76,0.8469692
75,0.5892877
76,0.44545704
