detection_classes,detection_scores
1,0.99842143
1,0.9978994
43,0.5249265
