detection_classes,detection_scores
74,0.8122502
67,0.668331
89,0.34404543
