detection_classes,detection_scores
1,0.9990522
1,0.99901557
1,0.99676716
1,0.99425226
8,0.99120086
1,0.9663354
3,0.42949092
1,0.36235568
31,0.34266245
