detection_classes,detection_scores
52,0.8264886
52,0.69293714
11,0.66470957
52,0.46965656
86,0.46620244
52,0.3966158
38,0.36816484
1,0.3374186
52,0.31991267
