detection_classes,detection_scores
74,0.6462282
89,0.64328235
1,0.5840797
