detection_classes,detection_scores
1,0.9956108
4,0.9950423
1,0.9876895
4,0.9676886
1,0.9676673
1,0.94437
1,0.94259983
1,0.87025833
1,0.8678907
4,0.57130635
1,0.38201836
1,0.35902932
1,0.3562407
1,0.3262869
