detection_classes,detection_scores
67,0.79224104
73,0.7328743
61,0.54081756
15,0.39396095
62,0.35403582
73,0.34595078
76,0.31124482
