detection_classes,detection_scores
74,0.9484456
67,0.6288098
70,0.43251327
