detection_classes,detection_scores
86,0.6740231
47,0.6250302
51,0.404363
34,0.332749
