detection_classes,detection_scores
77,0.75442994
75,0.5839421
76,0.57834256
