detection_classes,detection_scores
1,0.99802387
1,0.99236864
1,0.9642442
1,0.5720784
