detection_classes,detection_scores
77,0.957983
76,0.8210218
84,0.32727504
