detection_classes,detection_scores
77,0.98361164
67,0.9661717
77,0.963752
84,0.9446824
44,0.93182826
44,0.92687756
67,0.9061339
77,0.75121623
50,0.74783987
84,0.5142929
67,0.5059943
44,0.48984128
