detection_classes,detection_scores
77,0.96394235
33,0.9155352
75,0.7297888
84,0.72652715
