detection_classes,detection_scores
53,0.39985713
86,0.39159012
1,0.38841468
53,0.33795637
86,0.31614572
