detection_classes,detection_scores
1,0.9973822
1,0.9966905
1,0.99668163
1,0.9965353
1,0.9947825
1,0.9865942
1,0.93789
34,0.90022516
1,0.81897163
37,0.6390875
3,0.5910888
34,0.57357335
3,0.57347554
15,0.45332646
67,0.39674518
