detection_classes,detection_scores
62,0.9236735
74,0.38635913
89,0.330186
33,0.32188416
