detection_classes,detection_scores
1,0.99506664
76,0.95588905
90,0.8691385
1,0.66036636
1,0.51232237
73,0.38642892
90,0.3466174
