detection_classes,detection_scores
1,0.99983263
1,0.61892456
1,0.44723043
