detection_classes,detection_scores
77,0.9577601
76,0.78297377
76,0.50230443
73,0.42535505
