detection_classes,detection_scores
77,0.9628451
77,0.89283377
77,0.7386398
75,0.68918693
77,0.583963
75,0.3357938
84,0.31314495
