detection_classes,detection_scores
37,0.81095743
37,0.5710427
37,0.46306667
88,0.46128476
55,0.45946345
31,0.38365138
46,0.36828405
37,0.33852822
31,0.30921134
37,0.3043493
55,0.30132404
