detection_classes,detection_scores
1,0.9793854
27,0.72875214
1,0.7124643
31,0.5988319
27,0.5124126
1,0.3744207
27,0.3049107
