detection_classes,detection_scores
84,0.6055986
73,0.5365035
77,0.43562782
