detection_classes,detection_scores
87,0.5895967
4,0.5791423
2,0.37347445
11,0.32542896
