detection_classes,detection_scores
1,0.9765171
62,0.3610871
3,0.35914552
62,0.31587544
