detection_classes,detection_scores
1,0.9991049
1,0.9988071
1,0.9844207
32,0.7185051
32,0.5609353
32,0.5242005
