detection_classes,detection_scores
77,0.94071484
76,0.72656393
77,0.63728523
