detection_classes,detection_scores
62,0.893638
70,0.7173519
1,0.5530159
79,0.5245647
62,0.36031893
39,0.3495325
1,0.31725615
