detection_classes,detection_scores
49,0.99828714
49,0.69200796
77,0.5669868
