detection_classes,detection_scores
1,0.999882
1,0.98921835
15,0.71374637
