detection_classes,detection_scores
75,0.98415196
75,0.8781674
75,0.6662024
75,0.48002014
77,0.46851215
