detection_classes,detection_scores
77,0.9936005
75,0.50459766
77,0.40258464
