detection_classes,detection_scores
31,0.7879165
33,0.7798434
33,0.74338573
11,0.48760113
1,0.3741229
33,0.30557668
