detection_classes,detection_scores
34,0.82300496
67,0.5751874
61,0.41518697
