detection_classes,detection_scores
77,0.99507207
77,0.88630533
77,0.5414681
