detection_classes,detection_scores
77,0.9698704
77,0.61585134
75,0.44633606
