detection_classes,detection_scores
3,0.6202718
62,0.6111811
61,0.49523744
11,0.49232966
