detection_classes,detection_scores
1,0.9973123
1,0.9970409
1,0.991288
1,0.989585
1,0.96964014
1,0.95503575
1,0.9346507
1,0.8311125
1,0.7631255
1,0.7463991
1,0.49175826
1,0.4885574
1,0.46502858
1,0.42062232
1,0.30070305
