detection_classes,detection_scores
1,0.8889141
1,0.77905536
77,0.31902754
