detection_classes,detection_scores
74,0.99965656
74,0.99374086
77,0.94102657
72,0.84264183
84,0.5751416
67,0.49760577
