detection_classes,detection_scores
77,0.9798853
77,0.96000177
75,0.8850846
77,0.72280073
