detection_classes,detection_scores
1,0.99959534
1,0.99818796
31,0.977818
84,0.42836562
