detection_classes,detection_scores
74,0.9604938
70,0.87372726
70,0.32923225
