detection_classes,detection_scores
77,0.9892412
75,0.71322656
77,0.5043035
