detection_classes,detection_scores
86,0.5879073
44,0.3743017
61,0.34975895
