detection_classes,detection_scores
77,0.66216
79,0.37868106
78,0.34370196
10,0.31669083
