detection_classes,detection_scores
11,0.9950847
27,0.79609746
33,0.4302522
1,0.37204492
