detection_classes,detection_scores
1,0.9996284
9,0.9876581
1,0.9570657
3,0.9402653
1,0.9399243
7,0.8944464
9,0.8251652
9,0.45634285
44,0.43461674
