detection_classes,detection_scores
75,0.9459992
75,0.8904206
77,0.87711483
77,0.39695513
