detection_classes,detection_scores
76,0.9553107
75,0.41002735
77,0.34430674
