detection_classes,detection_scores
84,0.8359762
51,0.49603918
73,0.43275523
79,0.42925933
67,0.38938516
