detection_classes,detection_scores
1,0.9873217
1,0.97616005
1,0.9343838
1,0.79045445
1,0.62772995
44,0.5865552
15,0.44198835
15,0.42935985
62,0.3875777
1,0.3849205
3,0.3218577
62,0.30820233
