detection_classes,detection_scores
1,0.9997968
10,0.9135841
10,0.9067295
10,0.88200265
10,0.8708205
10,0.86784637
10,0.78754145
10,0.6202532
27,0.601866
10,0.3885407
28,0.32215878
