detection_classes,detection_scores
74,0.8810918
67,0.33546677
61,0.332778
