detection_classes,detection_scores
77,0.98557264
77,0.7779893
77,0.7766108
73,0.49035054
76,0.36946526
