detection_classes,detection_scores
1,0.99525577
1,0.9936947
1,0.8561051
1,0.8469277
1,0.7962055
1,0.5351914
