detection_classes,detection_scores
17,0.93690217
52,0.81931615
42,0.62767875
22,0.46420947
42,0.43658173
