detection_classes,detection_scores
61,0.9119197
67,0.8164037
87,0.7502334
86,0.33956125
