detection_classes,detection_scores
86,0.5436659
47,0.5111111
51,0.5014741
61,0.3553238
