detection_classes,detection_scores
1,0.9989471
1,0.99879324
1,0.9970952
3,0.9940043
32,0.9898044
1,0.9838393
1,0.98295754
1,0.96959573
1,0.9528923
1,0.92954147
1,0.9085338
32,0.86189115
35,0.49980316
32,0.48197168
32,0.32627854
