detection_classes,detection_scores
75,0.9428964
77,0.9063913
75,0.753813
77,0.5599264
