detection_classes,detection_scores
1,0.99184096
1,0.98967135
1,0.9892503
1,0.97835594
1,0.96970636
77,0.71918046
75,0.6298299
