detection_classes,detection_scores
77,0.99513286
67,0.9645503
77,0.84202224
75,0.55172676
67,0.39078066
67,0.3691218
