detection_classes,detection_scores
1,0.9996001
1,0.9980381
7,0.83688134
7,0.60192
7,0.44917366
