detection_classes,detection_scores
62,0.99236333
62,0.99169755
5,0.97083807
