detection_classes,detection_scores
1,0.99842525
64,0.91523623
64,0.8311652
15,0.53174174
15,0.38450631
