detection_classes,detection_scores
84,0.560937
84,0.5492501
84,0.53199893
84,0.5206569
84,0.49436355
84,0.48014078
84,0.47373542
84,0.4695278
84,0.46830514
84,0.46687275
84,0.46047395
84,0.45419046
84,0.41243985
84,0.41224492
84,0.4092441
84,0.4067464
41,0.40319103
84,0.38533488
84,0.3689728
84,0.36002538
84,0.3519837
84,0.32289565
84,0.32096395
84,0.3001659
