detection_classes,detection_scores
60,0.746174
47,0.4582301
62,0.36666378
51,0.35756236
