detection_classes,detection_scores
49,0.7856615
49,0.7616641
49,0.5979941
49,0.46727508
49,0.45317376
49,0.41468298
49,0.3578431
39,0.33456478
