detection_classes,detection_scores
90,0.87669307
1,0.8279765
1,0.6409293
90,0.50694466
18,0.41957235
1,0.35922137
