detection_classes,detection_scores
5,0.8225257
10,0.7707418
2,0.4948053
