detection_classes,detection_scores
1,0.9988324
33,0.72989756
8,0.4280219
33,0.41499087
