detection_classes,detection_scores
5,0.8208213
2,0.3150374
10,0.30470186
