detection_classes,detection_scores
1,0.45801312
1,0.44004312
1,0.38459852
