detection_classes,detection_scores
86,0.86823374
1,0.70718676
87,0.67876226
87,0.5074544
1,0.43171486
