detection_classes,detection_scores
4,0.87409204
75,0.5186367
62,0.39415884
4,0.30506462
