detection_classes,detection_scores
63,0.9840275
63,0.93906283
65,0.6640845
63,0.49224553
