detection_classes,detection_scores
84,0.897027
1,0.68361413
62,0.59812874
44,0.42847228
84,0.42401826
1,0.36973315
73,0.36393565
84,0.34820735
