detection_classes,detection_scores
1,0.9406517
65,0.85053617
77,0.4860372
