detection_classes,detection_scores
3,0.9423508
39,0.3965029
16,0.32802245
33,0.30432552
