detection_classes,detection_scores
5,0.61481667
4,0.51055974
10,0.47670245
35,0.43273476
52,0.37657496
