detection_classes,detection_scores
62,0.8487924
84,0.8275383
62,0.7488423
84,0.7198499
84,0.6717805
84,0.64657027
84,0.6365951
84,0.54422665
84,0.518601
84,0.49074337
67,0.4403976
84,0.40613583
84,0.39238617
63,0.34351936
84,0.33845985
84,0.33247265
84,0.33012214
84,0.3235595
51,0.310698
