detection_classes,detection_scores
86,0.7030924
84,0.49829826
84,0.33251703
