detection_classes,detection_scores
79,0.70340794
62,0.5042522
79,0.31357607
