detection_classes,detection_scores
49,0.74873215
49,0.50939596
49,0.45845932
90,0.41047767
49,0.3479357
