detection_classes,detection_scores
1,0.9213578
1,0.6395155
35,0.6061087
35,0.58496094
1,0.45747903
10,0.41102305
