detection_classes,detection_scores
86,0.6528696
90,0.49996704
82,0.37148875
44,0.30157807
