detection_classes,detection_scores
41,0.5058784
31,0.48713258
43,0.37782478
