detection_classes,detection_scores
1,0.93535817
1,0.5618884
1,0.39677358
1,0.3608411
