detection_classes,detection_scores
39,0.6944375
90,0.48760405
49,0.31303012
