detection_classes,detection_scores
62,0.5063736
62,0.49118415
8,0.37866285
