detection_classes,detection_scores
1,0.9993405
1,0.71906245
1,0.6338217
