detection_classes,detection_scores
1,0.99693525
1,0.98580325
1,0.9665658
1,0.8591678
1,0.42364824
