detection_classes,detection_scores
53,0.97242785
48,0.89645165
84,0.493379
