detection_classes,detection_scores
7,0.3672941
5,0.32512313
39,0.31713694
