detection_classes,detection_scores
1,0.99372333
1,0.9831768
1,0.7116567
43,0.5852435
1,0.57354546
