detection_classes,detection_scores
75,0.8737679
2,0.6213145
5,0.53663254
89,0.41037917
4,0.38240412
