detection_classes,detection_scores
47,0.61804193
86,0.42315406
86,0.4116701
47,0.40884095
47,0.3741187
44,0.35917756
44,0.30067086
