detection_classes,detection_scores
1,0.99574476
1,0.99452966
1,0.93512166
1,0.9005113
1,0.73147166
90,0.70670617
73,0.67089134
1,0.39167684
