detection_classes,detection_scores
2,0.83269393
35,0.5296164
33,0.4600764
35,0.43978634
31,0.3809282
