detection_classes,detection_scores
62,0.9933183
8,0.8998402
15,0.88046426
3,0.8497137
3,0.62919503
3,0.54083264
2,0.3216617
3,0.3061077
