detection_classes,detection_scores
3,0.624294
8,0.61434025
8,0.59186405
8,0.49469432
3,0.37667143
3,0.34165198
