detection_classes,detection_scores
65,0.83523864
62,0.34423396
65,0.30224863
