detection_classes,detection_scores
11,0.69670224
4,0.6654832
1,0.42648947
1,0.41000476
1,0.38767126
89,0.31633842
