detection_classes,detection_scores
88,0.6063983
88,0.4925873
88,0.33293045
67,0.32296452
