detection_classes,detection_scores
87,0.96677166
50,0.9361113
50,0.7143877
90,0.4369663
1,0.33354157
