detection_classes,detection_scores
84,0.9596953
84,0.76187307
84,0.7043515
84,0.53251636
84,0.37683254
7,0.34748954
84,0.33941936
