detection_classes,detection_scores
1,0.9955664
1,0.9916841
65,0.54505736
47,0.3972018
