detection_classes,detection_scores
1,0.9991021
84,0.31600037
84,0.31269044
