detection_classes,detection_scores
14,0.6828904
3,0.54462147
89,0.3346822
14,0.3022465
