detection_classes,detection_scores
84,0.8397885
84,0.721931
84,0.7092792
62,0.62019616
62,0.48787168
62,0.45873725
84,0.45597082
84,0.40351292
15,0.39636505
84,0.35718814
84,0.34288043
62,0.33328533
