detection_classes,detection_scores
32,0.9874336
1,0.8439621
37,0.7496499
