detection_classes,detection_scores
31,0.44036964
65,0.40030387
41,0.3380701
