detection_classes,detection_scores
47,0.51324344
64,0.41675755
65,0.41215113
