detection_classes,detection_scores
1,0.78252643
39,0.66299415
16,0.5997066
44,0.37787265
17,0.3429377
1,0.34022295
