detection_classes,detection_scores
15,0.5387427
8,0.41066214
7,0.3415894
