detection_classes,detection_scores
1,0.9879495
44,0.8993874
44,0.87422067
63,0.5692955
44,0.5084728
64,0.41534358
62,0.39425117
72,0.37812304
86,0.34606594
