detection_classes,detection_scores
1,0.9840148
1,0.9810972
1,0.973558
1,0.94309074
