detection_classes,detection_scores
1,0.99809283
1,0.9421127
1,0.908849
1,0.89404446
1,0.85418785
1,0.5729381
1,0.5118944
1,0.4708968
