detection_classes,detection_scores
15,0.96826696
82,0.4879436
84,0.32068595
