detection_classes,detection_scores
90,0.5643622
90,0.45174643
41,0.43130627
