detection_classes,detection_scores
39,0.5881882
50,0.49977034
39,0.38350022
