detection_classes,detection_scores
15,0.7798497
33,0.6388375
15,0.6260856
15,0.5003718
33,0.3578289
85,0.33109465
15,0.30731255
