detection_classes,detection_scores
1,0.999549
1,0.8056382
39,0.65493435
