detection_classes,detection_scores
15,0.5880976
62,0.39018106
79,0.3002685
