detection_classes,detection_scores
39,0.45079693
84,0.42740306
84,0.39228636
