detection_classes,detection_scores
43,0.74739575
87,0.38297385
50,0.35230044
