detection_classes,detection_scores
63,0.9209701
47,0.64932257
86,0.33501288
39,0.32300544
