detection_classes,detection_scores
72,0.9133692
33,0.7854764
1,0.47065014
44,0.40084848
33,0.35232046
64,0.33444116
41,0.31577778
