detection_classes,detection_scores
82,0.61046475
51,0.42967525
67,0.38097027
