detection_classes,detection_scores
4,0.74390894
14,0.5320654
11,0.5144152
2,0.4364785
