detection_classes,detection_scores
35,0.3798849
39,0.35728782
87,0.3187586
