detection_classes,detection_scores
1,0.99237305
44,0.960015
44,0.7225261
1,0.45480442
39,0.30060726
