detection_classes,detection_scores
90,0.82759696
44,0.63015866
89,0.5451957
