detection_classes,detection_scores
15,0.8132539
84,0.5887053
82,0.40844393
15,0.40394953
84,0.37593344
15,0.3616118
84,0.34898075
15,0.33530495
