detection_classes,detection_scores
44,0.8397569
44,0.5924916
44,0.568418
49,0.4610248
44,0.43310153
44,0.38639727
47,0.32084325
