detection_classes,detection_scores
84,0.8864193
84,0.65255374
84,0.47421986
84,0.41647074
84,0.35517663
84,0.33113077
84,0.3206568
84,0.30522656
