detection_classes,detection_scores
89,0.7405815
5,0.64453256
4,0.59616977
44,0.5108143
