detection_classes,detection_scores
10,0.692446
86,0.5181824
39,0.32248706
