detection_classes,detection_scores
1,0.9860955
1,0.98353577
1,0.9825927
1,0.9420234
1,0.92740905
62,0.79648083
1,0.78068495
1,0.77195114
62,0.7022572
1,0.6806528
1,0.67256504
5,0.6542462
1,0.514688
1,0.50637436
5,0.4880865
5,0.42060217
1,0.41201958
31,0.3389592
62,0.32521248
