detection_classes,detection_scores
72,0.8240455
73,0.5518461
73,0.4014837
72,0.39914817
