detection_classes,detection_scores
73,0.9988387
44,0.7221251
88,0.62843984
47,0.5056035
62,0.4364923
5,0.38781756
