detection_classes,detection_scores
44,0.773582
44,0.5573896
47,0.38705677
