detection_classes,detection_scores
1,0.99017745
90,0.98443985
1,0.93393457
1,0.7642819
65,0.7508924
90,0.7378555
1,0.70391756
1,0.6680218
1,0.5581782
1,0.40781325
