detection_classes,detection_scores
4,0.99275404
4,0.8066657
1,0.33249205
