detection_classes,detection_scores
1,0.9991485
1,0.9890726
1,0.95523584
62,0.80577505
32,0.39583716
