detection_classes,detection_scores
49,0.869618
49,0.81636494
65,0.61508125
49,0.575986
90,0.39361292
49,0.319413
