detection_classes,detection_scores
1,0.9170498
16,0.61834335
1,0.5167982
