detection_classes,detection_scores
1,0.9317048
44,0.7372637
1,0.6009099
44,0.55345076
