detection_classes,detection_scores
53,0.81416243
61,0.4766124
86,0.40180877
67,0.39334786
