detection_classes,detection_scores
75,0.858183
75,0.76760364
44,0.71111923
44,0.57915974
75,0.49272925
75,0.4634186
75,0.4514089
75,0.40862924
49,0.37924594
84,0.33154646
84,0.31012753
75,0.30035546
