detection_classes,detection_scores
8,0.7330264
1,0.34551883
3,0.34515467
14,0.32231653
