detection_classes,detection_scores
1,0.9984981
62,0.9714452
70,0.7803508
14,0.41646922
