detection_classes,detection_scores
15,0.38919708
33,0.35277537
31,0.30266106
