detection_classes,detection_scores
51,0.9907094
1,0.962572
1,0.7348412
90,0.61122465
1,0.47082925
44,0.4564588
1,0.31342554
