detection_classes,detection_scores
44,0.9067715
44,0.86635566
44,0.8029374
44,0.7147877
90,0.49277273
86,0.3232905
44,0.31523713
