detection_classes,detection_scores
1,0.91510534
1,0.8916216
1,0.41696656
