detection_classes,detection_scores
44,0.44393218
44,0.33516717
44,0.33349368
44,0.32870066
44,0.3090854
