detection_classes,detection_scores
39,0.47261122
35,0.384345
47,0.31460896
90,0.30386883
