detection_classes,detection_scores
1,0.9847169
62,0.8078094
1,0.79766744
62,0.73571897
7,0.5140164
1,0.33637515
62,0.3126268
