detection_classes,detection_scores
38,0.979353
38,0.97341657
38,0.5923567
38,0.457956
