detection_classes,detection_scores
1,0.9987326
1,0.92845255
1,0.8184843
1,0.8022235
90,0.7909403
1,0.7401053
1,0.38906878
1,0.31871605
