detection_classes,detection_scores
5,0.76688015
5,0.59015703
8,0.5254092
