detection_classes,detection_scores
1,0.9969633
1,0.7506785
1,0.6384974
1,0.3584209
