detection_classes,detection_scores
62,0.67569786
61,0.61007303
32,0.36269513
28,0.31302646
