detection_classes,detection_scores
1,0.99885607
44,0.80334616
5,0.47081405
1,0.41678035
9,0.34342232
28,0.33219704
