detection_classes,detection_scores
87,0.93423885
87,0.8904584
49,0.8837925
49,0.80071276
49,0.71498007
90,0.45654365
87,0.3244944
