detection_classes,detection_scores
1,0.9342096
1,0.9106415
62,0.51241803
39,0.42255765
41,0.35023734
1,0.30246583
