detection_classes,detection_scores
61,0.5262219
16,0.47170553
38,0.4064304
