detection_classes,detection_scores
58,0.61440307
84,0.5827819
79,0.55918103
62,0.4907445
59,0.4589279
84,0.42845547
58,0.3982183
58,0.38470712
