detection_classes,detection_scores
73,0.679147
76,0.52386457
50,0.3427262
