detection_classes,detection_scores
70,0.77794665
84,0.322135
51,0.3163345
