detection_classes,detection_scores
10,0.7423475
2,0.5394065
5,0.5213513
