detection_classes,detection_scores
7,0.5933328
58,0.48029217
7,0.44524664
61,0.39057088
84,0.32252032
