detection_classes,detection_scores
1,0.9947082
1,0.9296516
1,0.4075267
39,0.31790945
1,0.3148737
