detection_classes,detection_scores
1,0.99858046
58,0.8262461
90,0.48762193
1,0.46163395
67,0.31678048
49,0.31034604
