detection_classes,detection_scores
62,0.996018
62,0.8320444
62,0.8243174
62,0.819435
67,0.77835566
62,0.6666991
62,0.44043207
