detection_classes,detection_scores
72,0.59522754
79,0.4551997
72,0.42346895
