detection_classes,detection_scores
5,0.65536773
28,0.572458
5,0.319067
