detection_classes,detection_scores
67,0.73694056
76,0.6142008
79,0.4088841
62,0.3918206
