detection_classes,detection_scores
1,0.99300885
1,0.96974707
44,0.6928014
1,0.6880756
1,0.6876989
44,0.68456733
