detection_classes,detection_scores
1,0.92936444
1,0.71609527
62,0.6521055
44,0.48923618
84,0.41019934
1,0.39289513
