detection_classes,detection_scores
39,0.6634134
44,0.5176381
44,0.4153615
33,0.3816208
