detection_classes,detection_scores
37,0.95194805
50,0.9504153
2,0.88008255
50,0.8658808
50,0.8549527
47,0.4986045
87,0.44890568
48,0.41192102
3,0.39239594
50,0.38776863
4,0.3195954
1,0.31453478
