detection_classes,detection_scores
75,0.95869225
5,0.85225326
89,0.8038651
10,0.7431446
89,0.6253521
4,0.4150816
