detection_classes,detection_scores
1,0.9995359
2,0.93967927
2,0.6161241
2,0.5989773
4,0.456264
2,0.36609146
