detection_classes,detection_scores
1,0.99621993
1,0.9940672
1,0.9733513
1,0.47154298
