detection_classes,detection_scores
1,0.99227905
49,0.9169078
1,0.6964357
87,0.6482971
1,0.56584096
