detection_classes,detection_scores
1,0.9233991
1,0.63473266
36,0.6130264
39,0.449065
5,0.34904543
1,0.3402365
