detection_classes,detection_scores
10,0.9109509
10,0.7823386
5,0.69853395
