detection_classes,detection_scores
15,0.89328706
39,0.6404904
62,0.4054035
84,0.38872313
15,0.3085121
