detection_classes,detection_scores
1,0.5482563
76,0.43174103
1,0.38099992
1,0.36652014
1,0.35056716
51,0.33761445
