detection_classes,detection_scores
2,0.84110606
1,0.6654955
1,0.5945584
