detection_classes,detection_scores
44,0.9677212
44,0.86212337
5,0.84153175
44,0.82517236
11,0.604778
47,0.59701794
4,0.54180914
11,0.50808245
35,0.30662423
