detection_classes,detection_scores
7,0.6061693
79,0.54401636
39,0.4633913
15,0.36794108
39,0.31886315
