detection_classes,detection_scores
62,0.58256423
86,0.43017435
62,0.31638202
86,0.31538466
