detection_classes,detection_scores
50,0.5913489
64,0.45583427
39,0.34930855
