detection_classes,detection_scores
1,0.9986732
1,0.988014
5,0.9496437
4,0.6441956
7,0.43141392
