detection_classes,detection_scores
44,0.9149317
44,0.85851836
44,0.73954064
44,0.5530507
86,0.3330116
