detection_classes,detection_scores
84,0.77761567
84,0.55588675
84,0.34187952
62,0.3273681
