detection_classes,detection_scores
34,0.9772866
67,0.8579937
48,0.41643086
49,0.41609958
50,0.3910596
48,0.32421905
