detection_classes,detection_scores
10,0.9303235
10,0.43559745
33,0.31526306
