detection_classes,detection_scores
15,0.6171779
73,0.5831997
44,0.5665064
86,0.3685413
