detection_classes,detection_scores
17,0.98920655
1,0.9196411
17,0.88682526
90,0.6871266
1,0.47711655
18,0.45694005
18,0.3332711
