detection_classes,detection_scores
86,0.95664066
47,0.874196
51,0.80538946
86,0.79244816
51,0.6821912
86,0.6235495
86,0.61936134
62,0.5961254
86,0.57040155
86,0.5699557
51,0.56822425
47,0.55828226
47,0.55206907
47,0.5193799
74,0.4856686
44,0.4517231
51,0.3959288
86,0.39525804
51,0.3751193
86,0.37391508
47,0.3515268
62,0.33024067
