detection_classes,detection_scores
86,0.88923264
15,0.7751098
85,0.60653484
