detection_classes,detection_scores
76,0.9183212
62,0.8953586
76,0.7205373
76,0.52175546
75,0.5052448
75,0.4367609
75,0.38016862
