detection_classes,detection_scores
1,0.9935086
15,0.96871907
15,0.9290383
1,0.6720354
1,0.6276069
1,0.6106687
1,0.5658955
62,0.47513968
1,0.43366122
31,0.33333048
