detection_classes,detection_scores
1,0.97962576
87,0.97450817
1,0.95900583
1,0.54423785
63,0.44747758
1,0.35778534
65,0.31667992
1,0.30577272
