detection_classes,detection_scores
5,0.49276584
4,0.4824871
44,0.45641708
