detection_classes,detection_scores
5,0.41192913
39,0.34545383
87,0.32247397
