detection_classes,detection_scores
2,0.67764413
4,0.4986989
4,0.42623615
