detection_classes,detection_scores
1,0.9995938
9,0.6902096
70,0.38570482
