detection_classes,detection_scores
1,0.99531233
1,0.98668206
1,0.9824882
1,0.8496154
1,0.83343804
62,0.791099
1,0.38285267
90,0.37141404
65,0.35690007
