detection_classes,detection_scores
44,0.9353764
90,0.71921754
44,0.4601719
15,0.34806177
