detection_classes,detection_scores
1,0.9810416
62,0.8227781
67,0.3859366
84,0.33112037
62,0.3122788
6,0.30644795
