detection_classes,detection_scores
44,0.8863247
1,0.48372802
44,0.40402496
2,0.3709346
89,0.36985236
