detection_classes,detection_scores
48,0.6559576
57,0.61497027
49,0.4318241
57,0.32436273
