detection_classes,detection_scores
4,0.98922753
89,0.423659
87,0.34475023
