detection_classes,detection_scores
65,0.47659847
62,0.32053134
15,0.31551468
