detection_classes,detection_scores
5,0.7093727
10,0.64775723
5,0.4597996
