detection_classes,detection_scores
62,0.96743894
62,0.5702016
81,0.3758474
