detection_classes,detection_scores
1,0.9950203
90,0.9791084
90,0.5904732
90,0.4508813
90,0.38094568
44,0.3553836
75,0.33365425
