detection_classes,detection_scores
62,0.95229936
90,0.6123532
39,0.5511435
84,0.48871124
84,0.48230842
90,0.4132623
90,0.39493835
90,0.34832707
