detection_classes,detection_scores
1,0.74067694
84,0.47285664
84,0.40752265
