detection_classes,detection_scores
1,0.9928733
90,0.6144982
50,0.5813488
