detection_classes,detection_scores
39,0.9418912
90,0.66873914
39,0.58853793
90,0.31424737
