detection_classes,detection_scores
1,0.99328667
1,0.8139985
90,0.6496175
62,0.38071394
1,0.35292572
