detection_classes,detection_scores
8,0.64326537
33,0.55606186
9,0.5180088
