detection_classes,detection_scores
86,0.70571566
86,0.37784317
84,0.303721
