detection_classes,detection_scores
44,0.7513822
89,0.42468923
5,0.33493564
