detection_classes,detection_scores
1,0.99801946
81,0.45251778
90,0.3922458
51,0.38192442
