detection_classes,detection_scores
10,0.9395672
62,0.6313416
14,0.3296339
