detection_classes,detection_scores
1,0.97200596
1,0.9647325
1,0.96107584
1,0.95311815
1,0.9443225
1,0.9417259
1,0.9399625
1,0.9059726
1,0.8919551
64,0.8886131
1,0.8408893
1,0.82545173
1,0.81915635
1,0.81425196
1,0.80622786
1,0.80086964
1,0.7918145
1,0.7851347
1,0.7697019
1,0.7526414
1,0.61174834
1,0.5472238
1,0.5458302
1,0.49067733
1,0.48494697
1,0.39546517
1,0.31950542
