detection_classes,detection_scores
1,0.9493584
28,0.8544019
1,0.8532145
28,0.7979072
1,0.7281592
1,0.7227736
1,0.7151109
1,0.6063197
1,0.5809202
1,0.56412834
1,0.55056655
1,0.5372671
1,0.4987764
1,0.48939404
1,0.44523472
1,0.40292007
1,0.38991964
1,0.38627046
1,0.37898588
1,0.33212498
1,0.32000744
1,0.31967306
1,0.31630346
