detection_classes,detection_scores
44,0.9850087
44,0.41542822
44,0.3048028
