detection_classes,detection_scores
62,0.7424455
62,0.54000556
84,0.43980548
