detection_classes,detection_scores
1,0.9279332
90,0.782371
35,0.40982363
