detection_classes,detection_scores
33,0.6791918
5,0.4394948
39,0.35199314
1,0.30341554
