detection_classes,detection_scores
64,0.97939
64,0.88421756
44,0.542328
15,0.48172793
44,0.33809325
44,0.3191803
44,0.31804782
