detection_classes,detection_scores
1,0.5461169
87,0.43205804
28,0.42633438
61,0.39850634
1,0.33832777
