detection_classes,detection_scores
1,0.99348867
1,0.84840614
1,0.39169618
