detection_classes,detection_scores
51,0.9196722
5,0.58083856
10,0.52706933
2,0.38887948
