detection_classes,detection_scores
4,0.6744961
35,0.36520883
2,0.35792938
