detection_classes,detection_scores
1,0.9978877
1,0.94697624
1,0.9376401
