detection_classes,detection_scores
1,0.9982414
44,0.9649653
44,0.66118217
79,0.43231294
44,0.36333436
