detection_classes,detection_scores
1,0.98454106
1,0.97455215
77,0.8711265
1,0.60839957
1,0.5302773
1,0.39940047
48,0.33948928
32,0.30936733
