detection_classes,detection_scores
49,0.663492
39,0.5915454
39,0.4744719
41,0.45917743
49,0.4432985
