detection_classes,detection_scores
84,0.7141081
84,0.46248633
47,0.3149603
