detection_classes,detection_scores
1,0.9627386
1,0.920594
1,0.80333966
44,0.7171739
65,0.3792101
