detection_classes,detection_scores
1,0.9993926
1,0.99920446
1,0.9985649
1,0.9900682
1,0.9867438
3,0.5428073
8,0.527553
