detection_classes,detection_scores
90,0.9277887
44,0.8092592
44,0.5896553
