detection_classes,detection_scores
1,0.9947167
70,0.9606286
62,0.47654516
70,0.3147289
