detection_classes,detection_scores
73,0.6217001
44,0.5422955
33,0.4640894
