detection_classes,detection_scores
39,0.9108834
1,0.7445342
39,0.64618397
35,0.63578415
2,0.4161655
44,0.35889187
