detection_classes,detection_scores
1,0.9983424
15,0.60466725
62,0.41049367
62,0.34929606
