detection_classes,detection_scores
1,0.996564
58,0.49416414
84,0.3296989
