detection_classes,detection_scores
16,0.90102
85,0.6820872
16,0.41138723
85,0.3040175
