detection_classes,detection_scores
1,0.9617294
1,0.9371958
1,0.89181924
2,0.8208275
1,0.5041892
1,0.30791792
