detection_classes,detection_scores
2,0.73801076
41,0.6325468
1,0.30119905
