detection_classes,detection_scores
90,0.96787274
90,0.45131522
38,0.30946174
