detection_classes,detection_scores
62,0.9227742
33,0.80905336
41,0.5382216
