detection_classes,detection_scores
1,0.9991767
1,0.99610835
64,0.899698
75,0.8946008
64,0.83536845
15,0.5608447
64,0.5394692
86,0.48368332
64,0.46709096
65,0.40259096
64,0.30947948
