detection_classes,detection_scores
5,0.9885642
62,0.3531666
2,0.31200343
