detection_classes,detection_scores
64,0.9027632
64,0.8776954
64,0.8334306
64,0.59262216
64,0.5838193
64,0.5114437
86,0.42175508
