detection_classes,detection_scores
1,0.9990601
62,0.9981452
62,0.99274045
62,0.36736444
