detection_classes,detection_scores
49,0.74543786
49,0.67887825
44,0.58751166
85,0.47798744
44,0.3976506
62,0.34105375
