detection_classes,detection_scores
62,0.9280418
79,0.85895056
62,0.614978
62,0.5428376
64,0.43345192
