detection_classes,detection_scores
47,0.8068431
47,0.739599
47,0.7340239
47,0.7293683
47,0.7150849
47,0.49032754
47,0.34856412
