detection_classes,detection_scores
76,0.9195069
76,0.46340325
76,0.32546875
