detection_classes,detection_scores
86,0.8590569
62,0.7544522
62,0.5575487
62,0.4396423
86,0.39687666
62,0.38791227
62,0.3769788
