detection_classes,detection_scores
15,0.751093
67,0.52331465
62,0.3558194
