detection_classes,detection_scores
1,0.9996251
1,0.7101194
1,0.6515681
2,0.37658584
40,0.33968556
