detection_classes,detection_scores
28,0.8342935
28,0.60883236
85,0.48996946
85,0.30445284
