detection_classes,detection_scores
41,0.88997006
44,0.865949
1,0.3054506
