detection_classes,detection_scores
62,0.9676389
5,0.7205128
41,0.71035206
2,0.6293743
4,0.51594365
73,0.4638597
33,0.38910085
3,0.3433333
