detection_classes,detection_scores
4,0.90511435
4,0.84120625
1,0.81271607
1,0.68369424
44,0.67823434
1,0.5094464
77,0.3977491
1,0.3775308
