detection_classes,detection_scores
1,0.66660297
62,0.44693714
5,0.4147495
