detection_classes,detection_scores
1,0.99650204
1,0.9948447
1,0.99336445
1,0.9930408
1,0.96500176
84,0.5003632
84,0.3479672
84,0.3364362
31,0.3357377
