detection_classes,detection_scores
84,0.8462298
3,0.4312906
44,0.3483646
62,0.34319746
