detection_classes,detection_scores
39,0.9117204
4,0.59754294
2,0.5542937
2,0.51571304
2,0.49371174
2,0.47232032
4,0.4627987
