detection_classes,detection_scores
3,0.6175737
85,0.4931284
2,0.4780794
