detection_classes,detection_scores
62,0.9722493
15,0.76906735
65,0.39250696
7,0.36824465
