detection_classes,detection_scores
1,0.9878896
90,0.96657425
1,0.95353913
1,0.85299104
62,0.35153
