detection_classes,detection_scores
64,0.81422645
62,0.599502
65,0.50050753
65,0.3249303
