detection_classes,detection_scores
1,0.9885578
87,0.96385807
1,0.8246864
