detection_classes,detection_scores
62,0.83885795
62,0.7921355
67,0.6592956
62,0.47055075
62,0.36543342
62,0.35785145
84,0.35318285
67,0.3340783
15,0.31245998
