detection_classes,detection_scores
41,0.8539534
41,0.7977665
35,0.46141922
36,0.4350432
36,0.33034217
35,0.31293222
