detection_classes,detection_scores
1,0.9963123
1,0.9777761
1,0.9359793
90,0.8642881
1,0.7979529
1,0.53659254
1,0.52442676
1,0.3036501
