detection_classes,detection_scores
15,0.99902797
15,0.88622844
62,0.53668594
15,0.32255918
