detection_classes,detection_scores
2,0.8582836
39,0.7590126
39,0.35437188
5,0.30982295
