detection_classes,detection_scores
41,0.44047603
28,0.40355244
5,0.38477516
