detection_classes,detection_scores
5,0.9644496
5,0.56002504
37,0.45260802
