detection_classes,detection_scores
62,0.85297674
62,0.82511795
62,0.73683286
62,0.6494291
33,0.6245345
62,0.5969505
62,0.5483565
62,0.49639642
62,0.4774473
62,0.43774685
62,0.4298757
62,0.38945377
62,0.38842145
84,0.3742913
62,0.36238015
62,0.35737517
62,0.3413041
33,0.31048805
62,0.3076868
62,0.3027804
