detection_classes,detection_scores
1,0.9700748
1,0.7722437
39,0.51087314
1,0.4733011
90,0.37228596
