detection_classes,detection_scores
1,0.98129153
60,0.8820973
1,0.6528281
49,0.5037985
90,0.452515
1,0.4451497
1,0.31183714
