detection_classes,detection_scores
62,0.9162983
62,0.90478563
62,0.7365381
62,0.55197453
62,0.5306855
64,0.34336177
64,0.33428225
