detection_classes,detection_scores
7,0.807019
8,0.7740346
47,0.4551529
8,0.43029785
