detection_classes,detection_scores
84,0.4646296
84,0.45081067
1,0.37188584
1,0.3622387
62,0.30922365
