detection_classes,detection_scores
86,0.5050767
49,0.46590304
85,0.32637644
