detection_classes,detection_scores
44,0.431484
84,0.34896204
84,0.3395649
