detection_classes,detection_scores
1,0.9986884
67,0.5323361
90,0.5208319
65,0.47666934
1,0.3546628
1,0.30627763
