detection_classes,detection_scores
15,0.6182198
65,0.6047833
1,0.43819207
15,0.3071391
