detection_classes,detection_scores
85,0.9936992
44,0.8902967
4,0.80222356
85,0.6461389
5,0.54184544
11,0.47939932
