detection_classes,detection_scores
44,0.49953142
62,0.42206976
85,0.41994902
49,0.32376882
