detection_classes,detection_scores
1,0.983213
48,0.6370371
90,0.4940814
50,0.47547954
