detection_classes,detection_scores
1,0.99976367
1,0.9992619
1,0.9951566
40,0.4411384
