detection_classes,detection_scores
1,0.9617797
1,0.7173366
89,0.44080007
