detection_classes,detection_scores
10,0.7217496
62,0.57155347
15,0.560784
62,0.41871524
