detection_classes,detection_scores
44,0.65177417
44,0.5642784
86,0.5634814
