detection_classes,detection_scores
65,0.49182817
62,0.42201805
84,0.3256509
