detection_classes,detection_scores
39,0.9761085
43,0.88128006
49,0.6339388
39,0.33275574
