detection_classes,detection_scores
5,0.70273143
28,0.3534757
62,0.33148187
