detection_classes,detection_scores
1,0.9960205
49,0.7674119
49,0.40681833
49,0.38800657
