detection_classes,detection_scores
1,0.9897406
1,0.3738968
81,0.33276448
