detection_classes,detection_scores
1,0.8877871
1,0.785401
1,0.772845
1,0.7359853
1,0.64006805
1,0.56188375
1,0.49479187
1,0.46127486
1,0.3986397
1,0.3167868
1,0.30347726
