detection_classes,detection_scores
75,0.9904598
3,0.4147183
14,0.34918663
7,0.3029895
