detection_classes,detection_scores
62,0.7119553
1,0.618723
62,0.52553946
82,0.34031957
