detection_classes,detection_scores
85,0.84962547
85,0.6797876
84,0.56990856
1,0.31715828
