detection_classes,detection_scores
1,0.9930367
1,0.979341
44,0.91737866
1,0.8983411
44,0.878187
44,0.86723465
1,0.74866575
1,0.73862463
44,0.67357713
44,0.65997946
1,0.49062848
44,0.46915233
44,0.428642
67,0.34680444
