detection_classes,detection_scores
1,0.96231186
85,0.39157566
79,0.3790298
