detection_classes,detection_scores
39,0.653543
44,0.60940886
90,0.35574135
