detection_classes,detection_scores
47,0.99302363
67,0.88794506
65,0.6764644
77,0.38534412
75,0.33553788
49,0.30380994
