detection_classes,detection_scores
11,0.58972985
11,0.5617924
11,0.52569234
4,0.37148997
10,0.3714448
14,0.36338153
