detection_classes,detection_scores
1,0.9761307
1,0.8409923
1,0.8215231
1,0.5979849
48,0.42969957
