detection_classes,detection_scores
1,0.9938239
87,0.961361
49,0.74162877
49,0.5430208
90,0.51981187
87,0.44299775
