detection_classes,detection_scores
39,0.963927
2,0.5960209
39,0.5690681
4,0.40441033
4,0.33233562
33,0.32572794
