detection_classes,detection_scores
1,0.9957712
1,0.9705977
1,0.93889606
