detection_classes,detection_scores
47,0.943969
47,0.75256443
51,0.3095546
