detection_classes,detection_scores
51,0.7427724
67,0.7003867
50,0.43631703
50,0.41578543
