detection_classes,detection_scores
39,0.8964534
1,0.64572287
1,0.566474
90,0.55710125
1,0.43314412
