detection_classes,detection_scores
1,0.8932652
43,0.630267
65,0.37283722
1,0.35650048
