detection_classes,detection_scores
44,0.78133845
90,0.6156155
39,0.30650714
