detection_classes,detection_scores
76,0.48755187
61,0.46728778
77,0.31277883
77,0.30375358
