detection_classes,detection_scores
67,0.86386824
2,0.8529345
89,0.57892245
64,0.33004078
