detection_classes,detection_scores
1,0.9987161
1,0.9820915
4,0.9720906
8,0.49578342
8,0.42485178
1,0.35908365
1,0.35652485
3,0.3341755
3,0.31405485
