detection_classes,detection_scores
39,0.50821835
90,0.47327852
39,0.3239339
49,0.310577
