detection_classes,detection_scores
49,0.83051497
39,0.51162654
49,0.4090355
