detection_classes,detection_scores
1,0.61242557
1,0.5029837
38,0.418722
1,0.40887666
36,0.34200573
