detection_classes,detection_scores
39,0.55185235
67,0.54406357
50,0.5294016
48,0.49773666
49,0.42011863
48,0.41250616
43,0.33636707
