detection_classes,detection_scores
1,0.9766738
65,0.5540598
90,0.5518521
