detection_classes,detection_scores
15,0.68892366
33,0.5625562
62,0.3337979
