detection_classes,detection_scores
57,0.71952283
39,0.4762237
57,0.4410188
57,0.4302035
67,0.31783763
