detection_classes,detection_scores
62,0.39358756
1,0.37571192
3,0.34945264
