detection_classes,detection_scores
76,0.8095064
79,0.42313465
15,0.4051024
79,0.35700074
