detection_classes,detection_scores
64,0.94247574
62,0.71074927
84,0.6316607
84,0.4330314
62,0.42932215
84,0.41503984
84,0.4076597
84,0.3577627
