detection_classes,detection_scores
1,0.8493666
44,0.83323646
1,0.56961274
1,0.52922636
67,0.39440775
67,0.33777195
1,0.30056417
