detection_classes,detection_scores
4,0.82301843
51,0.66751426
2,0.58342296
4,0.4602458
4,0.39024365
