detection_classes,detection_scores
84,0.76534915
84,0.72430813
84,0.6951186
84,0.65949506
84,0.54675144
84,0.5288753
65,0.40831378
