detection_classes,detection_scores
9,0.72897243
62,0.46883368
62,0.35968563
78,0.32175878
