detection_classes,detection_scores
10,0.9556826
44,0.762096
2,0.58552146
89,0.577986
4,0.40731874
4,0.31399146
