detection_classes,detection_scores
80,0.5046078
78,0.49179158
82,0.3998935
3,0.36869133
79,0.3576275
