detection_classes,detection_scores
43,0.6232842
43,0.45439765
90,0.38140172
51,0.3046984
