detection_classes,detection_scores
85,0.76834244
84,0.5724824
84,0.33980298
