detection_classes,detection_scores
1,0.9948559
1,0.92277175
1,0.8560316
1,0.8460805
1,0.79311216
1,0.72792435
1,0.53330207
1,0.36410078
