detection_classes,detection_scores
62,0.89209306
1,0.75404346
62,0.6853342
1,0.5168394
4,0.4271423
2,0.3454005
