detection_classes,detection_scores
10,0.76637596
44,0.7358033
1,0.7131609
44,0.6602377
1,0.5379532
3,0.5132759
1,0.3734031
1,0.35170972
1,0.3491205
44,0.33939725
1,0.31339258
1,0.30341825
1,0.30073923
