detection_classes,detection_scores
72,0.85823935
62,0.57084286
84,0.54912883
62,0.45640773
84,0.38418096
84,0.36480734
1,0.3282393
1,0.3235498
62,0.30169126
