detection_classes,detection_scores
2,0.7197519
5,0.67075413
5,0.6050928
7,0.3018396
