detection_classes,detection_scores
62,0.85646045
7,0.4357116
7,0.3674838
79,0.3327886
7,0.3269517
