detection_classes,detection_scores
85,0.80087733
37,0.53057617
72,0.3072756
