detection_classes,detection_scores
2,0.7633761
5,0.75011665
5,0.47509834
2,0.47232503
7,0.3538898
