detection_classes,detection_scores
1,0.99991393
5,0.811668
44,0.41633636
