detection_classes,detection_scores
81,0.9151327
44,0.7428354
37,0.43857342
44,0.31089088
