detection_classes,detection_scores
62,0.995466
1,0.9766849
1,0.73730695
2,0.62817645
53,0.5666815
15,0.31552675
