detection_classes,detection_scores
49,0.5895672
87,0.49539566
87,0.48681426
87,0.35616636
67,0.35214248
49,0.31418142
