detection_classes,detection_scores
1,0.88922
15,0.8205669
86,0.76312596
