detection_classes,detection_scores
57,0.56665343
57,0.5433457
58,0.39134803
57,0.3776959
57,0.3638904
57,0.31919435
