detection_classes,detection_scores
44,0.8140031
62,0.39206994
84,0.38337496
44,0.3040163
