detection_classes,detection_scores
44,0.6355081
37,0.5477009
90,0.5194824
84,0.4152661
