detection_classes,detection_scores
44,0.96284676
10,0.65857464
41,0.34935707
