detection_classes,detection_scores
73,0.9953264
1,0.992851
62,0.88547456
44,0.5121251
2,0.38462612
47,0.32103062
