detection_classes,detection_scores
33,0.7118904
44,0.6516054
15,0.30684868
