detection_classes,detection_scores
5,0.71945894
10,0.5156253
10,0.3458829
