detection_classes,detection_scores
14,0.9302105
11,0.5183291
4,0.4423705
89,0.37363434
