detection_classes,detection_scores
49,0.89945793
82,0.75264806
82,0.6762008
90,0.5341839
49,0.38919988
