detection_classes,detection_scores
42,0.5086614
90,0.43664408
42,0.42989781
