detection_classes,detection_scores
1,0.77131456
65,0.44487715
1,0.32118025
