detection_classes,detection_scores
65,0.385123
84,0.384308
44,0.3177546
62,0.30421767
