detection_classes,detection_scores
72,0.93159544
74,0.6435314
2,0.61882406
47,0.5563087
62,0.53985476
5,0.5288513
76,0.4874657
