detection_classes,detection_scores
51,0.86443967
65,0.6098243
73,0.42621347
