detection_classes,detection_scores
1,0.9880896
61,0.969873
1,0.93093896
1,0.61951005
67,0.48448396
1,0.43646502
