detection_classes,detection_scores
5,0.99124473
41,0.6294034
62,0.6198255
39,0.4743879
15,0.3618291
