detection_classes,detection_scores
1,0.9743653
1,0.9626547
1,0.9619631
90,0.8314584
65,0.77262837
49,0.4977567
49,0.3286517
87,0.30870438
