detection_classes,detection_scores
1,0.9854408
1,0.9833944
33,0.69856554
84,0.673421
84,0.4149818
