detection_classes,detection_scores
61,0.9040822
16,0.7294573
67,0.40364972
