detection_classes,detection_scores
1,0.99770844
47,0.9591931
1,0.8784823
1,0.8409936
90,0.737646
1,0.47232413
1,0.4261167
