detection_classes,detection_scores
84,0.9145759
39,0.6559534
84,0.60494536
