detection_classes,detection_scores
62,0.4699953
62,0.37355027
62,0.36662737
