detection_classes,detection_scores
28,0.79348886
28,0.60505456
49,0.53751916
87,0.42049855
90,0.41606298
90,0.32416666
