detection_classes,detection_scores
1,0.9779008
18,0.9695504
1,0.8713839
1,0.69433206
1,0.63075477
1,0.5803524
87,0.5660648
1,0.558596
49,0.5186661
33,0.35127026
