detection_classes,detection_scores
1,0.95951647
65,0.6886945
65,0.55977714
63,0.49600634
1,0.48537987
65,0.48508584
65,0.35589904
