detection_classes,detection_scores
47,0.7592889
47,0.6884801
86,0.45756376
47,0.38552886
