detection_classes,detection_scores
1,0.9846732
77,0.97265744
44,0.8706779
67,0.6682167
47,0.4515339
32,0.36684445
47,0.321798
44,0.30722952
