detection_classes,detection_scores
67,0.9422223
47,0.93002325
75,0.87263256
48,0.8279042
