detection_classes,detection_scores
75,0.9034516
2,0.8117971
4,0.46304226
89,0.42228207
