detection_classes,detection_scores
41,0.83770955
44,0.8109917
5,0.76219314
44,0.40257138
