detection_classes,detection_scores
1,0.696866
2,0.3930127
28,0.3592567
36,0.3122083
