detection_classes,detection_scores
1,0.989321
1,0.93752205
1,0.9243258
1,0.845371
1,0.6993885
1,0.68628097
1,0.52655464
