detection_classes,detection_scores
70,0.9930306
11,0.8192474
70,0.5850847
70,0.5741544
44,0.4860162
44,0.47362098
