detection_classes,detection_scores
1,0.9983463
8,0.88754344
1,0.7853433
1,0.7726153
8,0.6415993
5,0.63806313
62,0.59508836
33,0.50512445
27,0.34905598
