detection_classes,detection_scores
42,0.79445696
42,0.78414935
42,0.6764465
42,0.63070303
42,0.4996639
39,0.47693893
42,0.440333
42,0.40304822
42,0.36526993
42,0.31705314
42,0.30744466
