detection_classes,detection_scores
90,0.5040139
84,0.3094152
84,0.30250147
