detection_classes,detection_scores
5,0.5904425
28,0.58988273
5,0.543621
35,0.513445
10,0.3393899
