detection_classes,detection_scores
1,0.9818746
74,0.9394021
1,0.92700475
1,0.9147714
1,0.7298067
90,0.6997434
1,0.5303908
16,0.43842903
44,0.39842942
84,0.3677648
1,0.34124613
1,0.30863884
