detection_classes,detection_scores
67,0.875632
65,0.56751025
65,0.34855822
62,0.3298817
47,0.32108065
