detection_classes,detection_scores
90,0.5900813
17,0.5592368
90,0.34892604
