detection_classes,detection_scores
4,0.92116386
4,0.8944434
4,0.66856694
11,0.3427427
