detection_classes,detection_scores
58,0.9935495
58,0.9926432
58,0.9861004
58,0.98606604
58,0.9829548
58,0.98093307
58,0.9085479
58,0.90322137
58,0.8228186
58,0.6675287
