detection_classes,detection_scores
1,0.8655688
1,0.77413654
1,0.7524985
1,0.69942224
1,0.6694659
1,0.58985287
1,0.5884094
1,0.5792335
1,0.57825744
1,0.5736379
1,0.51358837
1,0.48201898
1,0.47864464
1,0.47445968
1,0.46335244
1,0.46135306
1,0.42551208
1,0.39660662
1,0.3899513
1,0.3021189
1,0.300357
