detection_classes,detection_scores
47,0.6954734
52,0.5123518
3,0.3446858
90,0.3294554
90,0.31149074
