detection_classes,detection_scores
3,0.50422764
3,0.39672422
15,0.38014716
