detection_classes,detection_scores
86,0.92299825
64,0.8466453
64,0.6155425
84,0.5725605
64,0.5423083
44,0.48070493
86,0.3205697
