detection_classes,detection_scores
47,0.91100144
47,0.7624553
47,0.73807126
86,0.65553504
47,0.60197663
44,0.5762686
44,0.5313319
44,0.4294229
44,0.4080834
44,0.35227218
49,0.35207668
49,0.32357395
