detection_classes,detection_scores
75,0.88541794
44,0.6070787
44,0.509727
85,0.5059961
61,0.37784654
76,0.3662639
