detection_classes,detection_scores
1,0.99821764
1,0.9891529
1,0.97116417
1,0.92648107
1,0.86625206
1,0.8411785
1,0.83109564
1,0.7992679
1,0.77708477
1,0.6508511
73,0.52534676
1,0.5216048
62,0.48648033
1,0.46842924
1,0.3997194
1,0.3808389
39,0.37015513
1,0.3004359
