detection_classes,detection_scores
15,0.7892021
84,0.5110529
62,0.34045014
