detection_classes,detection_scores
50,0.6689164
90,0.4935288
65,0.30276114
