detection_classes,detection_scores
1,0.98901117
1,0.95565546
90,0.9358925
77,0.93197095
77,0.9263061
1,0.9193896
1,0.9015754
77,0.847256
1,0.74122554
90,0.3322698
