detection_classes,detection_scores
1,0.99807465
11,0.97612053
85,0.97000265
62,0.716034
42,0.55726427
7,0.44977224
62,0.37098375
