detection_classes,detection_scores
90,0.74975806
90,0.4332204
42,0.39705914
90,0.3969634
90,0.32455996
42,0.30398425
