detection_classes,detection_scores
10,0.8853009
10,0.841347
10,0.5989504
10,0.5491074
10,0.39072567
