detection_classes,detection_scores
67,0.53584105
1,0.4793427
47,0.39912263
80,0.36345863
47,0.32807338
47,0.31626928
