detection_classes,detection_scores
84,0.84364945
73,0.5117274
82,0.40557665
33,0.36211205
84,0.34877023
48,0.330603
49,0.31765112
50,0.31333482
