detection_classes,detection_scores
1,0.9843253
1,0.95426905
1,0.76515704
1,0.68074054
47,0.5822811
