detection_classes,detection_scores
1,0.86886984
50,0.734914
65,0.68633294
50,0.42365596
