detection_classes,detection_scores
1,0.9988342
90,0.66986036
47,0.5374685
