detection_classes,detection_scores
84,0.9493766
84,0.7606714
84,0.63754207
