detection_classes,detection_scores
84,0.6912151
84,0.5361173
61,0.38081667
37,0.3693447
