detection_classes,detection_scores
49,0.62969995
87,0.41302615
1,0.3119612
