detection_classes,detection_scores
60,0.35872605
47,0.3549471
84,0.3454272
