detection_classes,detection_scores
5,0.7965187
5,0.5797215
7,0.34535325
