detection_classes,detection_scores
1,0.9629885
1,0.95579123
1,0.94755954
1,0.9291237
1,0.84922343
1,0.8279612
1,0.8031268
1,0.79186875
1,0.7767528
84,0.71056324
1,0.63203794
1,0.55320895
1,0.4783834
1,0.43946275
1,0.3737247
