detection_classes,detection_scores
2,0.7017847
62,0.4649005
7,0.4583002
11,0.3354229
