detection_classes,detection_scores
62,0.52620566
62,0.43846357
72,0.3425102
62,0.34025887
62,0.30764878
62,0.30216533
