detection_classes,detection_scores
77,0.68647027
1,0.6740827
33,0.45694673
5,0.4490947
9,0.44517758
