detection_classes,detection_scores
38,0.58135605
42,0.55915743
90,0.51641923
38,0.40916696
