detection_classes,detection_scores
77,0.66605574
87,0.3785527
73,0.37785357
77,0.34679598
41,0.33948365
