detection_classes,detection_scores
84,0.88015187
49,0.39037672
84,0.33801538
84,0.33152112
44,0.32064646
84,0.31543022
84,0.31158122
