detection_classes,detection_scores
7,0.46036175
8,0.41674042
85,0.30327323
