detection_classes,detection_scores
1,0.8669439
64,0.85421944
64,0.7707494
86,0.7138564
1,0.6772619
11,0.3874188
1,0.37936595
