detection_classes,detection_scores
67,0.9305498
7,0.67420447
86,0.47472128
15,0.44634905
87,0.3433404
