detection_classes,detection_scores
86,0.6881398
10,0.47584644
86,0.39599448
86,0.34377423
