detection_classes,detection_scores
1,0.98715776
65,0.9321371
1,0.78717047
