detection_classes,detection_scores
1,0.99876773
27,0.5248396
1,0.46226677
5,0.34751084
