detection_classes,detection_scores
62,0.9127506
62,0.8618127
15,0.7110189
67,0.43983364
