detection_classes,detection_scores
62,0.9241582
2,0.5954166
28,0.5201665
28,0.5178905
70,0.4562907
14,0.30763337
1,0.30745324
