detection_classes,detection_scores
10,0.8321751
11,0.5842233
10,0.4049205
