detection_classes,detection_scores
62,0.99579984
1,0.6697776
62,0.5567275
15,0.52004236
84,0.33251584
