detection_classes,detection_scores
44,0.98858196
44,0.5399845
90,0.49670556
