detection_classes,detection_scores
1,0.9996939
1,0.9933843
1,0.62046677
1,0.45131105
80,0.41664588
65,0.3661875
