detection_classes,detection_scores
4,0.9413727
70,0.4638553
75,0.45402685
62,0.43198904
