detection_classes,detection_scores
90,0.7171103
14,0.47778472
39,0.4098839
