detection_classes,detection_scores
77,0.7892756
4,0.71543944
44,0.34239277
