detection_classes,detection_scores
9,0.5439281
9,0.3997915
9,0.36624187
9,0.36544254
1,0.32631665
