detection_classes,detection_scores
1,0.99757725
1,0.986767
1,0.96773905
1,0.8612881
1,0.8021366
44,0.7906415
1,0.42809445
1,0.32440382
