detection_classes,detection_scores
62,0.8629766
62,0.84955055
62,0.81248707
62,0.7545141
1,0.67198765
1,0.61854684
62,0.58800423
1,0.5747552
62,0.5679767
62,0.5217486
1,0.49837515
1,0.4900495
62,0.48548698
62,0.44087633
62,0.4405063
62,0.42563212
62,0.40214002
1,0.3783038
1,0.35242856
62,0.33307493
62,0.3307574
62,0.31850606
