detection_classes,detection_scores
1,0.93310165
44,0.8001489
8,0.73338
