detection_classes,detection_scores
1,0.98112625
7,0.83596504
62,0.6421471
15,0.4764365
62,0.4392186
3,0.32310537
62,0.3183098
