detection_classes,detection_scores
1,0.99715793
1,0.9171471
87,0.913364
28,0.39513823
87,0.35208067
87,0.33177924
48,0.31170392
