detection_classes,detection_scores
5,0.9402447
5,0.6755611
4,0.39856556
