detection_classes,detection_scores
44,0.822205
90,0.68855506
39,0.34488127
90,0.32513443
