detection_classes,detection_scores
62,0.8839734
44,0.79492867
44,0.7320922
44,0.6410712
62,0.36211044
44,0.35257107
17,0.30395007
