detection_classes,detection_scores
85,0.7001114
64,0.47292548
64,0.363601
