detection_classes,detection_scores
1,0.851224
10,0.62283266
5,0.42347598
