detection_classes,detection_scores
3,0.7164357
8,0.56813306
3,0.5393754
7,0.32515964
