detection_classes,detection_scores
85,0.9893261
3,0.9454487
3,0.5744695
10,0.33655414
