detection_classes,detection_scores
81,0.6523905
2,0.5604162
4,0.48687595
43,0.33680075
