detection_classes,detection_scores
62,0.82887304
41,0.58495194
15,0.54630893
11,0.4912364
62,0.363611
15,0.3128209
