detection_classes,detection_scores
64,0.8034457
15,0.6929001
15,0.49960512
62,0.4280466
