detection_classes,detection_scores
7,0.719148
47,0.566494
86,0.560231
84,0.53940505
47,0.5297227
47,0.4996008
86,0.3912144
44,0.34686393
84,0.33746764
39,0.32491258
47,0.31403792
