detection_classes,detection_scores
42,0.88693744
49,0.7458452
42,0.69315207
42,0.63623387
42,0.60012645
49,0.5366085
42,0.38492715
42,0.32346988
49,0.30110103
