detection_classes,detection_scores
62,0.9708007
61,0.47544202
59,0.45984408
60,0.366464
