detection_classes,detection_scores
1,0.99415046
1,0.7929036
19,0.44375882
77,0.3714422
