detection_classes,detection_scores
77,0.7353865
75,0.6628597
11,0.588583
10,0.4154853
2,0.30811897
