detection_classes,detection_scores
47,0.49192637
46,0.48588392
86,0.32917103
