detection_classes,detection_scores
67,0.62912935
47,0.5597677
44,0.41136718
44,0.3101067
