detection_classes,detection_scores
47,0.86444724
1,0.551747
44,0.44764462
51,0.3454797
67,0.34000063
