detection_classes,detection_scores
16,0.89017475
11,0.47332108
10,0.40152508
4,0.3812191
10,0.3746855
10,0.3702204
10,0.31502154
