detection_classes,detection_scores
82,0.7255076
82,0.6142303
84,0.50970966
79,0.33252624
