detection_classes,detection_scores
46,0.93969125
1,0.6917099
1,0.55436784
46,0.3661215
1,0.36498734
