detection_classes,detection_scores
64,0.98581624
67,0.95032066
64,0.66617805
62,0.58104295
64,0.50634193
86,0.49570206
62,0.40366384
64,0.33567742
62,0.32348618
