detection_classes,detection_scores
1,0.99102587
3,0.97395235
41,0.8630053
15,0.5562207
33,0.34953573
