detection_classes,detection_scores
1,0.983275
1,0.95016104
1,0.8274642
1,0.7309376
1,0.72882086
44,0.6931746
90,0.6728991
1,0.5015209
44,0.42284772
90,0.42123145
