detection_classes,detection_scores
78,0.66412055
5,0.54748845
80,0.5003759
