detection_classes,detection_scores
64,0.9544835
64,0.87566173
86,0.6301659
15,0.42325044
62,0.3801746
84,0.36791867
