detection_classes,detection_scores
44,0.72196513
44,0.6053713
44,0.5568718
44,0.48244333
44,0.42595348
44,0.3521228
44,0.3313305
44,0.32989728
44,0.30311334
