detection_classes,detection_scores
62,0.9744349
62,0.94543654
62,0.9198399
62,0.7615077
62,0.62896544
62,0.4860872
62,0.45127168
62,0.44839936
62,0.30847716
