detection_classes,detection_scores
27,0.7130439
5,0.50991225
2,0.45015863
41,0.37169623
