detection_classes,detection_scores
62,0.47313505
2,0.34112948
70,0.31854874
