detection_classes,detection_scores
62,0.75303197
62,0.6383667
62,0.63229656
62,0.6144554
62,0.54470265
62,0.5291729
