detection_classes,detection_scores
2,0.6353556
28,0.50214803
62,0.45043612
28,0.33628902
64,0.33605033
62,0.328656
44,0.32556564
85,0.30340743
