detection_classes,detection_scores
85,0.99753296
1,0.89757544
1,0.86188173
1,0.39246163
1,0.34895438
