detection_classes,detection_scores
1,0.98396134
1,0.9429565
65,0.68182105
1,0.39000165
