detection_classes,detection_scores
41,0.5589747
2,0.3436576
4,0.32320765
