detection_classes,detection_scores
44,0.8287033
10,0.4738947
5,0.40625766
