detection_classes,detection_scores
43,0.6277047
65,0.398915
65,0.31023315
