detection_classes,detection_scores
62,0.7644919
65,0.39114884
62,0.318058
