detection_classes,detection_scores
4,0.90536493
89,0.63395035
1,0.4618002
4,0.41795862
