detection_classes,detection_scores
85,0.91071457
49,0.5616215
84,0.4661354
1,0.40150094
84,0.37652633
84,0.3038782
