detection_classes,detection_scores
62,0.9750029
62,0.79660106
62,0.67987347
65,0.3950804
62,0.33111957
