detection_classes,detection_scores
44,0.70384127
44,0.6468024
44,0.5824871
49,0.5370976
84,0.3891474
86,0.3777313
86,0.36577278
