detection_classes,detection_scores
1,0.9952396
5,0.69942576
81,0.5586286
65,0.38125166
81,0.33319473
65,0.3167244
