detection_classes,detection_scores
1,0.8925873
1,0.68365043
62,0.36338452
62,0.30653325
