detection_classes,detection_scores
39,0.89803994
39,0.70087755
39,0.6587286
35,0.45900723
