detection_classes,detection_scores
49,0.57520837
49,0.48000497
87,0.39792103
