detection_classes,detection_scores
28,0.4373961
43,0.4155036
34,0.3440097
