detection_classes,detection_scores
90,0.7152749
90,0.47908008
85,0.32374182
