detection_classes,detection_scores
89,0.73352563
11,0.63277006
75,0.45733976
