detection_classes,detection_scores
1,0.9965544
62,0.7624357
62,0.6499905
65,0.36447197
62,0.31991038
