detection_classes,detection_scores
10,0.9327812
10,0.47837853
1,0.3392503
