detection_classes,detection_scores
41,0.739677
4,0.7175893
10,0.62884474
77,0.49640706
10,0.34912926
