detection_classes,detection_scores
2,0.56859094
1,0.3160668
41,0.31417286
