detection_classes,detection_scores
49,0.91865176
15,0.4306359
1,0.3930926
49,0.34685123
15,0.30331716
