detection_classes,detection_scores
65,0.9583266
39,0.7811383
65,0.49470758
32,0.48425052
39,0.41883063
65,0.41655672
65,0.32086304
