detection_classes,detection_scores
1,0.9995846
84,0.98782885
1,0.9581012
1,0.9029997
1,0.8139396
62,0.5335631
1,0.4329752
