detection_classes,detection_scores
1,0.99980515
37,0.9963762
39,0.7353521
1,0.35773268
