detection_classes,detection_scores
63,0.9216226
72,0.83191127
37,0.8084414
67,0.718343
55,0.5542945
63,0.37672183
65,0.34463388
