detection_classes,detection_scores
67,0.8544394
62,0.3799117
67,0.3656902
37,0.34238768
