detection_classes,detection_scores
61,0.4321429
37,0.3368626
55,0.3086436
