detection_classes,detection_scores
37,0.981061
2,0.7907673
53,0.31683645
