detection_classes,detection_scores
74,0.6592727
90,0.6214058
67,0.5254929
89,0.40999243
