detection_classes,detection_scores
1,0.99954826
64,0.73230106
64,0.36009014
64,0.33988726
