detection_classes,detection_scores
1,0.998453
47,0.99704176
47,0.9959104
1,0.9760765
1,0.89404213
1,0.6413457
1,0.6181779
1,0.46570253
