detection_classes,detection_scores
37,0.77624184
4,0.327691
41,0.31703463
