detection_classes,detection_scores
1,0.9970054
51,0.9685615
70,0.32196003
