detection_classes,detection_scores
86,0.6991914
74,0.5978832
47,0.38160288
