detection_classes,detection_scores
53,0.9422004
67,0.5980749
86,0.5351102
51,0.37464288
