detection_classes,detection_scores
1,0.9958062
62,0.98542666
37,0.9413035
1,0.8668268
37,0.8456431
62,0.68326694
34,0.61911273
37,0.45641157
74,0.3408555
67,0.31389013
