detection_classes,detection_scores
1,0.99942124
37,0.91286284
37,0.7801161
55,0.7293264
37,0.33482614
62,0.30373234
