detection_classes,detection_scores
1,0.9998832
1,0.86124885
1,0.8000057
64,0.4791304
1,0.37938195
