detection_classes,detection_scores
37,0.997682
41,0.9607434
41,0.83825225
37,0.811094
47,0.48234147
37,0.45820218
37,0.44179988
37,0.4050591
37,0.37433895
41,0.32955834
