detection_classes,detection_scores
14,0.8480138
36,0.57123244
38,0.4166774
13,0.3748735
