detection_classes,detection_scores
55,0.82592916
55,0.680686
55,0.6213826
37,0.5105247
55,0.4885247
37,0.4692406
55,0.45995495
37,0.4385432
55,0.4219412
37,0.4055103
37,0.39767194
53,0.36083487
37,0.33545977
37,0.33532813
