detection_classes,detection_scores
37,0.98548394
1,0.65430427
67,0.58639944
53,0.46303183
55,0.43368524
1,0.37943268
37,0.33620477
