detection_classes,detection_scores
37,0.73242074
1,0.68380976
51,0.4617055
37,0.38944653
1,0.3182429
