detection_classes,detection_scores
13,0.59695286
82,0.543054
33,0.36390343
