detection_classes,detection_scores
1,0.9790871
74,0.8310089
81,0.7839809
37,0.33304697
37,0.3274635
