detection_classes,detection_scores
1,0.990413
39,0.97434574
37,0.9513596
1,0.8815648
39,0.85850626
37,0.85618335
37,0.66853637
39,0.5725364
1,0.38798442
