detection_classes,detection_scores
1,0.9983759
1,0.9975908
1,0.49884397
