detection_classes,detection_scores
37,0.9029129
53,0.7824366
1,0.6224093
37,0.52607
55,0.4253568
55,0.39789242
67,0.39037138
53,0.37821642
37,0.31537747
