detection_classes,detection_scores
1,0.9983109
44,0.99095273
44,0.9906729
44,0.7888973
1,0.48768178
47,0.47824323
64,0.3133999
