detection_classes,detection_scores
74,0.83899367
44,0.72005403
39,0.5765343
90,0.5228787
37,0.48426506
