detection_classes,detection_scores
1,0.99751747
34,0.827163
84,0.4043669
37,0.3684267
