detection_classes,detection_scores
62,0.9907548
1,0.9890792
1,0.9877787
1,0.9845185
1,0.91568786
1,0.86049426
1,0.7243187
62,0.535345
1,0.49444246
62,0.46361074
62,0.40405673
1,0.37664077
1,0.32993177
