detection_classes,detection_scores
1,0.98974913
16,0.34342444
38,0.33156934
