detection_classes,detection_scores
89,0.8069636
89,0.5571284
90,0.5042946
