detection_classes,detection_scores
67,0.5257291
53,0.3811366
57,0.32014018
