detection_classes,detection_scores
44,0.9990128
1,0.99621993
1,0.99548066
37,0.85960925
37,0.8448151
1,0.47082558
44,0.31143406
