detection_classes,detection_scores
50,0.561446
53,0.5348528
37,0.5292888
53,0.4990263
37,0.42910606
55,0.39548457
61,0.33421853
90,0.32793516
53,0.31445876
37,0.3124616
53,0.311738
