detection_classes,detection_scores
37,0.95713884
37,0.90639216
37,0.81756544
10,0.7737495
41,0.6030132
62,0.43172088
37,0.3357831
37,0.3024799
