detection_classes,detection_scores
37,0.974099
37,0.9677123
67,0.47404632
37,0.4524827
