detection_classes,detection_scores
55,0.8562862
67,0.8482814
55,0.614295
55,0.3675862
