detection_classes,detection_scores
1,0.99990404
1,0.6650711
1,0.33901402
