detection_classes,detection_scores
1,0.99347055
37,0.8533944
37,0.82949734
1,0.303935
