detection_classes,detection_scores
44,0.96594393
44,0.59053254
74,0.4196232
37,0.3953815
37,0.37761906
53,0.35982373
