detection_classes,detection_scores
53,0.93685627
1,0.45043188
1,0.35543194
1,0.30884954
