detection_classes,detection_scores
72,0.56363666
73,0.4202264
72,0.39998525
