detection_classes,detection_scores
37,0.98145926
37,0.89216554
10,0.84262455
1,0.54732066
37,0.53365695
47,0.3909212
