detection_classes,detection_scores
15,0.72291505
55,0.60058546
1,0.54836607
90,0.40318903
