detection_classes,detection_scores
44,0.8848199
90,0.658472
67,0.5244392
53,0.306819
