detection_classes,detection_scores
1,0.8772848
44,0.8302854
28,0.5689016
74,0.5413703
1,0.47351652
67,0.37437552
37,0.31420958
