detection_classes,detection_scores
51,0.8874751
37,0.7806602
67,0.7118971
37,0.5711516
67,0.3464684
