detection_classes,detection_scores
37,0.9401294
67,0.5396815
53,0.32295695
