detection_classes,detection_scores
65,0.53947324
1,0.50494385
1,0.43597105
85,0.42840654
27,0.31055406
