detection_classes,detection_scores
1,0.9345576
1,0.91682464
53,0.7503994
62,0.4969468
53,0.35272488
55,0.32528883
