detection_classes,detection_scores
1,0.999468
37,0.8363664
62,0.63296384
62,0.4988108
44,0.46765044
1,0.44157207
53,0.42158842
8,0.38730127
62,0.35696122
89,0.34719357
