detection_classes,detection_scores
37,0.9964809
37,0.9947523
37,0.97599924
37,0.9331728
37,0.8090443
53,0.76995844
37,0.730643
37,0.63838714
1,0.41952613
67,0.40755394
84,0.35651073
53,0.31429064
