detection_classes,detection_scores
37,0.74139434
37,0.7171494
89,0.35261372
