detection_classes,detection_scores
37,0.95177406
86,0.8579401
67,0.81551236
87,0.6398097
53,0.41186616
51,0.38738212
67,0.34627515
74,0.30045766
