detection_classes,detection_scores
37,0.9958359
37,0.99578434
37,0.994212
37,0.993554
37,0.9790541
37,0.9700547
37,0.9473767
1,0.9429511
3,0.9322126
37,0.90709805
55,0.7041575
62,0.6660042
62,0.43166214
81,0.41170725
