detection_classes,detection_scores
77,0.70055485
32,0.6945817
65,0.6850733
31,0.68126386
32,0.46587798
31,0.42718998
28,0.33510032
