detection_classes,detection_scores
53,0.7669256
55,0.756491
55,0.6146338
53,0.5659703
51,0.47549292
86,0.33878452
51,0.3367881
