detection_classes,detection_scores
53,0.93881494
74,0.9231738
86,0.66192424
67,0.31679782
