detection_classes,detection_scores
37,0.9635494
53,0.6153712
37,0.35439116
