detection_classes,detection_scores
67,0.82782817
53,0.47108772
51,0.36980712
