detection_classes,detection_scores
1,0.99609756
1,0.80597293
65,0.54225856
31,0.5296192
61,0.40991047
62,0.39460742
62,0.37181556
65,0.34953502
62,0.34336698
63,0.3083576
