detection_classes,detection_scores
37,0.8294308
37,0.81031567
37,0.71744025
86,0.5380472
81,0.4151631
