detection_classes,detection_scores
1,0.99911124
1,0.9737587
63,0.822379
62,0.6151522
63,0.48767307
65,0.3833116
62,0.37237954
