detection_classes,detection_scores
47,0.9433778
73,0.8394083
53,0.5540327
47,0.54477143
55,0.44111922
60,0.42805228
61,0.30118278
