detection_classes,detection_scores
1,0.99905866
62,0.65019715
60,0.47418514
72,0.4238205
61,0.4084456
73,0.39234757
62,0.32866973
