detection_classes,detection_scores
1,0.9990941
37,0.95614237
37,0.9375205
37,0.8590722
37,0.77483
9,0.6765201
33,0.5439697
1,0.43251708
