detection_classes,detection_scores
18,0.9990102
37,0.92963266
74,0.7522778
73,0.7261361
37,0.5855595
37,0.5010528
