detection_classes,detection_scores
53,0.9459841
37,0.8406561
53,0.69583005
53,0.5745722
37,0.5275746
53,0.48434597
74,0.46525726
55,0.39810342
37,0.3912175
53,0.36150587
53,0.33072737
53,0.32855552
53,0.3282584
55,0.31296736
53,0.30797726
53,0.30064958
