detection_classes,detection_scores
37,0.761251
37,0.5527284
53,0.49005967
