detection_classes,detection_scores
1,0.9914892
37,0.9722716
64,0.9550004
37,0.86938256
64,0.815135
1,0.7715753
64,0.5062733
