detection_classes,detection_scores
1,0.996977
37,0.9924489
53,0.7847635
44,0.5316504
37,0.43978894
67,0.42120957
