detection_classes,detection_scores
1,0.9994567
1,0.48895022
1,0.3500633
