detection_classes,detection_scores
74,0.82238185
90,0.7996685
89,0.76875967
89,0.37407497
74,0.31643298
