detection_classes,detection_scores
65,0.8235648
67,0.42670196
32,0.3162133
