detection_classes,detection_scores
37,0.99760497
37,0.9936659
37,0.984195
37,0.6509054
37,0.54692656
37,0.53805363
67,0.444611
53,0.37316948
