detection_classes,detection_scores
53,0.7470339
51,0.6910563
67,0.6686429
51,0.37628293
55,0.3094887
