detection_classes,detection_scores
32,0.8656047
1,0.8421055
32,0.6096051
