detection_classes,detection_scores
67,0.8179522
89,0.38060364
47,0.35289103
51,0.34802118
49,0.33719257
67,0.3301703
