detection_classes,detection_scores
37,0.98604625
37,0.9645454
1,0.9584735
1,0.79496104
37,0.7739035
86,0.64136386
67,0.41129503
