detection_classes,detection_scores
37,0.9840941
86,0.9674888
37,0.9335821
67,0.7412239
67,0.32980898
53,0.320648
