detection_classes,detection_scores
1,0.99972206
62,0.94950694
37,0.93761367
62,0.9158154
86,0.8896543
37,0.71190685
1,0.6511811
34,0.63248616
62,0.60260826
35,0.5059791
37,0.44974515
53,0.4080066
62,0.39851367
