detection_classes,detection_scores
1,0.9990798
37,0.99879116
37,0.9872141
53,0.9049222
37,0.56060195
33,0.32456288
