detection_classes,detection_scores
41,0.93358433
37,0.9326898
37,0.87232864
1,0.84631735
37,0.8356073
37,0.8308091
37,0.82396376
37,0.6638715
37,0.60050166
72,0.38386542
37,0.35139987
67,0.3065777
