detection_classes,detection_scores
37,0.9761135
38,0.9094846
37,0.7944746
10,0.6828386
38,0.671333
34,0.59133357
37,0.4168438
10,0.32634306
