detection_classes,detection_scores
31,0.9444778
10,0.781356
31,0.5872996
65,0.4018917
