detection_classes,detection_scores
1,0.92871386
61,0.6602002
90,0.57860065
