detection_classes,detection_scores
1,0.9987143
1,0.49613717
28,0.40728307
