detection_classes,detection_scores
65,0.88992864
77,0.5210827
1,0.43509522
65,0.34141546
