detection_classes,detection_scores
1,0.9996569
1,0.9989711
31,0.56215227
