detection_classes,detection_scores
1,0.99973613
1,0.9992951
62,0.3268981
