detection_classes,detection_scores
86,0.46166632
67,0.4137433
37,0.36531392
53,0.30673814
51,0.30439037
