detection_classes,detection_scores
1,0.9964741
37,0.9960563
1,0.99290246
1,0.9843382
37,0.9760181
1,0.9212462
1,0.89707506
37,0.75498486
39,0.56932217
10,0.5112137
10,0.43156338
10,0.40832213
