detection_classes,detection_scores
44,0.7721547
86,0.439465
67,0.37760335
37,0.33230913
