detection_classes,detection_scores
1,0.9991997
37,0.99564326
37,0.9944648
37,0.5952745
37,0.47832066
41,0.39565152
62,0.39121246
37,0.34831747
