detection_classes,detection_scores
37,0.9321012
74,0.8279199
74,0.39696437
