detection_classes,detection_scores
53,0.82577103
53,0.46090886
86,0.4595854
55,0.39709076
50,0.38276497
53,0.3775212
53,0.33900613
53,0.33081418
