detection_classes,detection_scores
37,0.9935713
37,0.88615
37,0.8639306
15,0.5470975
15,0.41620424
67,0.33457133
