detection_classes,detection_scores
53,0.8627244
37,0.81730235
55,0.6238951
37,0.5665194
53,0.39236432
74,0.35104743
53,0.31222987
