detection_classes,detection_scores
53,0.97145396
53,0.79278225
53,0.7105751
53,0.61080396
67,0.598028
53,0.54792476
53,0.44717574
67,0.44259244
37,0.3274315
