detection_classes,detection_scores
1,0.9981735
1,0.98871475
37,0.958652
37,0.952313
1,0.82374936
37,0.8163264
1,0.7742871
37,0.54547906
37,0.53308743
62,0.42769274
1,0.32846466
62,0.32330096
