detection_classes,detection_scores
65,0.7544442
28,0.5941492
1,0.3954157
