detection_classes,detection_scores
37,0.94261986
37,0.91327024
37,0.9059463
53,0.825801
64,0.43744147
