detection_classes,detection_scores
90,0.8796715
44,0.6632332
86,0.59294605
11,0.4135003
