detection_classes,detection_scores
74,0.6581789
53,0.39281824
74,0.37948847
61,0.34731388
53,0.34042457
4,0.33776873
