detection_classes,detection_scores
1,0.9885393
1,0.9803389
37,0.9779416
37,0.97200495
37,0.8677455
1,0.63927203
1,0.5084518
1,0.43436116
1,0.34036395
