detection_classes,detection_scores
1,0.99989724
1,0.99926287
31,0.4374175
