detection_classes,detection_scores
1,0.9987733
72,0.9970445
37,0.9854034
37,0.97022635
37,0.89926726
67,0.60470384
67,0.59608287
37,0.5899309
34,0.5833104
62,0.5617202
53,0.5560088
42,0.48467463
3,0.33811936
37,0.315061
