detection_classes,detection_scores
74,0.84966445
37,0.48061258
74,0.46138912
37,0.39078665
74,0.3323549
37,0.3241964
