detection_classes,detection_scores
37,0.94589525
37,0.8751356
1,0.71713305
62,0.67250735
1,0.4860993
37,0.46737638
37,0.3458494
