detection_classes,detection_scores
1,0.895056
65,0.6670687
84,0.47277814
