detection_classes,detection_scores
1,0.9803185
1,0.743164
65,0.532575
32,0.40320253
4,0.3829245
49,0.3318596
