detection_classes,detection_scores
74,0.6215239
67,0.55115634
55,0.47917894
33,0.35836074
