detection_classes,detection_scores
1,0.99947506
1,0.99928695
1,0.99800664
1,0.9978908
1,0.9972971
37,0.985989
37,0.9856075
1,0.95731723
9,0.7171954
67,0.41141468
