detection_classes,detection_scores
1,0.9955909
37,0.93413335
37,0.8858032
55,0.46487314
