detection_classes,detection_scores
1,0.9987565
37,0.99857295
41,0.9947977
