detection_classes,detection_scores
1,0.9899879
1,0.9777868
1,0.90821856
67,0.8188614
89,0.67137206
37,0.5153128
1,0.38871878
86,0.3420179
