detection_classes,detection_scores
37,0.8232909
42,0.6598313
37,0.591811
53,0.4088859
