detection_classes,detection_scores
37,0.9987871
1,0.9985662
37,0.987276
1,0.7155613
