detection_classes,detection_scores
1,0.990655
37,0.8795526
1,0.79886293
90,0.43076473
62,0.38251466
39,0.35330737
50,0.33915982
1,0.31135172
