detection_classes,detection_scores
1,0.9975363
1,0.99154705
1,0.9863637
37,0.9728789
1,0.967863
72,0.68678194
1,0.63322806
37,0.60336035
55,0.41547298
62,0.4052534
62,0.3903175
