detection_classes,detection_scores
37,0.7367803
37,0.4991876
53,0.45790803
37,0.4013916
53,0.39442855
37,0.37324214
53,0.34136546
67,0.30700594
