detection_classes,detection_scores
1,0.9993026
1,0.9955259
1,0.9916638
1,0.98822314
1,0.98138636
62,0.97743416
1,0.96778107
1,0.9493331
1,0.87245315
1,0.86237943
1,0.7446538
1,0.67857
1,0.66221803
1,0.62484556
1,0.6017392
75,0.50968903
1,0.41474724
