detection_classes,detection_scores
1,0.99969983
1,0.92255193
1,0.8456231
1,0.8339788
1,0.77869093
1,0.73947215
1,0.63077724
1,0.5579618
1,0.54707503
1,0.53446615
1,0.52852464
1,0.31279212
