detection_classes,detection_scores
1,0.99873954
31,0.8336528
1,0.6286233
1,0.5131235
