detection_classes,detection_scores
1,0.98719704
15,0.846416
62,0.676405
15,0.6630588
15,0.44031683
67,0.3598392
64,0.3414611
15,0.3343582
