detection_classes,detection_scores
1,0.81752217
1,0.7149565
33,0.5852559
1,0.4941377
33,0.4340089
33,0.40593302
63,0.37555948
63,0.37464777
