detection_classes,detection_scores
1,0.95499337
1,0.6270441
28,0.4338857
62,0.32118243
