detection_classes,detection_scores
1,0.9996667
1,0.9914443
72,0.902544
1,0.73801506
63,0.6722021
63,0.6157297
1,0.5041118
