detection_classes,detection_scores
1,0.9989793
1,0.9909389
53,0.9371762
62,0.8869025
1,0.79046327
9,0.7029853
62,0.66937923
37,0.4965954
67,0.31632954
