detection_classes,detection_scores
37,0.83980304
53,0.800797
37,0.5777811
37,0.47160253
