detection_classes,detection_scores
1,0.9962584
37,0.9954449
1,0.9844885
37,0.95508707
1,0.6975316
37,0.6599127
15,0.5115998
33,0.4328559
3,0.41601482
