detection_classes,detection_scores
1,0.8741597
86,0.7934857
53,0.6654314
