detection_classes,detection_scores
37,0.9978188
1,0.9935282
72,0.8852864
53,0.8650973
53,0.8318389
42,0.7041113
44,0.49149978
72,0.47944874
67,0.43549883
53,0.4217017
3,0.40854433
62,0.38781828
