detection_classes,detection_scores
1,0.8360328
65,0.66446286
1,0.5877068
1,0.43521902
