detection_classes,detection_scores
1,0.99864656
1,0.9936526
1,0.9135389
32,0.80018556
1,0.5317589
62,0.31569886
