detection_classes,detection_scores
55,0.6280248
37,0.56068224
15,0.399305
72,0.35016695
33,0.31791878
