detection_classes,detection_scores
90,0.98237956
49,0.65405625
90,0.62548107
52,0.40335268
