detection_classes,detection_scores
37,0.6804281
55,0.6649298
55,0.58617777
61,0.5278477
37,0.49031246
37,0.3074959
