detection_classes,detection_scores
65,0.99303377
62,0.88960814
62,0.83547586
62,0.58418417
65,0.49384513
65,0.4749839
62,0.46444014
65,0.4123451
62,0.35402057
