detection_classes,detection_scores
1,0.9718589
37,0.69099265
53,0.6344409
37,0.48709273
53,0.45413896
67,0.37765008
62,0.37694144
37,0.37440407
