detection_classes,detection_scores
17,0.95127034
53,0.91422564
37,0.9031422
37,0.8572346
72,0.72587276
53,0.50285727
53,0.4917305
55,0.41801348
53,0.3988941
67,0.38340583
53,0.36679065
