detection_classes,detection_scores
37,0.99683565
37,0.9954211
37,0.9802588
37,0.9774111
37,0.9573124
37,0.93759143
37,0.8806665
37,0.7322791
53,0.6162932
37,0.5766438
61,0.5437639
37,0.5050301
37,0.45083243
73,0.42946476
