detection_classes,detection_scores
53,0.63380855
53,0.6316812
86,0.53342074
55,0.41467664
47,0.38870174
