detection_classes,detection_scores
53,0.77338165
67,0.5545996
86,0.45620438
51,0.454938
81,0.43571007
37,0.3434995
