detection_classes,detection_scores
1,0.99822706
1,0.6541596
1,0.41455027
1,0.40841612
37,0.405992
