detection_classes,detection_scores
37,0.89459944
67,0.8428174
62,0.8373214
