detection_classes,detection_scores
37,0.9894276
37,0.8847141
37,0.80709696
