detection_classes,detection_scores
37,0.9325799
37,0.92659223
37,0.91383773
37,0.79638624
72,0.68976325
1,0.6356331
73,0.49546817
