detection_classes,detection_scores
37,0.98888576
55,0.84706485
53,0.8198594
37,0.63333046
37,0.59763044
53,0.5536589
37,0.460676
