detection_classes,detection_scores
74,0.65733886
47,0.5678948
53,0.49595192
53,0.45088208
89,0.39997464
47,0.3910389
74,0.38752124
51,0.32593304
