detection_classes,detection_scores
61,0.9876429
37,0.787606
49,0.7618078
61,0.7511437
55,0.7095847
57,0.6238943
63,0.47291064
37,0.4506648
61,0.3914235
