detection_classes,detection_scores
1,0.977796
65,0.54312384
65,0.5426216
65,0.34242225
