detection_classes,detection_scores
1,0.9956493
37,0.9943566
37,0.97867537
39,0.80093455
37,0.67267895
3,0.49909127
3,0.31941286
