detection_classes,detection_scores
37,0.70343137
53,0.5799152
1,0.5187949
72,0.44558555
