detection_classes,detection_scores
41,0.98427445
1,0.97200733
1,0.8899081
62,0.6958122
