detection_classes,detection_scores
37,0.96732616
90,0.70712733
41,0.57506984
55,0.5541552
