detection_classes,detection_scores
10,0.8458364
77,0.5524446
28,0.47455928
1,0.40493172
10,0.35942233
