detection_classes,detection_scores
1,0.98864436
37,0.9857137
67,0.77927226
