detection_classes,detection_scores
44,0.7372883
86,0.650555
37,0.60482025
