detection_classes,detection_scores
1,0.9999038
1,0.7048093
77,0.45422557
9,0.44990268
1,0.42301786
