detection_classes,detection_scores
39,0.99464357
47,0.96275836
37,0.9460407
1,0.94121397
39,0.920474
39,0.9058427
39,0.34418935
