detection_classes,detection_scores
37,0.68556446
53,0.64692086
37,0.58557606
37,0.5472444
53,0.4594686
53,0.44881642
37,0.42471555
53,0.39898965
53,0.39840388
53,0.36447755
