detection_classes,detection_scores
1,0.9996076
1,0.99937963
1,0.9985708
1,0.9728923
1,0.8986095
1,0.7582421
