detection_classes,detection_scores
1,0.98814034
1,0.96645576
1,0.93003285
1,0.9125661
1,0.89423704
1,0.85915446
1,0.850106
62,0.7714519
33,0.7205095
1,0.71420807
1,0.63637835
1,0.6288894
1,0.56086713
62,0.43913203
62,0.41444904
53,0.34099075
62,0.31208575
1,0.30361983
