detection_classes,detection_scores
53,0.9743454
86,0.7113266
55,0.6280448
53,0.43158603
53,0.35443884
67,0.32271966
