detection_classes,detection_scores
1,0.9996327
62,0.9527801
37,0.935492
37,0.9113214
84,0.3963192
84,0.3878345
84,0.3241419
84,0.30220583
