detection_classes,detection_scores
1,0.99871445
37,0.9925363
37,0.98799336
37,0.89683056
73,0.62536997
43,0.5946241
73,0.46079287
