detection_classes,detection_scores
37,0.99259233
37,0.9345291
37,0.8145515
37,0.80050826
37,0.7198221
37,0.6239722
39,0.5575483
39,0.5348571
37,0.46815875
37,0.4337047
47,0.4236307
90,0.41303653
37,0.32691786
