detection_classes,detection_scores
44,0.88120437
55,0.67244166
67,0.5294943
37,0.31920448
