detection_classes,detection_scores
1,0.99763477
1,0.9945215
62,0.96468896
62,0.9324732
62,0.9109782
37,0.79752916
37,0.76665723
37,0.6697837
37,0.55963266
37,0.48880696
39,0.42414957
41,0.37326598
27,0.31836936
