detection_classes,detection_scores
1,0.9972452
84,0.3614484
84,0.3565028
47,0.30522585
