detection_classes,detection_scores
37,0.99488777
37,0.99210936
37,0.98284507
37,0.9667586
37,0.94066346
37,0.8997735
55,0.35098448
37,0.339592
