detection_classes,detection_scores
53,0.9472506
37,0.50904644
67,0.335744
86,0.33195773
1,0.3069253
