detection_classes,detection_scores
1,0.9983272
1,0.9981066
1,0.9846768
32,0.3221021
