detection_classes,detection_scores
73,0.9781868
37,0.842005
37,0.7795263
73,0.73342943
37,0.6898339
73,0.5148371
76,0.3050457
