detection_classes,detection_scores
55,0.91765475
52,0.7989203
37,0.79264295
52,0.5825156
53,0.5782256
55,0.49347678
34,0.47402692
34,0.46745375
