detection_classes,detection_scores
37,0.9942675
37,0.97267276
37,0.5027862
37,0.45829573
