detection_classes,detection_scores
37,0.87893534
76,0.61043626
67,0.58284193
37,0.5617601
37,0.5592348
37,0.3124382
