detection_classes,detection_scores
1,0.99616313
63,0.91505855
37,0.80523485
37,0.8048796
39,0.74347377
62,0.56031865
28,0.3774475
