detection_classes,detection_scores
1,0.99878734
64,0.9633335
15,0.8029172
