detection_classes,detection_scores
61,0.4227857
65,0.4059859
31,0.37904742
