detection_classes,detection_scores
1,0.99916005
88,0.9651027
1,0.91821265
32,0.91161764
1,0.884184
