detection_classes,detection_scores
1,0.99869007
1,0.9901854
1,0.9874259
37,0.9827472
37,0.95934635
37,0.7473974
37,0.7417153
41,0.6030046
34,0.4840547
1,0.48081344
37,0.4631633
