detection_classes,detection_scores
4,0.5020799
37,0.43351346
37,0.35453874
74,0.30351207
