detection_classes,detection_scores
1,0.99316096
85,0.97298276
1,0.94470775
1,0.86621463
37,0.6670714
37,0.63247496
1,0.4807921
1,0.37700918
62,0.33158454
55,0.31934622
