detection_classes,detection_scores
37,0.9921653
37,0.743392
61,0.737993
37,0.55573523
81,0.46691313
67,0.30545318
