detection_classes,detection_scores
1,0.9996056
37,0.9766376
62,0.806375
62,0.7952906
