detection_classes,detection_scores
1,0.99566036
37,0.9844142
1,0.98328674
37,0.9508025
37,0.9264972
37,0.48649248
85,0.4567838
37,0.44898483
