detection_classes,detection_scores
53,0.8607189
67,0.5809471
86,0.55320996
1,0.5311819
37,0.45428103
55,0.37543407
