detection_classes,detection_scores
37,0.9957365
37,0.98791516
3,0.900467
1,0.6127929
28,0.57169646
