detection_classes,detection_scores
1,0.999908
84,0.6578316
84,0.40807548
