detection_classes,detection_scores
37,0.95854205
37,0.78618777
73,0.7708812
9,0.7216409
72,0.48582065
53,0.38954285
7,0.31619987
