detection_classes,detection_scores
1,0.9916059
1,0.9888416
44,0.57289904
44,0.5355083
62,0.5289942
62,0.43075854
63,0.4116936
44,0.31620827
