detection_classes,detection_scores
1,0.9995347
37,0.9855099
1,0.64869434
72,0.31239244
