detection_classes,detection_scores
37,0.9833329
37,0.9684165
50,0.495192
37,0.4940056
53,0.47412664
53,0.371486
53,0.30926037
