detection_classes,detection_scores
51,0.9237856
37,0.91815567
51,0.66661674
53,0.42897952
53,0.31969362
