detection_classes,detection_scores
55,0.7082323
37,0.46914026
67,0.42941537
37,0.42572266
