detection_classes,detection_scores
1,0.96368253
37,0.9090442
11,0.84856826
37,0.82713395
41,0.48125646
