detection_classes,detection_scores
1,0.9983292
1,0.9904773
37,0.92719525
84,0.86849236
44,0.8567216
44,0.78898907
44,0.68928593
37,0.62108743
10,0.5088636
44,0.49134034
62,0.43727484
1,0.31099772
