detection_classes,detection_scores
1,0.99835736
63,0.86524075
63,0.7130464
63,0.64759386
63,0.40026087
63,0.33641404
