detection_classes,detection_scores
1,0.9939784
1,0.96095395
1,0.72690797
37,0.69945735
67,0.34616905
