detection_classes,detection_scores
37,0.9878956
37,0.98730075
37,0.98592097
1,0.96533036
37,0.95961213
62,0.9114229
73,0.79787457
37,0.58946663
37,0.5501997
37,0.3852571
