detection_classes,detection_scores
1,0.9969253
74,0.9624302
1,0.93828243
37,0.6547691
74,0.5908033
1,0.5874202
37,0.5277975
1,0.4871395
47,0.42863172
86,0.34359834
67,0.33082187
