detection_classes,detection_scores
10,0.9596871
37,0.73013675
47,0.51871365
72,0.43088108
