detection_classes,detection_scores
1,0.9996308
1,0.9991301
85,0.9672336
1,0.31414
84,0.3073097
