detection_classes,detection_scores
1,0.9981481
32,0.88488203
1,0.5261499
