detection_classes,detection_scores
74,0.99658173
74,0.98741186
74,0.9677545
74,0.86475545
74,0.84352
74,0.7202445
53,0.32668668
