detection_classes,detection_scores
1,0.83442813
81,0.6036819
61,0.5767346
39,0.39620116
53,0.31794575
87,0.3091979
