detection_classes,detection_scores
1,0.99812263
62,0.9903476
47,0.8641466
37,0.735138
1,0.40323907
39,0.30494624
