detection_classes,detection_scores
1,0.5977772
32,0.41739887
65,0.37860367
