detection_classes,detection_scores
16,0.63960403
1,0.396001
28,0.30621028
