detection_classes,detection_scores
1,0.99955267
46,0.6803936
47,0.31025428
