detection_classes,detection_scores
28,0.6047294
65,0.37213254
1,0.37162492
