detection_classes,detection_scores
37,0.76081234
53,0.6600905
67,0.6352923
55,0.46847495
53,0.44171143
53,0.37984994
53,0.3735209
53,0.3390771
