detection_classes,detection_scores
37,0.8990946
67,0.33012727
81,0.30777663
