detection_classes,detection_scores
37,0.5942063
67,0.58995414
53,0.52465284
37,0.48083165
55,0.39380112
