detection_classes,detection_scores
1,0.99948955
37,0.98659897
37,0.9547844
37,0.6314707
37,0.4554208
37,0.383742
