detection_classes,detection_scores
55,0.75557965
55,0.737765
53,0.49905983
37,0.39170763
37,0.36655283
37,0.30576304
