detection_classes,detection_scores
37,0.6884453
37,0.3938695
86,0.33000594
89,0.32964265
