detection_classes,detection_scores
37,0.95322305
37,0.59551626
37,0.31315103
