detection_classes,detection_scores
1,0.97841084
37,0.9286825
33,0.73972577
37,0.69363534
1,0.51883674
