detection_classes,detection_scores
67,0.8249767
53,0.69747436
44,0.6122496
37,0.52494437
37,0.3313321
