detection_classes,detection_scores
1,0.9985006
1,0.9008147
1,0.8477565
1,0.8288195
1,0.37247837
