detection_classes,detection_scores
1,0.99956244
64,0.98197305
64,0.91653544
