detection_classes,detection_scores
53,0.8876216
55,0.6741222
67,0.48597896
86,0.31062812
