detection_classes,detection_scores
37,0.98197055
37,0.87056154
37,0.5877625
8,0.5360849
3,0.5137002
74,0.3397806
74,0.3046683
