detection_classes,detection_scores
37,0.99628145
37,0.8410623
67,0.6213602
