detection_classes,detection_scores
37,0.99057794
37,0.98711956
37,0.82492656
1,0.7940588
39,0.44034067
33,0.39858845
