detection_classes,detection_scores
1,0.9989281
1,0.9989176
37,0.8754773
37,0.83487004
37,0.7656847
37,0.7569768
37,0.6273112
37,0.6076695
37,0.49162218
33,0.4359875
