detection_classes,detection_scores
53,0.9300871
37,0.81906337
67,0.6781823
44,0.46882626
55,0.38841826
