detection_classes,detection_scores
31,0.5906716
31,0.5866991
27,0.39287326
27,0.33181235
