detection_classes,detection_scores
53,0.90581316
34,0.77913177
37,0.76656604
37,0.7241214
37,0.68774337
74,0.31342813
