detection_classes,detection_scores
67,0.8730705
53,0.6357979
55,0.6092819
51,0.48233244
