detection_classes,detection_scores
1,0.9993425
1,0.9885562
37,0.97206175
42,0.629236
1,0.5304831
1,0.3438286
