detection_classes,detection_scores
1,0.62822556
33,0.3961562
28,0.34092507
