detection_classes,detection_scores
51,0.51029307
67,0.49407524
55,0.47417575
89,0.42914626
