detection_classes,detection_scores
37,0.9977597
1,0.996834
37,0.45209664
53,0.43746334
37,0.33725107
