detection_classes,detection_scores
1,0.9998286
1,0.99336916
1,0.96535325
31,0.37234968
