detection_classes,detection_scores
37,0.973384
81,0.7987871
37,0.6895908
37,0.47780177
37,0.43149015
37,0.37464714
37,0.3353535
67,0.32652512
