detection_classes,detection_scores
1,0.8987809
37,0.83513784
55,0.83411795
55,0.6073782
53,0.44263995
37,0.34294206
