detection_classes,detection_scores
1,0.9988803
37,0.99742955
37,0.46114948
1,0.4052057
37,0.3534322
74,0.31018156
