detection_classes,detection_scores
37,0.958744
37,0.85828006
37,0.85240364
37,0.81364983
41,0.44408292
37,0.33084247
