detection_classes,detection_scores
1,0.9921411
1,0.90146804
1,0.781761
1,0.6358735
1,0.54121035
1,0.3398906
