detection_classes,detection_scores
1,0.9971739
82,0.97830313
1,0.9424552
72,0.8538082
55,0.5780487
1,0.53400046
1,0.51391405
39,0.39412114
37,0.32593158
