detection_classes,detection_scores
37,0.8697944
37,0.5695688
55,0.4965003
53,0.4810349
37,0.3958379
53,0.38651457
37,0.3847111
