detection_classes,detection_scores
1,0.9992113
1,0.99917585
64,0.79195803
39,0.5590843
62,0.43860668
