detection_classes,detection_scores
1,0.9483591
62,0.93717694
1,0.783698
37,0.76352125
1,0.5911682
1,0.42058626
50,0.34597966
