detection_classes,detection_scores
1,0.9986351
62,0.94436723
1,0.9047275
37,0.84120786
37,0.7788566
39,0.5241093
33,0.3286737
