detection_classes,detection_scores
74,0.9440725
74,0.7256822
67,0.67761
86,0.6235417
51,0.38855347
53,0.34555298
