detection_classes,detection_scores
1,0.9991916
1,0.99917656
1,0.9987915
1,0.9986266
