detection_classes,detection_scores
55,0.7580754
37,0.6046747
55,0.3352027
41,0.32818204
