detection_classes,detection_scores
37,0.96943897
37,0.8230549
53,0.48143786
37,0.45973086
