detection_classes,detection_scores
1,0.9994148
82,0.6309129
31,0.4930345
