detection_classes,detection_scores
1,0.998863
76,0.80072397
1,0.521131
