detection_classes,detection_scores
22,0.6887907
33,0.66605085
28,0.40626085
1,0.3107115
