detection_classes,detection_scores
1,0.99147075
1,0.9881698
41,0.8053801
37,0.75188947
37,0.71389705
44,0.64847565
51,0.48862895
72,0.451434
62,0.44859907
1,0.35665148
