detection_classes,detection_scores
47,0.9309391
43,0.9247145
37,0.71677643
33,0.66572225
43,0.6255592
33,0.5127965
55,0.3857792
53,0.36069116
