detection_classes,detection_scores
1,0.9994943
81,0.8631114
73,0.56366676
75,0.5129661
72,0.35099494
