detection_classes,detection_scores
1,0.99797994
61,0.65897983
62,0.5949058
62,0.33935827
60,0.32900065
