detection_classes,detection_scores
37,0.97722536
67,0.93018794
53,0.8204589
37,0.7677457
53,0.6333865
53,0.6171363
37,0.4230137
1,0.36687803
