detection_classes,detection_scores
37,0.9922254
37,0.9837218
37,0.95156145
81,0.8753508
34,0.71282125
37,0.6087023
81,0.31306842
34,0.30752617
