detection_classes,detection_scores
1,0.9993905
1,0.99907565
1,0.9980835
47,0.9742269
