detection_classes,detection_scores
37,0.83463854
37,0.54595447
55,0.49069926
55,0.44543162
37,0.35901505
37,0.34252182
72,0.33677322
