detection_classes,detection_scores
37,0.8945397
37,0.8784445
46,0.5711189
37,0.5479216
37,0.3205911
