detection_classes,detection_scores
37,0.9824791
37,0.979989
37,0.95375377
55,0.94120437
37,0.81809366
