detection_classes,detection_scores
1,0.99713826
18,0.79889965
1,0.79442215
1,0.6175144
62,0.6173739
33,0.3618484
62,0.31283128
