detection_classes,detection_scores
55,0.7541511
37,0.6800217
53,0.5366093
37,0.5195715
51,0.47811085
37,0.35671163
50,0.3213828
67,0.30626556
