detection_classes,detection_scores
65,0.8635207
1,0.77406245
84,0.6633756
28,0.4891142
65,0.44396514
