detection_classes,detection_scores
37,0.85273993
53,0.7992975
37,0.71947765
37,0.7161509
37,0.43069163
55,0.37680623
67,0.35416728
51,0.3537355
37,0.33543822
37,0.32672814
