detection_classes,detection_scores
67,0.50547653
51,0.45553452
55,0.4095745
53,0.3983325
37,0.37772477
