detection_classes,detection_scores
1,0.7532532
65,0.6450498
84,0.4769558
65,0.43907827
1,0.30516094
