detection_classes,detection_scores
1,0.4880599
65,0.4355198
67,0.38622564
