detection_classes,detection_scores
1,0.70900726
65,0.38325688
28,0.30104896
