detection_classes,detection_scores
37,0.9854638
1,0.9835607
72,0.9194958
1,0.3488544
