detection_classes,detection_scores
87,0.62400883
53,0.58006436
50,0.5465908
67,0.47842363
53,0.4217527
90,0.33131045
50,0.3174522
51,0.30007553
