detection_classes,detection_scores
1,0.9997658
1,0.96469826
3,0.9569445
62,0.94156796
77,0.9125675
62,0.91196305
1,0.8144208
1,0.751626
1,0.7320423
1,0.6796496
3,0.66486704
62,0.6268241
1,0.46413663
1,0.3231622
