detection_classes,detection_scores
55,0.7339562
86,0.657472
86,0.5171329
37,0.5060372
53,0.3628167
67,0.36106345
1,0.35358644
53,0.34177065
51,0.33771876
