detection_classes,detection_scores
1,0.9921123
1,0.9626547
1,0.8709856
37,0.80988795
37,0.6807374
37,0.57782114
1,0.56954896
39,0.36363733
37,0.30329284
