detection_classes,detection_scores
37,0.6438418
67,0.56926423
53,0.5098532
90,0.3897877
