detection_classes,detection_scores
34,0.47860032
37,0.38379458
3,0.3647454
52,0.30226427
