detection_classes,detection_scores
1,0.99377996
37,0.9870471
1,0.9856309
37,0.97963434
1,0.94956166
53,0.87592643
37,0.8534173
37,0.8394358
1,0.8212619
37,0.81419486
67,0.7267295
39,0.55661744
51,0.5173265
1,0.3090029
