detection_classes,detection_scores
53,0.89677644
53,0.800602
55,0.51715416
37,0.48212764
37,0.37648535
53,0.37618777
37,0.30794266
