detection_classes,detection_scores
74,0.7167421
74,0.58412534
53,0.33118027
37,0.3096128
