detection_classes,detection_scores
37,0.9867062
39,0.8948998
81,0.36216733
