detection_classes,detection_scores
86,0.96849066
37,0.35039157
53,0.3268448
53,0.31561407
