detection_classes,detection_scores
1,0.9941047
76,0.86642
74,0.48911718
