detection_classes,detection_scores
55,0.7814557
53,0.7709052
53,0.30109182
