detection_classes,detection_scores
65,0.5664821
61,0.34837696
31,0.32795057
