detection_classes,detection_scores
37,0.61440194
67,0.49520305
86,0.38231286
