detection_classes,detection_scores
1,0.9996916
37,0.90294224
3,0.8979879
1,0.44200343
