detection_classes,detection_scores
1,0.9935004
62,0.9737352
73,0.92536944
37,0.90708
39,0.87041426
62,0.6804112
37,0.4784192
42,0.47713664
