detection_classes,detection_scores
53,0.880827
74,0.7252735
51,0.71080285
53,0.48227093
55,0.47153217
53,0.46950126
52,0.41165215
51,0.34027335
53,0.3296033
