detection_classes,detection_scores
37,0.95432484
1,0.8501185
39,0.764028
55,0.59236395
37,0.59028953
1,0.51565
