detection_classes,detection_scores
1,0.9973718
1,0.9945094
1,0.9864607
1,0.97713155
72,0.96823555
1,0.96314955
1,0.94007784
1,0.89994925
62,0.8644582
1,0.76741505
1,0.74518806
1,0.7147642
1,0.6461056
1,0.6353662
1,0.61599255
62,0.57225484
1,0.4348226
