detection_classes,detection_scores
82,0.7035265
33,0.46175575
1,0.39808443
