detection_classes,detection_scores
1,0.98181725
37,0.9676714
37,0.87790316
1,0.6679997
41,0.65977603
39,0.56128824
41,0.31382504
