detection_classes,detection_scores
53,0.89334404
53,0.87817514
53,0.8770775
67,0.75935566
55,0.6981178
53,0.503906
37,0.48014107
53,0.42461354
37,0.33630133
51,0.3039707
