detection_classes,detection_scores
51,0.8116282
47,0.70230657
51,0.62108374
74,0.46168664
53,0.42949486
67,0.3945758
