detection_classes,detection_scores
37,0.93877035
37,0.93786126
37,0.8553783
33,0.7863455
37,0.51019865
37,0.494385
41,0.4836527
37,0.45645544
