detection_classes,detection_scores
62,0.99649364
1,0.990746
1,0.9421534
62,0.9386627
62,0.80203044
62,0.79300815
62,0.63570875
62,0.6265305
84,0.5760957
62,0.4259981
62,0.36554736
62,0.35801047
