detection_classes,detection_scores
53,0.3874441
37,0.3675927
49,0.34669408
