detection_classes,detection_scores
55,0.7755912
55,0.64329964
31,0.5511394
53,0.48122814
55,0.4092768
1,0.39332864
53,0.37198257
51,0.33129767
