detection_classes,detection_scores
1,0.9989421
1,0.985623
37,0.98426986
43,0.40520445
