detection_classes,detection_scores
37,0.5330009
37,0.5246832
67,0.44731912
37,0.39175904
