detection_classes,detection_scores
1,0.9912395
37,0.95586795
39,0.9036511
37,0.8716501
37,0.7117415
53,0.37809983
