detection_classes,detection_scores
1,0.9725232
41,0.87932146
37,0.8729883
16,0.3289804
