detection_classes,detection_scores
65,0.9918715
65,0.88983613
65,0.3150313
