detection_classes,detection_scores
37,0.7921192
37,0.4728395
44,0.43467325
