detection_classes,detection_scores
1,0.99986506
62,0.9687433
44,0.929454
62,0.79102814
86,0.6714845
64,0.48222804
