detection_classes,detection_scores
53,0.81603944
53,0.71641195
53,0.70500034
3,0.554137
10,0.37218252
55,0.36062154
