detection_classes,detection_scores
1,0.9359861
65,0.5473706
38,0.37406278
28,0.33499777
