detection_classes,detection_scores
37,0.9129036
38,0.56219375
3,0.523507
3,0.34752688
