detection_classes,detection_scores
37,0.9900669
37,0.714107
37,0.48758295
37,0.47463962
44,0.4195263
