detection_classes,detection_scores
37,0.9832208
37,0.9625963
22,0.92303157
39,0.81781125
37,0.3632589
1,0.3184719
