detection_classes,detection_scores
1,0.9927631
62,0.9684239
7,0.36164328
86,0.35745886
31,0.34932187
