detection_classes,detection_scores
1,0.9972869
76,0.87981033
62,0.36638176
