detection_classes,detection_scores
1,0.9949809
72,0.97517633
37,0.8832236
1,0.6444648
5,0.39414236
