detection_classes,detection_scores
1,0.9329353
44,0.8859671
1,0.763765
15,0.7368745
7,0.61246425
37,0.595419
1,0.54142195
47,0.36546782
72,0.34112808
