detection_classes,detection_scores
1,0.9898198
37,0.8842621
37,0.5288079
67,0.45435888
67,0.42423597
