detection_classes,detection_scores
37,0.9923995
37,0.92185676
53,0.77386713
37,0.6562824
55,0.618447
37,0.6064429
53,0.32924172
67,0.3050502
