detection_classes,detection_scores
37,0.98928154
1,0.45141807
1,0.44080645
67,0.38528794
67,0.36784157
1,0.3625365
62,0.3205574
