detection_classes,detection_scores
37,0.9830085
37,0.8685029
37,0.7454595
67,0.7316806
