detection_classes,detection_scores
1,0.99817026
37,0.87997895
62,0.73503596
37,0.65953296
15,0.5568687
9,0.45196575
