detection_classes,detection_scores
1,0.9929878
1,0.9896569
1,0.97380257
1,0.9648403
37,0.9436303
37,0.7775022
37,0.6564828
55,0.63985914
1,0.60355324
67,0.59971327
37,0.51881075
10,0.4360515
37,0.32358876
