detection_classes,detection_scores
86,0.73296916
67,0.6394628
53,0.59879535
