detection_classes,detection_scores
37,0.9947897
37,0.97778773
55,0.90804356
