detection_classes,detection_scores
72,0.9974496
1,0.98361605
37,0.9739015
50,0.44255272
