detection_classes,detection_scores
1,0.9936274
1,0.9887683
1,0.98771745
1,0.9867176
1,0.9853098
1,0.97785836
1,0.8699263
1,0.79631203
1,0.78578347
3,0.7790464
1,0.76272595
3,0.7288122
1,0.6997014
1,0.69077814
1,0.6738753
1,0.634017
1,0.54084206
1,0.53862005
1,0.5171624
1,0.51133007
1,0.49225688
1,0.47994602
1,0.45548522
1,0.41048777
1,0.34126967
1,0.33383718
