detection_classes,detection_scores
1,0.9998419
15,0.96850455
15,0.5770941
15,0.35031116
