detection_classes,detection_scores
1,0.99965954
1,0.99911684
1,0.99826956
1,0.95740706
3,0.88240725
1,0.8776349
3,0.83516836
3,0.8094657
3,0.42306626
3,0.3857609
3,0.30232483
