detection_classes,detection_scores
53,0.88074195
37,0.784057
86,0.65972906
86,0.48299128
