detection_classes,detection_scores
1,0.997872
1,0.7483279
28,0.4771328
