detection_classes,detection_scores
37,0.7466338
67,0.6010397
49,0.56512904
67,0.4939085
