detection_classes,detection_scores
1,0.9984402
37,0.98328376
37,0.833798
44,0.779793
62,0.5933408
90,0.5395043
44,0.48380965
44,0.4417339
67,0.40152913
