detection_classes,detection_scores
28,0.94726646
28,0.6192243
84,0.5464415
65,0.43058994
