detection_classes,detection_scores
37,0.97716194
1,0.9724233
37,0.94628453
37,0.9129075
37,0.8356751
37,0.34419796
