detection_classes,detection_scores
1,0.44315314
65,0.40868723
61,0.31047237
