detection_classes,detection_scores
37,0.9831382
37,0.96751213
37,0.95965385
37,0.95443493
37,0.40803128
