detection_classes,detection_scores
1,0.9997087
63,0.6387083
84,0.518941
84,0.4729451
62,0.42417702
84,0.3897067
84,0.38460603
84,0.37792453
84,0.36124527
84,0.30584988
84,0.30505225
