detection_classes,detection_scores
67,0.73181415
37,0.676239
55,0.51838803
37,0.441591
86,0.39520228
47,0.3052578
