detection_classes,detection_scores
70,0.7658141
74,0.5802892
34,0.49619105
37,0.3857661
51,0.33585253
