detection_classes,detection_scores
1,0.9839606
37,0.8571909
1,0.71447504
43,0.5565481
9,0.3321747
