detection_classes,detection_scores
86,0.58720213
33,0.41578737
18,0.40012926
65,0.36453968
61,0.36130604
