detection_classes,detection_scores
1,0.9995491
1,0.99703205
1,0.962496
1,0.89670086
3,0.77308625
3,0.6549486
9,0.5473523
62,0.5347834
3,0.42038327
53,0.394239
81,0.34048465
