detection_classes,detection_scores
1,0.9988557
34,0.3559347
37,0.31599694
