detection_classes,detection_scores
55,0.8572659
67,0.5412616
53,0.34746212
37,0.3273589
