detection_classes,detection_scores
1,0.9993641
1,0.9939101
1,0.9644586
