detection_classes,detection_scores
28,0.64314455
1,0.50579154
65,0.49534148
