detection_classes,detection_scores
1,0.9994098
1,0.9972873
1,0.9966132
1,0.96874
1,0.8521465
1,0.7461203
84,0.38717347
84,0.33440772
