detection_classes,detection_scores
1,0.9989567
37,0.9837151
2,0.97640187
37,0.8841283
74,0.70922244
