detection_classes,detection_scores
65,0.9039916
1,0.87866026
90,0.3966886
