detection_classes,detection_scores
37,0.85219884
37,0.55688703
37,0.52751184
74,0.49494138
37,0.44472808
53,0.4043049
55,0.36329696
37,0.343135
67,0.34122893
53,0.33493575
