detection_classes,detection_scores
55,0.78761005
55,0.41913292
37,0.37573364
55,0.3530283
37,0.34641463
53,0.31751508
