detection_classes,detection_scores
86,0.8469897
74,0.5976746
67,0.49872172
67,0.38391212
53,0.37956613
37,0.33192527
46,0.30525848
