detection_classes,detection_scores
1,0.9841366
1,0.9501744
1,0.82013357
1,0.58771145
1,0.50130635
1,0.4761058
1,0.46099523
38,0.3660053
