detection_classes,detection_scores
1,0.99248236
37,0.97683984
39,0.9616514
37,0.8018532
1,0.63991904
