detection_classes,detection_scores
62,0.9501958
1,0.9472169
62,0.916358
37,0.84160376
37,0.61849385
53,0.59583944
37,0.49097675
73,0.45346475
53,0.4350411
53,0.43384877
53,0.43009928
37,0.41441667
37,0.40224227
53,0.35680664
62,0.30764458
