detection_classes,detection_scores
28,0.6795297
13,0.34960663
1,0.30283758
