detection_classes,detection_scores
55,0.66821736
55,0.58001834
53,0.5679009
67,0.42387474
37,0.42245802
53,0.41579252
53,0.33554074
