detection_classes,detection_scores
37,0.7182395
53,0.56890255
55,0.40343407
