detection_classes,detection_scores
37,0.33948
67,0.33806092
76,0.32742018
34,0.32529098
