detection_classes,detection_scores
1,0.83166516
86,0.41659307
28,0.34595823
