detection_classes,detection_scores
65,0.7939919
33,0.6237335
31,0.5351852
33,0.41648304
