detection_classes,detection_scores
65,0.92883277
65,0.76889944
65,0.7271471
31,0.48880947
48,0.4560972
65,0.35163876
