detection_classes,detection_scores
74,0.99227613
1,0.9669995
39,0.7262818
74,0.6533767
39,0.6505424
39,0.5177026
41,0.42169815
