detection_classes,detection_scores
37,0.9778943
90,0.5225369
89,0.41175994
86,0.40485322
37,0.39430785
37,0.3422956
