detection_classes,detection_scores
1,0.9993399
1,0.9985215
1,0.9965198
3,0.9410123
1,0.86188006
1,0.86166275
1,0.82150173
6,0.7868144
3,0.7488604
3,0.7336999
3,0.631319
1,0.52117395
3,0.4235025
3,0.39691576
8,0.33814302
