detection_classes,detection_scores
37,0.9950553
37,0.9694927
10,0.9420469
37,0.76492345
37,0.56937957
