detection_classes,detection_scores
1,0.99980706
1,0.9997534
1,0.99962926
