detection_classes,detection_scores
28,0.8635181
1,0.48055524
65,0.44106883
