detection_classes,detection_scores
37,0.9956856
86,0.8145027
37,0.51288056
