detection_classes,detection_scores
1,0.89491284
28,0.4265403
65,0.35065672
