detection_classes,detection_scores
37,0.9570313
37,0.8881217
37,0.88277423
37,0.30358714
