detection_classes,detection_scores
38,0.40160093
28,0.38130662
65,0.3481823
