detection_classes,detection_scores
65,0.9748146
1,0.6049492
65,0.41604736
65,0.32665536
