detection_classes,detection_scores
37,0.81955034
55,0.7710523
37,0.50923127
53,0.3819491
