detection_classes,detection_scores
1,0.9921433
67,0.7740943
58,0.35706112
53,0.34172872
