detection_classes,detection_scores
1,0.7356245
28,0.68206877
28,0.50726527
