detection_classes,detection_scores
1,0.99938655
64,0.9938328
62,0.71495396
86,0.6508207
