detection_classes,detection_scores
1,0.9983551
1,0.9652586
44,0.9368394
28,0.826457
51,0.66059774
