detection_classes,detection_scores
51,0.93025106
49,0.6661496
48,0.4336383
51,0.4302056
87,0.37319347
