detection_classes,detection_scores
44,0.8959655
51,0.7690875
50,0.32833725
