detection_classes,detection_scores
2,0.93556124
2,0.66963106
2,0.4731332
44,0.30848026
