detection_classes,detection_scores
44,0.58379626
80,0.43848348
14,0.3443543
