detection_classes,detection_scores
47,0.8029064
44,0.72763914
67,0.49712268
67,0.40101126
