detection_classes,detection_scores
44,0.7545013
89,0.45298293
14,0.45217156
