detection_classes,detection_scores
51,0.9717219
8,0.9714957
77,0.7994018
