detection_classes,detection_scores
62,0.99698997
47,0.9667249
62,0.783646
67,0.7105562
81,0.47460085
33,0.44621217
44,0.38395044
