detection_classes,detection_scores
89,0.608782
44,0.59363145
4,0.3112762
