detection_classes,detection_scores
44,0.97632027
2,0.82539433
2,0.5139135
2,0.48664588
2,0.32626444
