detection_classes,detection_scores
50,0.841414
47,0.61695933
87,0.31493908
