detection_classes,detection_scores
2,0.99921536
1,0.99689364
28,0.9481354
2,0.91866326
47,0.79586107
44,0.73972416
47,0.65584594
27,0.63334954
2,0.56715465
62,0.5524031
28,0.41177994
