detection_classes,detection_scores
14,0.61441964
11,0.48291737
44,0.3169465
