detection_classes,detection_scores
44,0.8360066
2,0.6120499
2,0.56089324
