detection_classes,detection_scores
1,0.99261194
31,0.6431189
47,0.6117108
1,0.55034673
58,0.41494235
88,0.38319778
