detection_classes,detection_scores
44,0.70374614
5,0.49587786
35,0.41935226
87,0.34032044
4,0.3059866
