detection_classes,detection_scores
44,0.8393463
87,0.8147868
5,0.31285584
