detection_classes,detection_scores
47,0.8627791
44,0.48804536
67,0.47135365
