detection_classes,detection_scores
4,0.93010485
4,0.8419126
67,0.78602934
1,0.6699853
33,0.6414998
41,0.6383765
2,0.59321815
1,0.5130182
33,0.42003113
31,0.3001956
