detection_classes,detection_scores
44,0.9686402
5,0.88541496
36,0.602345
4,0.56546736
11,0.50589323
