detection_classes,detection_scores
44,0.8597844
76,0.8323321
73,0.34281683
