detection_classes,detection_scores
81,0.7764765
50,0.7326255
85,0.6945389
85,0.4674493
41,0.45567125
81,0.3607334
87,0.32253322
