detection_classes,detection_scores
51,0.661759
47,0.5575902
27,0.30124292
