detection_classes,detection_scores
2,0.8106732
47,0.43609956
77,0.4045646
