detection_classes,detection_scores
86,0.7356582
86,0.53953874
44,0.31301126
62,0.3001093
