detection_classes,detection_scores
44,0.9418022
87,0.7773416
87,0.36220106
4,0.34368077
