detection_classes,detection_scores
34,0.68903506
14,0.5427031
47,0.48298684
86,0.46018866
86,0.41016334
11,0.37747115
