detection_classes,detection_scores
44,0.8398202
51,0.5087304
86,0.35846397
