detection_classes,detection_scores
79,0.8700778
15,0.85524184
86,0.73810685
15,0.6883111
79,0.34509784
