detection_classes,detection_scores
5,0.82348996
5,0.56383604
44,0.53460866
