detection_classes,detection_scores
62,0.51480937
61,0.45657074
86,0.34197405
