detection_classes,detection_scores
4,0.8365866
11,0.7544102
86,0.56414664
61,0.45332733
47,0.42841262
44,0.42462382
