detection_classes,detection_scores
1,0.96969706
14,0.6993562
14,0.65102005
44,0.37426248
