detection_classes,detection_scores
16,0.776374
11,0.6016355
47,0.55359
44,0.46005198
1,0.3380813
