detection_classes,detection_scores
44,0.79020905
4,0.50726855
11,0.34708515
