detection_classes,detection_scores
44,0.7048501
4,0.30265373
2,0.30006972
