detection_classes,detection_scores
44,0.9768157
55,0.5863627
55,0.55740047
62,0.31210744
48,0.3006219
