detection_classes,detection_scores
11,0.869038
62,0.7824306
70,0.4811656
