detection_classes,detection_scores
67,0.5210523
62,0.41946173
41,0.35105243
