detection_classes,detection_scores
47,0.935098
51,0.7905465
47,0.73192143
51,0.6247469
50,0.44001833
51,0.3801716
