detection_classes,detection_scores
5,0.9967495
44,0.7202701
2,0.31841484
