detection_classes,detection_scores
4,0.5968518
41,0.585146
49,0.5808583
87,0.55816716
87,0.44546804
49,0.30431995
87,0.30230668
