detection_classes,detection_scores
51,0.9423402
44,0.8702985
51,0.45661223
