detection_classes,detection_scores
31,0.4296608
33,0.36682338
65,0.32772586
