detection_classes,detection_scores
51,0.8431503
61,0.54701066
14,0.38929307
