detection_classes,detection_scores
1,0.80101234
44,0.52796537
51,0.38592747
