detection_classes,detection_scores
44,0.7260195
86,0.60857487
61,0.36229476
