detection_classes,detection_scores
48,0.8590521
5,0.6563965
3,0.5000741
86,0.3370105
2,0.30490747
