detection_classes,detection_scores
44,0.69901687
31,0.58488894
87,0.4882914
67,0.32515776
