detection_classes,detection_scores
61,0.5750596
44,0.5052069
86,0.3563391
