detection_classes,detection_scores
86,0.63543355
4,0.54701245
67,0.52257425
11,0.4063812
1,0.3952713
4,0.34453762
67,0.32340345
