detection_classes,detection_scores
51,0.65013224
4,0.56663203
89,0.36292732
