detection_classes,detection_scores
73,0.6859903
77,0.60175717
76,0.5699989
