detection_classes,detection_scores
2,0.8171043
2,0.77478564
2,0.70944345
