detection_classes,detection_scores
11,0.7460486
67,0.6667077
11,0.5482588
67,0.4884148
