detection_classes,detection_scores
5,0.9403934
44,0.9379665
76,0.45690253
