detection_classes,detection_scores
61,0.8050331
11,0.5987046
47,0.44320703
51,0.37505057
