detection_classes,detection_scores
4,0.84557605
44,0.61146605
2,0.3415165
