detection_classes,detection_scores
61,0.36893457
62,0.33310938
62,0.31472167
