detection_classes,detection_scores
34,0.8872393
2,0.8322547
70,0.4924962
