detection_classes,detection_scores
35,0.52098566
41,0.4144324
87,0.38635913
