detection_classes,detection_scores
50,0.56185544
87,0.5264046
47,0.3282849
