detection_classes,detection_scores
67,0.7194616
51,0.52480406
47,0.397563
51,0.32600904
