detection_classes,detection_scores
80,0.6282689
44,0.4276384
81,0.36617935
47,0.35622108
