detection_classes,detection_scores
56,0.91861475
56,0.8599488
51,0.77498984
48,0.60498637
44,0.5839399
55,0.4581381
57,0.42668912
75,0.35573784
57,0.35077167
51,0.34583125
57,0.33279234
57,0.31569713
