detection_classes,detection_scores
1,0.99936897
34,0.9776267
62,0.85971075
44,0.8453085
51,0.51448464
48,0.37317222
90,0.37290952
62,0.30912274
