detection_classes,detection_scores
87,0.69615024
4,0.48235762
51,0.46288675
2,0.43768343
49,0.3109516
