detection_classes,detection_scores
50,0.97414905
67,0.887414
86,0.49134222
67,0.49074394
67,0.4884886
50,0.4678832
34,0.4000893
