detection_classes,detection_scores
74,0.7433121
14,0.6245092
77,0.5810188
77,0.36202696
