detection_classes,detection_scores
48,0.66809344
49,0.5938184
44,0.38203955
