detection_classes,detection_scores
1,0.9664537
2,0.69338244
8,0.38913676
47,0.30222023
