detection_classes,detection_scores
44,0.8205442
81,0.45359617
86,0.3416423
