detection_classes,detection_scores
1,0.9970124
87,0.6729669
1,0.649601
