detection_classes,detection_scores
87,0.8022104
44,0.74116236
87,0.38901
44,0.31072792
