detection_classes,detection_scores
51,0.86890835
47,0.51657826
51,0.40646964
