detection_classes,detection_scores
86,0.87119377
44,0.6916585
87,0.5633278
