detection_classes,detection_scores
33,0.9818158
33,0.95501184
44,0.80486745
31,0.32868537
33,0.30049556
