detection_classes,detection_scores
7,0.42817676
33,0.36814374
87,0.3339986
33,0.3228177
