detection_classes,detection_scores
51,0.86753607
44,0.7907622
51,0.5047676
