detection_classes,detection_scores
67,0.8071468
61,0.5622758
87,0.4610804
67,0.40601864
44,0.38617384
