detection_classes,detection_scores
33,0.7271219
33,0.6544908
33,0.6409366
10,0.50082725
61,0.3056651
