detection_classes,detection_scores
51,0.9605413
47,0.53042
51,0.30635113
