detection_classes,detection_scores
33,0.98988986
33,0.8651544
77,0.864901
77,0.6290485
33,0.5756453
