detection_classes,detection_scores
87,0.8565837
34,0.57354367
86,0.559618
44,0.45944947
