detection_classes,detection_scores
8,0.7449846
5,0.6720944
5,0.45209202
9,0.3123209
