detection_classes,detection_scores
16,0.74517876
47,0.515653
11,0.32929575
