detection_classes,detection_scores
67,0.7464717
72,0.3999575
80,0.3065995
70,0.3041513
