detection_classes,detection_scores
1,0.96997267
44,0.9390327
1,0.564558
1,0.35063368
