detection_classes,detection_scores
5,0.809649
87,0.37278128
49,0.30534166
