detection_classes,detection_scores
44,0.70016664
47,0.6197148
44,0.31683356
