detection_classes,detection_scores
86,0.9344737
44,0.7950015
5,0.74743885
44,0.42234576
