detection_classes,detection_scores
86,0.91188985
86,0.85491693
67,0.70535237
43,0.3538738
67,0.3208449
