detection_classes,detection_scores
76,0.9655768
44,0.7288647
76,0.6432061
