detection_classes,detection_scores
61,0.58901596
10,0.5552863
38,0.5171723
2,0.45503166
