detection_classes,detection_scores
87,0.5878487
87,0.51525104
44,0.50208384
87,0.5017105
