detection_classes,detection_scores
47,0.60194093
33,0.5660292
33,0.30768493
