detection_classes,detection_scores
11,0.6680567
86,0.54088885
67,0.36453322
70,0.31249726
