detection_classes,detection_scores
4,0.75094813
33,0.6569139
33,0.56878334
2,0.5328089
1,0.5034508
