detection_classes,detection_scores
86,0.63836783
67,0.5533676
1,0.4969475
50,0.46551922
31,0.39417407
