detection_classes,detection_scores
62,0.50821954
62,0.43206555
44,0.33714396
62,0.33228245
