detection_classes,detection_scores
1,0.9703043
50,0.7880629
33,0.6838597
4,0.4510079
