detection_classes,detection_scores
44,0.788188
5,0.7693391
11,0.42750478
