detection_classes,detection_scores
1,0.9790685
1,0.9754929
1,0.8932228
1,0.8746739
1,0.8294384
1,0.7414122
1,0.73391163
1,0.57455856
1,0.49140298
1,0.39515033
1,0.36334166
