detection_classes,detection_scores
50,0.5262822
4,0.41388464
89,0.35174266
