detection_classes,detection_scores
86,0.9193044
62,0.64980197
67,0.30312544
