detection_classes,detection_scores
61,0.75960183
43,0.712682
86,0.32129943
