detection_classes,detection_scores
67,0.7318758
87,0.4824148
50,0.3446666
