detection_classes,detection_scores
1,0.9663794
2,0.738758
39,0.55355716
