detection_classes,detection_scores
39,0.5993364
35,0.45499036
62,0.31434664
