detection_classes,detection_scores
32,0.97235864
32,0.90613157
32,0.89926034
16,0.81615806
38,0.56610954
32,0.3664708
