detection_classes,detection_scores
1,0.99977857
1,0.9990319
1,0.99593014
1,0.98673546
1,0.94865876
39,0.93643343
1,0.9138052
39,0.8920017
1,0.88717794
1,0.874889
1,0.75537145
1,0.6699687
39,0.6111418
1,0.5478643
