detection_classes,detection_scores
1,0.9937011
1,0.93909323
1,0.89835626
1,0.85514736
1,0.8062692
1,0.77141404
1,0.75981045
1,0.60642844
1,0.47194853
1,0.43195206
1,0.39984432
52,0.39663458
1,0.36767462
1,0.33591023
