detection_classes,detection_scores
65,0.56968397
86,0.38425258
65,0.3839543
