detection_classes,detection_scores
33,0.6648093
15,0.59803766
65,0.57102
90,0.37094715
