detection_classes,detection_scores
61,0.9668687
67,0.8584626
87,0.5444477
67,0.47311813
