detection_classes,detection_scores
39,0.52593535
87,0.427261
43,0.40777802
