detection_classes,detection_scores
34,0.8213643
1,0.67118263
1,0.60137445
1,0.3763238
31,0.3095029
