detection_classes,detection_scores
1,0.99740344
1,0.92855215
1,0.64862275
