detection_classes,detection_scores
61,0.50242823
1,0.44894403
17,0.39311874
