detection_classes,detection_scores
2,0.65634894
15,0.62044376
87,0.59421754
