detection_classes,detection_scores
28,0.74153376
32,0.72294515
86,0.58328086
28,0.5163826
65,0.46523988
32,0.45490554
32,0.3804379
32,0.3595955
32,0.31136364
32,0.30800012
