detection_classes,detection_scores
1,0.9559454
84,0.8817737
84,0.80250376
84,0.75171864
1,0.6406504
84,0.60838735
84,0.5173669
84,0.51368046
84,0.4443491
33,0.43042254
84,0.42792052
84,0.4276282
84,0.39141685
84,0.39103478
1,0.31022674
