detection_classes,detection_scores
1,0.9988005
1,0.9826179
38,0.81070626
