detection_classes,detection_scores
35,0.85359967
41,0.674946
41,0.36406946
