detection_classes,detection_scores
28,0.61142725
28,0.5908025
38,0.35217702
35,0.3400452
42,0.30706963
