detection_classes,detection_scores
49,0.5951884
39,0.44783783
87,0.33821154
