detection_classes,detection_scores
1,0.9997002
1,0.9994924
41,0.65851265
41,0.3663259
41,0.36010352
