detection_classes,detection_scores
50,0.5888198
43,0.35705698
37,0.32742795
