detection_classes,detection_scores
84,0.58262914
82,0.49917316
86,0.4776609
84,0.4584554
86,0.39393038
49,0.30453497
