detection_classes,detection_scores
1,0.9871569
1,0.9712459
1,0.8351393
1,0.64512616
19,0.63062984
40,0.38947758
19,0.31694746
