detection_classes,detection_scores
1,0.99632996
9,0.63675404
1,0.45032665
1,0.3480027
