detection_classes,detection_scores
1,0.9978669
1,0.9846432
1,0.92123353
1,0.70044464
37,0.5389197
1,0.47034395
