detection_classes,detection_scores
39,0.93953246
35,0.58614844
5,0.50812954
