detection_classes,detection_scores
16,0.9621419
39,0.66330683
35,0.56962925
