detection_classes,detection_scores
31,0.8252584
49,0.80496025
58,0.6166961
1,0.41002905
67,0.3287346
31,0.30533966
