detection_classes,detection_scores
41,0.70357245
87,0.63788736
62,0.5732375
33,0.4048219
