detection_classes,detection_scores
2,0.6202073
1,0.56112444
1,0.5017367
9,0.5016397
87,0.49010265
2,0.3441666
1,0.33077362
