detection_classes,detection_scores
35,0.98259467
35,0.70183814
39,0.6860575
39,0.6438676
27,0.4519745
35,0.414505
31,0.3513506
10,0.31366402
