detection_classes,detection_scores
1,0.70345575
89,0.45419267
1,0.4120688
1,0.3925888
90,0.35059905
52,0.31148237
