detection_classes,detection_scores
77,0.62968767
38,0.54574645
16,0.5445907
39,0.39338985
