detection_classes,detection_scores
22,0.7058316
3,0.43947196
15,0.345184
23,0.31828418
