detection_classes,detection_scores
64,0.91610575
35,0.6382441
16,0.5170749
