detection_classes,detection_scores
32,0.42403474
41,0.39174625
1,0.3430558
16,0.32694277
