detection_classes,detection_scores
1,0.99889827
1,0.99650913
1,0.98684895
1,0.98274475
1,0.9658044
1,0.95828724
28,0.9007082
1,0.8998346
28,0.8942222
1,0.8623619
1,0.75848925
1,0.7359067
1,0.5827803
1,0.5703494
1,0.53420645
1,0.513868
1,0.47558984
1,0.4109672
1,0.39888704
1,0.32822332
1,0.31494814
