detection_classes,detection_scores
87,0.8087719
87,0.7814668
49,0.42639983
