detection_classes,detection_scores
49,0.6479483
31,0.3599221
67,0.35105553
65,0.3347017
