detection_classes,detection_scores
5,0.6281355
36,0.39454
28,0.31945398
