detection_classes,detection_scores
1,0.9983425
1,0.9982284
1,0.9715166
1,0.9038865
1,0.66204053
1,0.64576674
1,0.6219166
1,0.61259764
1,0.52960265
1,0.51250666
1,0.35465857
1,0.32571068
1,0.31056407
