detection_classes,detection_scores
39,0.973739
1,0.7099888
1,0.67426413
35,0.64864206
39,0.54046655
