detection_classes,detection_scores
1,0.9913713
31,0.8961672
28,0.7124601
86,0.61522186
9,0.40518275
16,0.37133035
