detection_classes,detection_scores
37,0.78889066
37,0.61212
39,0.5647206
