detection_classes,detection_scores
4,0.8898165
1,0.59419465
65,0.5439525
1,0.41264102
65,0.38342485
