detection_classes,detection_scores
1,0.9994728
1,0.9101596
43,0.53433025
1,0.3701656
41,0.32865563
