detection_classes,detection_scores
1,0.9746276
1,0.7267156
1,0.5548357
1,0.43377668
1,0.3632275
