detection_classes,detection_scores
32,0.6089213
49,0.33794162
31,0.3118123
