detection_classes,detection_scores
1,0.9975491
1,0.7523897
1,0.48028064
87,0.3701381
