detection_classes,detection_scores
1,0.99949336
39,0.9159656
15,0.4899892
