detection_classes,detection_scores
41,0.5166593
39,0.39868507
39,0.35209578
