detection_classes,detection_scores
35,0.7083556
35,0.37164897
35,0.3529651
