detection_classes,detection_scores
87,0.9427007
87,0.5601523
2,0.47148022
