detection_classes,detection_scores
1,0.9862322
87,0.859015
87,0.8411016
1,0.5937055
1,0.52386796
1,0.39840168
1,0.33227518
1,0.32805002
