detection_classes,detection_scores
87,0.99565613
52,0.42554536
87,0.38626575
31,0.30551854
