detection_classes,detection_scores
85,0.91536766
87,0.64862484
44,0.5782957
44,0.5529714
