detection_classes,detection_scores
1,0.9992735
1,0.9966911
1,0.9836091
1,0.96540993
39,0.86616266
1,0.780205
1,0.6548475
1,0.5013283
1,0.34934664
