detection_classes,detection_scores
49,0.965408
49,0.40288052
49,0.3903204
