detection_classes,detection_scores
84,0.9413318
49,0.74274135
44,0.601861
84,0.54300106
87,0.4368351
