detection_classes,detection_scores
1,0.9899082
1,0.9815165
1,0.9206546
1,0.91790015
50,0.55275255
1,0.5296443
1,0.4789557
1,0.38050455
50,0.35087654
31,0.3455671
