detection_classes,detection_scores
39,0.5809671
49,0.5584811
49,0.40587252
28,0.3079235
