detection_classes,detection_scores
65,0.5501071
86,0.4309343
35,0.30537394
