detection_classes,detection_scores
1,0.85708755
62,0.810166
81,0.64158946
1,0.42400876
48,0.41888463
62,0.39870888
15,0.302693
