detection_classes,detection_scores
42,0.86124957
49,0.66264987
87,0.3506819
