detection_classes,detection_scores
42,0.52965647
87,0.3767234
41,0.31188688
