detection_classes,detection_scores
1,0.999782
1,0.9991386
1,0.99890363
1,0.99767333
1,0.99748886
1,0.9908468
1,0.9576766
1,0.93764615
1,0.90999204
1,0.89072686
1,0.48362672
1,0.44303614
1,0.33982885
