detection_classes,detection_scores
49,0.8330369
87,0.5105975
49,0.47600427
90,0.37901443
