detection_classes,detection_scores
49,0.80162054
87,0.801364
87,0.74772185
49,0.68166035
87,0.38480347
