detection_classes,detection_scores
49,0.8167016
49,0.5396177
35,0.5166291
49,0.5075909
5,0.49169213
49,0.42560354
35,0.38187757
