detection_classes,detection_scores
49,0.9317786
49,0.80825853
87,0.4419532
