detection_classes,detection_scores
1,0.9974848
1,0.7784804
1,0.6196653
1,0.48840848
77,0.4437371
1,0.4161378
