detection_classes,detection_scores
49,0.577198
90,0.5318896
32,0.47698867
87,0.38336885
28,0.3445231
