detection_classes,detection_scores
5,0.9122829
87,0.57762676
87,0.55466324
87,0.45762378
