detection_classes,detection_scores
87,0.9189124
49,0.8042517
87,0.79540664
49,0.6170911
87,0.5470735
49,0.49958003
