detection_classes,detection_scores
52,0.4615645
11,0.43138406
86,0.4121894
