detection_classes,detection_scores
32,0.95714986
1,0.9189148
32,0.7494674
47,0.3196649
