detection_classes,detection_scores
1,0.99715996
49,0.94766617
1,0.9179633
1,0.7368785
1,0.35004702
