detection_classes,detection_scores
87,0.84485435
4,0.77175957
1,0.6807047
27,0.3440576
