detection_classes,detection_scores
1,0.99897885
1,0.9942835
62,0.90391475
1,0.47040135
67,0.34691003
