detection_classes,detection_scores
87,0.9661122
49,0.6150314
85,0.5066096
87,0.31972805
