detection_classes,detection_scores
32,0.87824667
86,0.32878867
40,0.32864514
