detection_classes,detection_scores
65,0.6455638
28,0.52338994
65,0.46552226
49,0.4512589
