detection_classes,detection_scores
39,0.978692
39,0.8917304
39,0.8744068
39,0.8565153
39,0.7988387
49,0.7256513
49,0.6689052
58,0.5705373
41,0.3798041
35,0.3308757
39,0.31013137
1,0.30966505
1,0.3078945
1,0.3035437
