detection_classes,detection_scores
1,0.99654156
1,0.9754557
1,0.95609933
1,0.9499933
1,0.93241316
1,0.8745757
1,0.8476964
1,0.84425575
1,0.78161323
1,0.6957532
1,0.6596127
1,0.6584298
1,0.61702895
1,0.5824648
1,0.54868305
1,0.50864476
1,0.505572
1,0.4983193
1,0.36174858
1,0.3614034
62,0.32680255
