detection_classes,detection_scores
1,0.99534094
1,0.90173256
1,0.5101617
1,0.4575806
1,0.4290366
