detection_classes,detection_scores
32,0.93127775
32,0.6506105
87,0.51891667
