detection_classes,detection_scores
87,0.7045922
90,0.48054618
50,0.42536515
48,0.42373186
