detection_classes,detection_scores
85,0.95215464
64,0.6815346
85,0.6590042
44,0.62887084
64,0.6238934
85,0.6027124
44,0.58746725
86,0.50164926
