detection_classes,detection_scores
87,0.8028062
87,0.7968806
39,0.60265243
1,0.5704593
1,0.50781924
49,0.40555617
2,0.35489362
4,0.34655818
87,0.34198532
