detection_classes,detection_scores
1,0.9958748
60,0.7574712
1,0.668406
