detection_classes,detection_scores
1,0.99895656
1,0.9986092
1,0.9958974
1,0.9316479
62,0.9051214
1,0.81573004
1,0.69309294
1,0.6747761
62,0.6076321
33,0.3114937
