detection_classes,detection_scores
49,0.9511165
49,0.88722813
42,0.52142495
35,0.39410993
42,0.37557527
49,0.3688198
