detection_classes,detection_scores
1,0.99499536
1,0.8958784
1,0.4934753
1,0.48417082
84,0.39595944
75,0.35205
