detection_classes,detection_scores
16,0.95372677
85,0.45783877
34,0.3178084
