detection_classes,detection_scores
49,0.93683195
49,0.8869713
87,0.41885749
48,0.32104325
