detection_classes,detection_scores
87,0.8926729
87,0.7684435
87,0.6669231
87,0.5854372
49,0.48212907
