detection_classes,detection_scores
5,0.8792125
5,0.46767065
5,0.31922773
