detection_classes,detection_scores
1,0.9994141
16,0.9436001
1,0.40045315
72,0.38161588
16,0.31517142
52,0.30822566
