detection_classes,detection_scores
35,0.856632
1,0.73099715
39,0.7068166
39,0.5362257
5,0.39193022
