detection_classes,detection_scores
1,0.930824
28,0.64948165
28,0.5571005
62,0.5478505
28,0.41152596
39,0.35813686
28,0.34419975
