detection_classes,detection_scores
85,0.45671612
86,0.3885473
19,0.31347692
