detection_classes,detection_scores
1,0.95953226
10,0.80073994
49,0.43715996
