detection_classes,detection_scores
1,0.9982869
43,0.7875162
35,0.65236384
87,0.36769718
