detection_classes,detection_scores
85,0.87250996
47,0.60234076
41,0.3528221
