detection_classes,detection_scores
87,0.9339326
19,0.84456414
1,0.53675693
19,0.5336134
41,0.3022973
