detection_classes,detection_scores
1,0.9936022
19,0.9167512
1,0.8064054
1,0.7934298
1,0.76022995
1,0.6955535
1,0.50847554
1,0.48803356
1,0.45249176
1,0.37621742
