detection_classes,detection_scores
49,0.65628207
87,0.59098864
87,0.56917435
39,0.50435656
35,0.32066035
