detection_classes,detection_scores
49,0.95384824
49,0.9478379
87,0.5238852
87,0.51754636
41,0.44933823
