detection_classes,detection_scores
33,0.7885699
33,0.7871106
84,0.7354582
62,0.6500496
33,0.5454916
84,0.3655883
33,0.34400335
