detection_classes,detection_scores
28,0.36368993
15,0.359274
62,0.33903491
