detection_classes,detection_scores
50,0.6140446
87,0.590631
50,0.52512884
50,0.3022077
