detection_classes,detection_scores
1,0.99976486
1,0.99805593
40,0.79270035
31,0.34098604
