detection_classes,detection_scores
17,0.71867305
88,0.5276358
49,0.4593408
