detection_classes,detection_scores
1,0.9998697
1,0.99871194
19,0.57214135
21,0.52729654
