detection_classes,detection_scores
39,0.7488511
39,0.5258015
39,0.43463668
85,0.34724876
