detection_classes,detection_scores
15,0.48252943
33,0.47226265
49,0.42488846
3,0.40730476
77,0.36311686
87,0.33856064
