detection_classes,detection_scores
39,0.86265486
39,0.37969992
49,0.31716397
