detection_classes,detection_scores
87,0.9418772
87,0.56578064
87,0.3873711
