detection_classes,detection_scores
87,0.9415444
87,0.86302793
87,0.5967828
87,0.40731972
87,0.3339896
