detection_classes,detection_scores
86,0.8859114
48,0.6659438
86,0.63622797
32,0.4739484
85,0.45167932
