detection_classes,detection_scores
49,0.97057647
49,0.85532206
87,0.5968579
49,0.44901982
