detection_classes,detection_scores
1,0.98840916
1,0.9866175
22,0.68957543
1,0.48737112
