detection_classes,detection_scores
1,0.9999473
1,0.9968143
9,0.6160411
