detection_classes,detection_scores
1,0.9987954
82,0.98872805
47,0.32356805
47,0.3124261
