detection_classes,detection_scores
28,0.6878502
41,0.6614964
41,0.62734383
49,0.3411306
