detection_classes,detection_scores
61,0.84116685
86,0.47058603
51,0.32805878
61,0.32380423
