detection_classes,detection_scores
86,0.90665
19,0.73568135
86,0.5847994
86,0.5690442
11,0.3142606
