detection_classes,detection_scores
49,0.9881094
49,0.8580454
49,0.45136848
