detection_classes,detection_scores
35,0.80972815
39,0.7302523
35,0.38590273
