detection_classes,detection_scores
16,0.9301562
16,0.6718248
16,0.57288826
4,0.39912853
