detection_classes,detection_scores
1,0.9984237
64,0.9579884
64,0.64499193
64,0.5685079
