detection_classes,detection_scores
84,0.9554284
87,0.5835209
87,0.50066715
