detection_classes,detection_scores
87,0.9002976
15,0.5548909
31,0.35135373
41,0.33335412
67,0.30233023
