detection_classes,detection_scores
5,0.7762549
9,0.49504876
49,0.358273
