detection_classes,detection_scores
39,0.7298697
39,0.4179158
39,0.345504
90,0.3380041
