detection_classes,detection_scores
1,0.99938405
1,0.98596
3,0.9716257
1,0.96227396
1,0.8570429
3,0.66394395
3,0.5127616
3,0.42019346
1,0.35327324
