detection_classes,detection_scores
1,0.9984149
86,0.55330163
39,0.53893125
