detection_classes,detection_scores
1,0.99941874
1,0.99792385
1,0.9974625
1,0.9955422
1,0.9946451
1,0.9806832
1,0.9566397
1,0.83534175
1,0.7342936
1,0.72308683
1,0.70580536
1,0.5608077
1,0.4233727
