detection_classes,detection_scores
87,0.9966889
87,0.9793835
87,0.9523772
87,0.9104438
33,0.86407375
87,0.8631763
57,0.47103035
87,0.44485405
33,0.4257071
73,0.3657998
57,0.33647707
