detection_classes,detection_scores
7,0.5023483
9,0.37770385
27,0.3698258
31,0.31802633
