detection_classes,detection_scores
86,0.7078981
86,0.43636546
82,0.38796398
86,0.38388327
86,0.33906057
86,0.31719026
1,0.30710986
