detection_classes,detection_scores
49,0.7238751
32,0.33284852
37,0.30988872
