detection_classes,detection_scores
39,0.9188033
44,0.82640904
39,0.65401
49,0.48419905
