detection_classes,detection_scores
65,0.94604164
65,0.8976831
65,0.86768377
1,0.7787075
1,0.6509885
1,0.60908574
1,0.36093011
1,0.34162697
