detection_classes,detection_scores
81,0.64700246
31,0.41575146
67,0.40053394
81,0.31025818
