detection_classes,detection_scores
1,0.99954814
1,0.99953425
1,0.891214
1,0.82912105
1,0.8159437
1,0.6701901
1,0.6256861
1,0.603378
1,0.53682894
1,0.39840978
