detection_classes,detection_scores
1,0.9997229
1,0.9986904
1,0.99766517
