detection_classes,detection_scores
1,0.45395228
33,0.34328845
1,0.33054876
