detection_classes,detection_scores
62,0.49511817
4,0.4551438
43,0.39797425
44,0.36546716
