detection_classes,detection_scores
41,0.5340882
35,0.4685448
86,0.36357296
