detection_classes,detection_scores
1,0.98620796
65,0.76439774
65,0.42779046
1,0.3188466
