detection_classes,detection_scores
1,0.5486598
15,0.41127694
32,0.38361588
15,0.35452738
62,0.31260872
