detection_classes,detection_scores
1,0.9993544
31,0.41257805
64,0.3338069
