detection_classes,detection_scores
1,0.9974649
1,0.97786707
39,0.94931954
39,0.50198066
