detection_classes,detection_scores
49,0.53679574
49,0.51378495
49,0.4111613
