detection_classes,detection_scores
1,0.9990903
1,0.9987203
1,0.99637294
1,0.9929731
1,0.98140645
1,0.98073834
1,0.95763534
1,0.9484848
1,0.94420713
1,0.9286476
1,0.7864606
1,0.775628
1,0.7677834
1,0.73633224
1,0.72204137
1,0.5470581
39,0.5169445
1,0.45451
1,0.449816
1,0.38545305
43,0.38177606
1,0.3577209
1,0.30772117
