detection_classes,detection_scores
1,0.9999217
1,0.9994548
1,0.9890671
1,0.9645466
