detection_classes,detection_scores
86,0.95439965
87,0.8967924
52,0.7916197
87,0.693545
49,0.6882685
87,0.5481734
65,0.5069363
87,0.3363792
