detection_classes,detection_scores
49,0.6752131
28,0.6412034
32,0.4770673
