detection_classes,detection_scores
1,0.99784505
1,0.996561
62,0.9875367
1,0.92291164
63,0.67065763
62,0.60622656
62,0.5672286
63,0.50923306
63,0.32073763
