detection_classes,detection_scores
1,0.9996026
1,0.9775488
1,0.8627705
1,0.83389926
1,0.8248069
1,0.8169763
1,0.80313027
1,0.7946499
1,0.7712737
1,0.7221816
39,0.71369785
1,0.66459984
1,0.6588518
1,0.6137774
1,0.48613626
1,0.4721482
39,0.44363332
1,0.43458045
1,0.4321472
1,0.40695548
1,0.34769714
