detection_classes,detection_scores
85,0.86570793
16,0.7927458
13,0.53108555
