detection_classes,detection_scores
44,0.83958143
82,0.4586968
33,0.36261168
