detection_classes,detection_scores
32,0.960517
32,0.5992343
37,0.549947
90,0.5356305
37,0.46168256
