detection_classes,detection_scores
61,0.61523813
52,0.53740704
1,0.4153649
