detection_classes,detection_scores
86,0.77099836
62,0.64901596
1,0.5164886
2,0.37978348
65,0.3407922
87,0.31082267
