detection_classes,detection_scores
87,0.77094865
1,0.7065284
86,0.34741426
