detection_classes,detection_scores
87,0.9890604
87,0.7637384
49,0.72999007
87,0.67699945
87,0.56630474
28,0.49446094
