detection_classes,detection_scores
16,0.9988028
22,0.4394646
39,0.3658737
