detection_classes,detection_scores
1,0.9999652
1,0.9998803
62,0.5759668
10,0.5716344
62,0.47957358
