detection_classes,detection_scores
1,0.9976307
1,0.97991574
1,0.9720429
39,0.7021986
1,0.6970983
1,0.5211909
