detection_classes,detection_scores
49,0.998841
49,0.9974125
49,0.76699364
49,0.56204486
51,0.38067493
