detection_classes,detection_scores
1,0.99018717
16,0.87621117
19,0.43480843
16,0.3491737
1,0.30075306
