detection_classes,detection_scores
70,0.6937064
78,0.47638765
79,0.3758282
