detection_classes,detection_scores
3,0.69113636
8,0.66566354
6,0.39107528
8,0.38912717
5,0.32904023
7,0.31853002
