detection_classes,detection_scores
28,0.9708472
28,0.8602087
38,0.7394913
28,0.45163277
