detection_classes,detection_scores
1,0.9916203
85,0.9132557
1,0.82241094
1,0.7412735
