detection_classes,detection_scores
51,0.9671249
34,0.91815776
90,0.43740267
52,0.43536624
