detection_classes,detection_scores
1,0.9969127
1,0.98627174
1,0.9138881
1,0.8751199
28,0.8358276
28,0.7389042
89,0.4894696
1,0.48715907
2,0.40379107
27,0.39975807
75,0.31440157
