detection_classes,detection_scores
28,0.94460464
5,0.8619952
38,0.31865066
