detection_classes,detection_scores
90,0.6358986
47,0.62098634
49,0.3768471
50,0.3085908
