detection_classes,detection_scores
1,0.9995772
38,0.8762896
28,0.38213432
