detection_classes,detection_scores
62,0.9909412
28,0.99052095
62,0.9875
62,0.7463235
62,0.58008975
