detection_classes,detection_scores
75,0.57197726
77,0.5705368
70,0.46651885
