detection_classes,detection_scores
77,0.94329506
49,0.6031735
84,0.44829264
