detection_classes,detection_scores
75,0.5851279
89,0.5195339
77,0.39058858
74,0.36398903
