detection_classes,detection_scores
76,0.9988839
74,0.98871756
73,0.98216677
72,0.9756349
72,0.5018974
