detection_classes,detection_scores
1,0.9996278
1,0.9153082
28,0.798422
38,0.5973033
9,0.35445607
