detection_classes,detection_scores
1,0.99632853
1,0.96597934
44,0.674207
62,0.60536194
62,0.5182625
