detection_classes,detection_scores
1,0.99486613
84,0.75568485
31,0.7356197
84,0.6630045
84,0.6505359
84,0.59140974
84,0.5306262
84,0.52548045
84,0.49523163
84,0.4863786
84,0.45827642
84,0.44637197
84,0.42760617
84,0.37257454
84,0.34506223
84,0.34006125
