detection_classes,detection_scores
76,0.9985083
72,0.912682
75,0.7815747
74,0.7702776
73,0.32932037
84,0.30039716
