detection_classes,detection_scores
1,0.9975178
1,0.58344805
42,0.53715575
8,0.42613676
8,0.42534453
3,0.34783635
3,0.30032519
