detection_classes,detection_scores
1,0.99985874
1,0.9941825
1,0.98952943
1,0.6947708
1,0.6757038
1,0.5689383
1,0.35313448
1,0.3245608
