detection_classes,detection_scores
1,0.98521566
57,0.9571925
1,0.8537805
77,0.68179214
1,0.63255686
75,0.63083386
1,0.5599697
1,0.3742732
