detection_classes,detection_scores
1,0.9974348
1,0.94340956
32,0.84693795
