detection_classes,detection_scores
1,0.9973737
47,0.98375237
47,0.9696023
86,0.94886154
62,0.9355792
