detection_classes,detection_scores
1,0.9723511
1,0.9540433
1,0.9336924
1,0.73469627
33,0.70428175
3,0.6941462
3,0.46910295
1,0.43329427
8,0.40922514
1,0.3499639
