detection_classes,detection_scores
28,0.68932533
33,0.62680274
65,0.4591695
90,0.3209352
