detection_classes,detection_scores
17,0.99898773
85,0.6779649
3,0.43399402
