detection_classes,detection_scores
1,0.99300754
75,0.9209087
82,0.43502912
