detection_classes,detection_scores
1,0.9985624
1,0.99802387
1,0.9959065
1,0.99584275
1,0.9928698
1,0.989814
1,0.9888785
1,0.9798853
1,0.8473787
1,0.79117656
1,0.7852967
1,0.7787753
1,0.6283319
1,0.60856664
1,0.54520994
1,0.5350062
1,0.52909744
1,0.45516756
