detection_classes,detection_scores
1,0.98046654
1,0.95516133
75,0.38081703
