detection_classes,detection_scores
21,0.994272
1,0.9927758
1,0.9877862
1,0.9348783
1,0.7906286
1,0.7854293
22,0.6533688
