detection_classes,detection_scores
73,0.8374058
47,0.661214
76,0.31961486
