detection_classes,detection_scores
2,0.9981736
38,0.91809314
28,0.413827
