detection_classes,detection_scores
70,0.70866436
70,0.38062325
79,0.35394454
78,0.3410599
