detection_classes,detection_scores
49,0.8579218
90,0.6628461
90,0.6579076
42,0.4444612
90,0.36484352
49,0.34635416
