detection_classes,detection_scores
90,0.61550134
51,0.6140095
89,0.47858384
67,0.455076
36,0.31644338
74,0.3130668
