detection_classes,detection_scores
78,0.5780036
79,0.5590555
82,0.5008712
