detection_classes,detection_scores
76,0.9762975
76,0.926652
44,0.8669069
86,0.8455478
74,0.5345426
73,0.4206292
76,0.34992343
