detection_classes,detection_scores
1,0.99202263
1,0.990226
1,0.9760467
1,0.7885462
1,0.7622412
1,0.71939903
55,0.64454144
1,0.59385395
1,0.43222737
1,0.3773634
