detection_classes,detection_scores
1,0.96947
1,0.9140443
1,0.85640675
1,0.84835166
1,0.72792566
8,0.6978098
1,0.63567483
5,0.52701783
28,0.43198287
1,0.42169857
1,0.41052294
1,0.41013315
1,0.35420957
