detection_classes,detection_scores
1,0.9757252
8,0.9736574
38,0.6032807
3,0.36938348
