detection_classes,detection_scores
1,0.99805284
1,0.9971698
1,0.99577504
1,0.986736
1,0.9853278
1,0.9808576
1,0.9737707
1,0.9505728
1,0.91448927
1,0.90378034
1,0.89629984
1,0.8166848
1,0.795285
1,0.6604797
1,0.63579553
1,0.62144333
1,0.6195746
1,0.52063614
1,0.5079909
1,0.4810006
1,0.4434605
1,0.39060354
1,0.37668714
1,0.34149846
1,0.3376793
1,0.31405523
1,0.31176803
1,0.30921215
1,0.30801246
1,0.30287695
