detection_classes,detection_scores
1,0.9967173
47,0.91809916
18,0.9041434
79,0.39729708
21,0.3893051
78,0.32548064
