detection_classes,detection_scores
18,0.9993494
33,0.9563216
62,0.5183115
33,0.38624665
