detection_classes,detection_scores
79,0.9083282
82,0.6829066
78,0.31015193
