detection_classes,detection_scores
82,0.9103572
82,0.88661516
79,0.3891644
