detection_classes,detection_scores
1,0.611826
55,0.5620057
65,0.5345705
61,0.42163026
