detection_classes,detection_scores
75,0.8345114
51,0.56862795
75,0.31296927
77,0.3047047
