detection_classes,detection_scores
38,0.91777724
5,0.79130787
38,0.3039126
