detection_classes,detection_scores
1,0.9645766
28,0.8527783
1,0.4975645
