detection_classes,detection_scores
72,0.99924374
1,0.78241765
44,0.71881783
44,0.6232518
84,0.580996
1,0.57726705
79,0.53344464
63,0.515423
70,0.34593678
62,0.3286823
