detection_classes,detection_scores
1,0.99396354
32,0.6793007
1,0.51522255
