detection_classes,detection_scores
86,0.9422025
47,0.4513326
79,0.37577975
86,0.34754825
