detection_classes,detection_scores
1,0.99072903
1,0.8674574
1,0.41943598
1,0.33548367
3,0.30685103
