detection_classes,detection_scores
85,0.992819
39,0.41442698
1,0.39614797
85,0.33615103
