detection_classes,detection_scores
1,0.99717253
1,0.94604796
15,0.868472
1,0.60423076
64,0.4884687
