detection_classes,detection_scores
1,0.99259114
1,0.9400453
1,0.8959742
1,0.57895803
1,0.56233996
1,0.45662957
1,0.35397846
1,0.33034506
77,0.32756934
