detection_classes,detection_scores
74,0.986083
77,0.90554416
53,0.8596239
67,0.42385086
86,0.30551878
