detection_classes,detection_scores
77,0.7609351
14,0.7396397
33,0.5777556
