detection_classes,detection_scores
1,0.999658
1,0.65147686
1,0.6025643
1,0.42452082
