detection_classes,detection_scores
79,0.61870366
77,0.60402673
73,0.5352966
