detection_classes,detection_scores
1,0.99162686
84,0.70308816
84,0.57078266
