detection_classes,detection_scores
1,0.8798997
1,0.57117015
1,0.48176566
