detection_classes,detection_scores
76,0.7864101
75,0.5744021
84,0.39410043
