detection_classes,detection_scores
46,0.74176323
84,0.5885021
79,0.422037
51,0.40412274
