detection_classes,detection_scores
28,0.75008184
31,0.5191112
65,0.41933212
49,0.41672197
