detection_classes,detection_scores
1,0.9724668
32,0.902387
1,0.7249675
63,0.41354603
28,0.38392124
32,0.37057835
1,0.3011565
