detection_classes,detection_scores
84,0.7837941
90,0.50848526
90,0.39223516
