detection_classes,detection_scores
1,0.9954222
28,0.40827185
86,0.30947122
