detection_classes,detection_scores
1,0.99558663
75,0.80643
74,0.6350243
1,0.45671347
65,0.34635997
67,0.31250337
