detection_classes,detection_scores
85,0.99542576
87,0.6991664
76,0.66806704
76,0.53759176
1,0.5148352
85,0.43350327
4,0.35261947
