detection_classes,detection_scores
1,0.9926041
1,0.97879606
62,0.7025635
31,0.6512808
1,0.330085
