detection_classes,detection_scores
1,0.7558444
28,0.68668306
1,0.5600803
