detection_classes,detection_scores
1,0.995006
1,0.51673806
1,0.4808279
1,0.41228467
28,0.32215613
