detection_classes,detection_scores
74,0.95562327
74,0.84267616
34,0.48143992
89,0.30039853
