detection_classes,detection_scores
76,0.8449624
1,0.4092691
73,0.3091159
