detection_classes,detection_scores
1,0.9999193
1,0.98743236
1,0.9267913
1,0.8613121
1,0.858277
1,0.7308856
1,0.6084158
3,0.56976813
1,0.51112735
1,0.47876477
1,0.44955206
1,0.3819214
