detection_classes,detection_scores
1,0.9972459
1,0.9947615
1,0.99416417
1,0.9924271
28,0.62045616
38,0.5032309
