detection_classes,detection_scores
1,0.78242004
28,0.5345704
9,0.53433424
42,0.31191987
