detection_classes,detection_scores
44,0.83885586
70,0.7017961
72,0.30104855
