detection_classes,detection_scores
14,0.49050096
75,0.48302022
89,0.4624769
74,0.44227982
