detection_classes,detection_scores
74,0.9384056
74,0.714625
75,0.51485974
