detection_classes,detection_scores
78,0.75162077
78,0.5995169
78,0.50159687
79,0.47778484
79,0.40896544
79,0.3727818
79,0.35349312
3,0.30140594
