detection_classes,detection_scores
85,0.9936702
59,0.6974805
59,0.68183875
67,0.6738828
61,0.3051456
