detection_classes,detection_scores
1,0.99956125
1,0.99855167
1,0.9957081
1,0.81050473
64,0.32852685
