detection_classes,detection_scores
5,0.9830452
28,0.75632876
28,0.36595288
64,0.32526925
