detection_classes,detection_scores
38,0.8799756
28,0.760964
28,0.42542264
