detection_classes,detection_scores
50,0.9952722
74,0.98788446
50,0.7991021
89,0.30022484
