detection_classes,detection_scores
17,0.9986419
78,0.95158887
70,0.79002625
79,0.7635898
79,0.51932865
79,0.3644641
79,0.3344887
