detection_classes,detection_scores
78,0.89102286
72,0.36522436
79,0.33347908
