detection_classes,detection_scores
1,0.9983078
1,0.9937056
1,0.98886615
1,0.9678009
1,0.9238713
28,0.45744205
3,0.33006197
1,0.31451693
