detection_classes,detection_scores
1,0.96825
18,0.7310202
1,0.58792216
1,0.47242907
