detection_classes,detection_scores
79,0.7331036
44,0.7303321
3,0.72929674
62,0.600197
6,0.40144587
