detection_classes,detection_scores
1,0.99468106
75,0.994294
1,0.98823905
63,0.8484807
63,0.62424463
