detection_classes,detection_scores
44,0.98706496
44,0.9870502
44,0.6877039
