detection_classes,detection_scores
17,0.99655735
70,0.71569645
79,0.5096661
3,0.33752444
82,0.3325396
