detection_classes,detection_scores
75,0.43249512
32,0.4016593
70,0.3451945
70,0.32724193
