detection_classes,detection_scores
77,0.9348209
78,0.5035935
85,0.3096993
