detection_classes,detection_scores
74,0.9438645
70,0.930638
86,0.40357733
