detection_classes,detection_scores
51,0.82422554
77,0.58535784
75,0.4532819
