detection_classes,detection_scores
79,0.8346609
78,0.50141925
85,0.41599685
70,0.3192906
