detection_classes,detection_scores
17,0.99844617
51,0.8215738
81,0.49294317
