detection_classes,detection_scores
86,0.50277734
44,0.3750072
44,0.34855637
86,0.327149
33,0.3231345
