detection_classes,detection_scores
51,0.8332443
85,0.7998466
67,0.5764877
34,0.3382342
60,0.31775588
47,0.3077407
