detection_classes,detection_scores
1,0.99799013
1,0.93866104
1,0.70505357
1,0.5070751
1,0.30924484
