detection_classes,detection_scores
1,0.92429477
9,0.7704938
28,0.35634097
62,0.32562152
65,0.31446552
