detection_classes,detection_scores
1,0.99939823
32,0.9022335
1,0.8695874
67,0.83021814
