detection_classes,detection_scores
1,0.9990717
28,0.9084275
28,0.8074592
28,0.55521524
42,0.3607722
