detection_classes,detection_scores
1,0.99932647
1,0.95347714
84,0.6033311
1,0.36673063
54,0.32697788
