detection_classes,detection_scores
1,0.99449784
1,0.97151405
1,0.93701136
47,0.9218755
1,0.8771926
28,0.85942185
1,0.8533522
1,0.8466076
37,0.78193724
