detection_classes,detection_scores
38,0.741495
46,0.5228263
28,0.3979276
