detection_classes,detection_scores
1,0.9745812
1,0.9532741
1,0.6021579
75,0.52831733
44,0.4719337
47,0.34671727
