detection_classes,detection_scores
85,0.99848443
90,0.87785405
1,0.45432478
88,0.4527241
62,0.33989757
