detection_classes,detection_scores
17,0.9981737
81,0.6970141
62,0.3712207
70,0.31815383
