detection_classes,detection_scores
3,0.99233454
3,0.98937726
3,0.98088396
65,0.3233464
