detection_classes,detection_scores
28,0.97559845
18,0.81498146
1,0.71274143
