detection_classes,detection_scores
1,0.934783
1,0.6513405
1,0.6197597
62,0.47241962
1,0.44048095
