detection_classes,detection_scores
1,0.99619114
1,0.9192552
1,0.4091672
44,0.39539185
