detection_classes,detection_scores
1,0.9983463
1,0.99775225
1,0.99766326
32,0.99180037
1,0.8671327
1,0.77894586
1,0.60700226
32,0.43604407
1,0.3758245
1,0.36413836
