detection_classes,detection_scores
74,0.8503652
75,0.6606943
74,0.532955
89,0.3560936
