detection_classes,detection_scores
1,0.9986946
1,0.9912032
1,0.87685907
