detection_classes,detection_scores
1,0.99614525
18,0.9930749
1,0.98511446
42,0.7446773
1,0.73710394
1,0.5901519
28,0.44556993
1,0.37948978
1,0.3635901
9,0.34573582
