detection_classes,detection_scores
1,0.98229057
28,0.98195857
1,0.4343734
