detection_classes,detection_scores
40,0.48230532
61,0.35593832
36,0.331172
