detection_classes,detection_scores
70,0.8136097
75,0.47654253
77,0.46142018
