detection_classes,detection_scores
85,0.582425
8,0.47754657
7,0.38148248
6,0.35014096
