detection_classes,detection_scores
1,0.99961025
1,0.99740005
1,0.96627265
25,0.7808202
19,0.67655545
1,0.6487581
1,0.3762051
33,0.3410682
