detection_classes,detection_scores
76,0.9916258
1,0.98148084
84,0.9253361
62,0.8278619
84,0.7164633
84,0.7029948
84,0.6863044
1,0.64622676
1,0.595297
62,0.47817168
52,0.4218723
76,0.3568966
