detection_classes,detection_scores
82,0.99881196
79,0.7904659
82,0.35383657
