detection_classes,detection_scores
17,0.997486
78,0.51920384
79,0.4924893
70,0.43995452
