detection_classes,detection_scores
17,0.99224865
3,0.75808513
3,0.5406831
3,0.32628495
81,0.32407403
75,0.30246323
