detection_classes,detection_scores
41,0.8016624
28,0.76936126
1,0.7076963
1,0.6797316
1,0.65033245
5,0.6413195
1,0.5922533
1,0.5775017
37,0.501284
1,0.46345213
9,0.38532823
1,0.35415447
