detection_classes,detection_scores
1,0.9991468
28,0.68336314
1,0.6498289
31,0.4608822
