detection_classes,detection_scores
47,0.9763481
49,0.9413535
1,0.81065524
47,0.5029964
67,0.31369582
