detection_classes,detection_scores
1,0.99831593
32,0.3686912
1,0.3540645
1,0.30910745
