detection_classes,detection_scores
18,0.89723307
42,0.8563233
21,0.515672
1,0.46788234
