detection_classes,detection_scores
85,0.9983542
85,0.9917489
85,0.9631708
