detection_classes,detection_scores
14,0.56555295
79,0.5592181
70,0.44452557
82,0.31622812
