detection_classes,detection_scores
2,0.9974037
28,0.6308138
38,0.5999406
27,0.551911
31,0.38295862
