detection_classes,detection_scores
85,0.99777585
85,0.647319
15,0.33516085
65,0.304685
