detection_classes,detection_scores
1,0.9916066
87,0.7313277
89,0.34330875
