detection_classes,detection_scores
1,0.99493223
1,0.8862003
1,0.82458687
