detection_classes,detection_scores
1,0.3901499
62,0.32743514
50,0.31209663
73,0.3050576
