detection_classes,detection_scores
78,0.8215011
79,0.5021655
70,0.36330825
