detection_classes,detection_scores
51,0.8974023
46,0.7544732
79,0.33540222
48,0.30960667
67,0.30840036
47,0.301541
