detection_classes,detection_scores
1,0.99697256
90,0.8911784
1,0.8435959
