detection_classes,detection_scores
28,0.99747974
1,0.938721
28,0.68775564
28,0.31503633
