detection_classes,detection_scores
1,0.993174
1,0.9901329
1,0.9835886
28,0.9557492
1,0.9443126
1,0.78163666
47,0.68266505
38,0.5895977
