detection_classes,detection_scores
74,0.904865
74,0.83596146
74,0.7767348
67,0.5016826
1,0.33836514
51,0.31258875
