detection_classes,detection_scores
70,0.98804736
51,0.36851397
67,0.36122242
