detection_classes,detection_scores
1,0.9972029
1,0.65686274
52,0.5431741
1,0.47545645
