detection_classes,detection_scores
1,0.9939182
1,0.5323049
1,0.35724595
1,0.3419946
