detection_classes,detection_scores
1,0.99854124
1,0.9499471
44,0.8530487
79,0.76614475
44,0.61719215
80,0.4874819
82,0.42527905
