detection_classes,detection_scores
70,0.9524275
82,0.91410327
70,0.87097234
84,0.70981735
79,0.64046276
84,0.47424585
79,0.44660616
84,0.43099588
84,0.38280123
