detection_classes,detection_scores
7,0.9260791
79,0.673013
3,0.33501375
8,0.32739708
