detection_classes,detection_scores
1,0.99930036
1,0.99820554
1,0.73033404
32,0.44954598
