detection_classes,detection_scores
1,0.996639
28,0.7664293
61,0.4257129
