detection_classes,detection_scores
8,0.38092446
7,0.36685884
16,0.3299123
