detection_classes,detection_scores
78,0.78319854
70,0.43711984
80,0.35723636
