detection_classes,detection_scores
28,0.76389635
28,0.49585763
47,0.47344047
