detection_classes,detection_scores
85,0.73530793
85,0.6702567
82,0.6335308
82,0.6333791
85,0.35699558
