detection_classes,detection_scores
74,0.9293708
74,0.7699875
89,0.51225764
14,0.4058932
