detection_classes,detection_scores
1,0.9996593
1,0.9852106
1,0.9780201
1,0.9683376
1,0.72310627
44,0.5599446
64,0.3495789
