detection_classes,detection_scores
1,0.999816
62,0.98517597
62,0.95433885
47,0.93078834
62,0.77236426
62,0.7687964
62,0.60399485
62,0.57848555
64,0.43238324
67,0.41815045
