detection_classes,detection_scores
1,0.99661463
1,0.6881726
1,0.5829782
63,0.56026626
65,0.43719906
84,0.36159205
