detection_classes,detection_scores
70,0.9872047
14,0.8649181
85,0.67139864
70,0.47460565
77,0.383058
