detection_classes,detection_scores
7,0.9559993
70,0.5808224
7,0.445902
6,0.36110875
