detection_classes,detection_scores
85,0.99462306
75,0.5395146
34,0.38060313
34,0.3395189
