detection_classes,detection_scores
85,0.98673695
85,0.85850555
51,0.779103
79,0.37022918
