detection_classes,detection_scores
74,0.9937674
73,0.9466221
73,0.6764688
73,0.6073144
76,0.57697606
62,0.5560523
73,0.47949824
