detection_classes,detection_scores
73,0.9847296
73,0.97774464
76,0.92726946
74,0.89213955
76,0.8748272
76,0.8131149
73,0.7818967
73,0.7333413
76,0.6526989
76,0.5568815
72,0.3013885
