detection_classes,detection_scores
1,0.98285043
1,0.72655374
55,0.5528428
61,0.5414586
1,0.42358035
67,0.37589103
1,0.3331687
