detection_classes,detection_scores
64,0.99407876
1,0.94134176
15,0.9268235
15,0.75740474
64,0.7016125
67,0.35639322
