detection_classes,detection_scores
89,0.70382303
44,0.3504267
74,0.3469981
