detection_classes,detection_scores
1,0.91337514
1,0.87643415
1,0.75758255
1,0.74086857
1,0.60146767
1,0.5631119
1,0.4071399
