detection_classes,detection_scores
17,0.9810049
70,0.95840853
17,0.9242133
78,0.84936875
79,0.79873616
17,0.6470183
82,0.48913658
