detection_classes,detection_scores
1,0.9968636
1,0.38040733
65,0.31794715
