detection_classes,detection_scores
1,0.9997751
9,0.59022146
1,0.5756167
1,0.3872495
1,0.38037574
1,0.33433744
