detection_classes,detection_scores
74,0.6951154
81,0.5081226
74,0.43701756
