detection_classes,detection_scores
74,0.8508716
53,0.62275314
75,0.5081894
