detection_classes,detection_scores
1,0.9626956
1,0.8245274
1,0.73666936
28,0.6648479
86,0.59137875
1,0.54067427
1,0.51569444
1,0.4143581
1,0.37438875
1,0.36133435
1,0.34201047
