detection_classes,detection_scores
17,0.9979652
70,0.8764084
81,0.577572
51,0.4999067
51,0.32193398
