detection_classes,detection_scores
1,0.9753307
90,0.9135693
75,0.36740354
75,0.35475522
