detection_classes,detection_scores
90,0.9930536
90,0.97162896
90,0.9177724
90,0.8567414
90,0.32460478
