detection_classes,detection_scores
17,0.98239905
81,0.76211643
44,0.7346431
75,0.55859303
3,0.534896
81,0.34535003
81,0.34252995
