detection_classes,detection_scores
3,0.7532059
1,0.7290421
9,0.64003545
3,0.56732374
8,0.3527191
