detection_classes,detection_scores
85,0.9996991
85,0.9534664
85,0.8039419
85,0.75806105
85,0.47185776
85,0.4041055
