detection_classes,detection_scores
1,0.99627835
3,0.9170244
1,0.5852163
