detection_classes,detection_scores
17,0.9988205
84,0.9055258
74,0.8784591
67,0.50959486
1,0.36834174
