detection_classes,detection_scores
70,0.6872954
51,0.5250107
67,0.4720949
61,0.46273163
