detection_classes,detection_scores
1,0.9898316
15,0.97402996
15,0.35738856
15,0.32841712
