detection_classes,detection_scores
1,0.9967739
1,0.9841362
75,0.97724926
75,0.6473843
1,0.50634265
77,0.35032073
87,0.31899598
