detection_classes,detection_scores
74,0.99973375
90,0.3959576
48,0.31299424
