detection_classes,detection_scores
74,0.9973726
74,0.9968732
74,0.640281
