detection_classes,detection_scores
79,0.89018667
82,0.7388749
82,0.34316656
