detection_classes,detection_scores
1,0.99423814
28,0.981389
1,0.9729382
28,0.9275616
1,0.87819624
1,0.7181871
1,0.7120964
62,0.6587099
15,0.64588416
62,0.59178907
62,0.5266672
62,0.49351534
