detection_classes,detection_scores
42,0.67460424
14,0.33763686
36,0.30838647
