detection_classes,detection_scores
46,0.79522103
46,0.6851225
46,0.58739233
67,0.39879107
