detection_classes,detection_scores
1,0.99981564
42,0.7462824
3,0.32872128
