detection_classes,detection_scores
32,0.99373806
1,0.9012145
85,0.6191928
73,0.42487517
32,0.3567492
48,0.3390316
