detection_classes,detection_scores
74,0.9997638
52,0.74747145
74,0.5592915
67,0.43375373
86,0.34028512
44,0.3188093
74,0.31200182
