detection_classes,detection_scores
1,0.9997335
1,0.99132687
31,0.69713074
15,0.67537177
58,0.34132767
15,0.3241582
