detection_classes,detection_scores
1,0.9779775
1,0.9412178
1,0.89845717
1,0.8058754
1,0.78091556
1,0.7780458
1,0.6386948
1,0.54871154
1,0.3274319
