detection_classes,detection_scores
1,0.9976572
28,0.8654904
27,0.4860058
1,0.30617002
