detection_classes,detection_scores
75,0.9661254
75,0.9454046
90,0.8318833
90,0.3779695
52,0.35693493
