detection_classes,detection_scores
1,0.9971527
1,0.99038905
1,0.86385673
1,0.8514138
85,0.610791
1,0.5847704
1,0.41247547
