detection_classes,detection_scores
1,0.9995227
1,0.9709444
47,0.8548661
8,0.61158776
82,0.58591205
1,0.51819015
