detection_classes,detection_scores
1,0.98515713
1,0.95447165
28,0.94381267
1,0.9120594
47,0.8733838
28,0.303023
