detection_classes,detection_scores
73,0.9770075
73,0.9449373
73,0.79201555
