detection_classes,detection_scores
85,0.9997489
85,0.46724993
32,0.31607306
