detection_classes,detection_scores
46,0.7884411
87,0.7711988
87,0.5847588
48,0.56630236
46,0.4875882
87,0.46513405
87,0.4463346
62,0.39265153
62,0.32111996
