detection_classes,detection_scores
1,0.9996014
28,0.66615045
38,0.5774206
