detection_classes,detection_scores
1,0.99975663
1,0.99262846
1,0.9607545
