detection_classes,detection_scores
3,0.9930848
3,0.9150124
1,0.5704474
62,0.5106126
38,0.38750905
