detection_classes,detection_scores
1,0.997315
27,0.5498418
1,0.38652006
