detection_classes,detection_scores
82,0.9229256
78,0.8616552
79,0.6621389
