detection_classes,detection_scores
53,0.908928
74,0.5676475
67,0.48991558
