detection_classes,detection_scores
62,0.48521492
9,0.46195692
62,0.38733116
38,0.33981898
42,0.33660752
64,0.31820562
