detection_classes,detection_scores
28,0.9900747
28,0.9563099
28,0.9133829
