detection_classes,detection_scores
74,0.97578514
74,0.4927204
89,0.36118492
