detection_classes,detection_scores
1,0.97548974
76,0.93223464
77,0.77277744
75,0.69840807
76,0.68651897
