detection_classes,detection_scores
81,0.9244288
81,0.6763242
78,0.34791908
