detection_classes,detection_scores
70,0.84140074
79,0.44053113
78,0.43885818
