detection_classes,detection_scores
1,0.9873081
18,0.886598
1,0.74933815
1,0.6952074
1,0.6331293
1,0.3466955
33,0.32685518
63,0.3264806
