detection_classes,detection_scores
77,0.7611916
75,0.59786063
70,0.43638274
