detection_classes,detection_scores
61,0.6284516
90,0.4134166
90,0.33915898
90,0.33143735
51,0.3312289
86,0.31784272
50,0.31596917
