detection_classes,detection_scores
74,0.9562622
75,0.5508887
67,0.44095474
53,0.30629134
