detection_classes,detection_scores
1,0.7129007
51,0.6651181
70,0.6424954
51,0.47217157
81,0.4054947
51,0.3044766
