detection_classes,detection_scores
1,0.9996636
28,0.93473685
9,0.3364948
