detection_classes,detection_scores
74,0.64029956
75,0.5491874
89,0.5069419
14,0.33874094
