detection_classes,detection_scores
74,0.98553574
89,0.6317892
90,0.4992671
