detection_classes,detection_scores
1,0.99848574
1,0.9968502
1,0.9905336
84,0.60638404
