detection_classes,detection_scores
70,0.9665504
70,0.68627596
70,0.65672386
79,0.43560433
70,0.3708959
