detection_classes,detection_scores
1,0.9982162
1,0.996405
5,0.7085309
1,0.5828099
3,0.4377375
