detection_classes,detection_scores
1,0.98658687
38,0.6367374
28,0.5925881
9,0.46555182
