detection_classes,detection_scores
1,0.9875689
1,0.9370536
1,0.8117165
82,0.68153024
62,0.6426297
1,0.58613014
84,0.38290393
79,0.37239975
