detection_classes,detection_scores
1,0.99274206
1,0.9774934
1,0.9668707
1,0.9664783
1,0.9416509
1,0.87138027
1,0.82481503
1,0.72887313
1,0.6962794
1,0.67259735
1,0.60967976
1,0.49419075
1,0.49042755
32,0.41374114
