detection_classes,detection_scores
1,0.99889416
1,0.99815136
1,0.99748284
1,0.996452
1,0.991751
1,0.9910409
1,0.9837398
32,0.9157183
1,0.8543353
1,0.7610766
1,0.744888
1,0.5202002
