detection_classes,detection_scores
1,0.9985789
1,0.92623514
53,0.432921
55,0.31231514
