detection_classes,detection_scores
77,0.86837137
44,0.6384883
51,0.5422835
61,0.41094887
49,0.37196326
67,0.33568192
