detection_classes,detection_scores
88,0.9986066
1,0.3966351
1,0.3544282
51,0.33197197
