detection_classes,detection_scores
78,0.86899024
79,0.72275937
70,0.35298905
