detection_classes,detection_scores
1,0.9983662
1,0.99718386
1,0.7922531
15,0.57990664
31,0.5073165
