detection_classes,detection_scores
28,0.88577724
38,0.42466292
65,0.36007392
