detection_classes,detection_scores
74,0.60035735
75,0.5024927
86,0.38953465
77,0.35674858
89,0.33395243
