detection_classes,detection_scores
6,0.93320245
1,0.8931679
2,0.857734
8,0.7588182
7,0.65879923
1,0.63375336
6,0.5101966
8,0.44173595
6,0.41695085
85,0.33107272
