detection_classes,detection_scores
49,0.6933983
75,0.6262474
14,0.4596086
