detection_classes,detection_scores
67,0.5875219
77,0.44986227
70,0.364469
