detection_classes,detection_scores
1,0.996807
15,0.69165766
67,0.40213463
