detection_classes,detection_scores
1,0.9992317
1,0.9975273
31,0.7275765
31,0.5442531
62,0.33885875
