detection_classes,detection_scores
46,0.8769029
51,0.53328633
44,0.44276378
