detection_classes,detection_scores
43,0.8138017
39,0.57185924
2,0.32612842
