detection_classes,detection_scores
84,0.9832971
1,0.9747132
84,0.8645471
84,0.5149626
61,0.44899514
84,0.417658
84,0.4038447
