detection_classes,detection_scores
70,0.5846562
86,0.39736927
3,0.33569723
