detection_classes,detection_scores
1,0.9971283
32,0.88718224
21,0.86407137
19,0.79856443
19,0.66482913
1,0.63251644
19,0.5481025
19,0.39164007
1,0.34228095
