detection_classes,detection_scores
70,0.6952414
50,0.31730652
89,0.30076465
