detection_classes,detection_scores
7,0.5278827
3,0.48471978
85,0.40800318
6,0.36341763
