detection_classes,detection_scores
72,0.976014
76,0.9634034
73,0.80576533
62,0.6662686
73,0.46068472
62,0.4315904
73,0.39873418
84,0.34330797
