detection_classes,detection_scores
77,0.90159726
75,0.5924565
73,0.4949274
77,0.4869909
