detection_classes,detection_scores
14,0.8727896
89,0.5454576
49,0.44807148
89,0.41771773
77,0.3710928
14,0.36401844
