detection_classes,detection_scores
70,0.9970452
82,0.39269036
62,0.35618094
