detection_classes,detection_scores
1,0.9836971
1,0.97408265
1,0.9603005
1,0.9560129
1,0.91006917
1,0.3383209
