detection_classes,detection_scores
1,0.9924942
1,0.7084071
1,0.42072603
