detection_classes,detection_scores
1,0.99646
90,0.78451633
90,0.75052744
1,0.6165649
