detection_classes,detection_scores
18,0.9251496
88,0.7379335
81,0.3904473
81,0.3581515
17,0.34995943
78,0.31536266
