detection_classes,detection_scores
28,0.8941428
44,0.49963203
9,0.47162175
15,0.44863036
