detection_classes,detection_scores
1,0.9997744
1,0.99855036
1,0.9974898
