detection_classes,detection_scores
1,0.9962529
1,0.9759587
1,0.920244
3,0.8758602
1,0.8270616
31,0.44330963
