detection_classes,detection_scores
18,0.9997975
1,0.99901366
28,0.66240734
