detection_classes,detection_scores
1,0.9917874
28,0.89895594
1,0.88121414
8,0.8734737
62,0.81230116
