detection_classes,detection_scores
75,0.8279421
74,0.6608199
67,0.42194498
