detection_classes,detection_scores
17,0.9392054
65,0.7820288
1,0.4977557
65,0.4524965
62,0.44658577
28,0.33959094
47,0.30290288
