detection_classes,detection_scores
28,0.5040728
33,0.4706899
3,0.30063316
