detection_classes,detection_scores
73,0.9937687
73,0.95449513
76,0.77341646
72,0.4475296
