detection_classes,detection_scores
7,0.68644595
6,0.62011075
8,0.3139519
