detection_classes,detection_scores
1,0.9993351
1,0.989638
1,0.6305761
1,0.44483015
10,0.32133424
