detection_classes,detection_scores
1,0.7890011
52,0.78043246
52,0.7532273
78,0.6629227
79,0.6498375
79,0.47485757
79,0.42541856
