detection_classes,detection_scores
85,0.99650264
62,0.87081283
1,0.36752865
