detection_classes,detection_scores
78,0.8646477
79,0.71358526
79,0.37536958
