detection_classes,detection_scores
1,0.9972728
28,0.78324115
28,0.56023115
