detection_classes,detection_scores
1,0.9920107
40,0.7080848
57,0.42522705
57,0.36526126
