detection_classes,detection_scores
1,0.998348
1,0.99566597
81,0.9257607
77,0.9254518
44,0.6344841
44,0.63404214
1,0.40361542
73,0.3610051
79,0.32766742
