detection_classes,detection_scores
1,0.9460261
72,0.83402205
15,0.44976324
33,0.3969285
28,0.36826265
28,0.34612644
