detection_classes,detection_scores
1,0.9983438
32,0.66732484
32,0.55613685
1,0.36321095
