detection_classes,detection_scores
79,0.6031699
70,0.41209933
78,0.38882756
