detection_classes,detection_scores
32,0.93911415
28,0.7038144
88,0.66793257
32,0.4865949
32,0.43501553
32,0.40910336
