detection_classes,detection_scores
1,0.9786267
1,0.7940935
77,0.58191454
84,0.30430683
