detection_classes,detection_scores
77,0.9700575
49,0.45913035
77,0.45082933
