detection_classes,detection_scores
79,0.90976536
78,0.7519876
79,0.5488354
78,0.4189364
78,0.37943092
