detection_classes,detection_scores
1,0.99811053
1,0.9887616
1,0.9243631
1,0.8990026
31,0.38571164
31,0.32140392
