detection_classes,detection_scores
1,0.9912599
1,0.72109354
1,0.31471315
