detection_classes,detection_scores
1,0.9924946
1,0.9859676
78,0.54247427
79,0.37557638
