detection_classes,detection_scores
46,0.64444554
44,0.5843025
67,0.5115022
50,0.4392287
51,0.41648433
46,0.4133895
46,0.40211934
46,0.34198108
