detection_classes,detection_scores
1,0.99801624
70,0.9355983
61,0.77087927
62,0.6688722
8,0.58338803
82,0.40160617
62,0.37386498
82,0.30975527
