detection_classes,detection_scores
1,0.9990637
1,0.9974502
1,0.6078256
