detection_classes,detection_scores
78,0.72956574
79,0.6609935
82,0.46767682
