detection_classes,detection_scores
1,0.99965096
64,0.95209587
62,0.90509045
