detection_classes,detection_scores
1,0.9977738
1,0.9913794
44,0.8289313
88,0.6168439
44,0.6044202
44,0.57593274
79,0.5238951
65,0.47362617
44,0.41422334
44,0.3525863
44,0.3309864
84,0.3079892
