detection_classes,detection_scores
1,0.9923638
1,0.98585796
28,0.7557158
61,0.38304067
3,0.35102344
1,0.33339077
