detection_classes,detection_scores
1,0.99861145
37,0.9434564
1,0.44346148
62,0.3069728
