detection_classes,detection_scores
1,0.99113184
1,0.9828552
9,0.88157165
