detection_classes,detection_scores
1,0.9959259
47,0.56755173
82,0.5669585
