detection_classes,detection_scores
1,0.92193216
65,0.6523136
65,0.50441897
