detection_classes,detection_scores
1,0.9993186
1,0.9990553
1,0.78229594
27,0.78121567
1,0.7419234
1,0.60516655
10,0.41577446
64,0.34980705
