detection_classes,detection_scores
77,0.9190283
2,0.4949975
51,0.4598884
4,0.39354283
