detection_classes,detection_scores
79,0.8297805
79,0.8172178
81,0.6847361
44,0.68261325
44,0.57486284
82,0.46394408
81,0.32893753
