detection_classes,detection_scores
77,0.8611712
74,0.40293753
89,0.35898495
