detection_classes,detection_scores
64,0.6830548
85,0.33078548
51,0.31179458
