detection_classes,detection_scores
72,0.9995639
62,0.9802941
76,0.97384804
62,0.5001954
1,0.39117163
74,0.36228752
