detection_classes,detection_scores
90,0.8782335
87,0.5180096
87,0.3631063
53,0.331381
90,0.31050605
