detection_classes,detection_scores
1,0.9741513
28,0.7893797
1,0.5657855
63,0.5189411
1,0.46621272
1,0.44526067
62,0.42841968
