detection_classes,detection_scores
1,0.9978732
3,0.54237086
1,0.5407366
32,0.4720925
1,0.3600489
