detection_classes,detection_scores
1,0.9956552
1,0.9928449
1,0.6939475
63,0.5841595
62,0.4744272
76,0.40055746
