detection_classes,detection_scores
28,0.65223724
47,0.59022725
28,0.42809185
1,0.33491093
