detection_classes,detection_scores
1,0.9688292
28,0.9032035
1,0.89484775
1,0.8810572
1,0.71579987
1,0.69403946
1,0.59144413
