detection_classes,detection_scores
11,0.9628808
85,0.95853233
85,0.62848794
86,0.539639
