detection_classes,detection_scores
85,0.9992791
85,0.99447036
85,0.5022246
84,0.38555408
42,0.3790063
