detection_classes,detection_scores
76,0.99885154
72,0.9946977
74,0.74418044
74,0.5308955
