detection_classes,detection_scores
1,0.9997861
62,0.8682813
67,0.71212333
62,0.5904501
