detection_classes,detection_scores
58,0.8964295
90,0.693303
1,0.55810463
1,0.5366396
1,0.49053818
