detection_classes,detection_scores
1,0.9995685
1,0.9870821
1,0.9680923
1,0.929318
1,0.5740957
28,0.30606765
