detection_classes,detection_scores
1,0.9969031
1,0.9931524
9,0.58292454
