detection_classes,detection_scores
1,0.99777836
5,0.9198033
1,0.824255
28,0.39652124
39,0.3107576
