detection_classes,detection_scores
1,0.8533058
31,0.7594024
67,0.5923404
88,0.3874104
61,0.30700785
