detection_classes,detection_scores
82,0.9034625
51,0.7321681
82,0.7041255
79,0.6788534
72,0.5748776
82,0.5744935
44,0.5607214
44,0.50067043
28,0.47608194
44,0.43830845
33,0.40697908
