detection_classes,detection_scores
76,0.99638176
1,0.983709
77,0.9593957
76,0.9486961
1,0.9157297
1,0.8604975
1,0.827417
62,0.7116983
44,0.5540432
1,0.4115254
1,0.3443627
75,0.30705783
