detection_classes,detection_scores
75,0.8859972
77,0.8373684
75,0.7474396
77,0.62313884
