detection_classes,detection_scores
3,0.9071639
6,0.6944974
8,0.6079243
6,0.4076625
8,0.39460805
