detection_classes,detection_scores
46,0.9703574
46,0.7857461
44,0.76646376
86,0.5155725
46,0.4854361
86,0.47438484
44,0.42823884
44,0.36085412
46,0.31369305
44,0.31016263
