detection_classes,detection_scores
1,0.9995086
32,0.385331
28,0.35446233
