detection_classes,detection_scores
1,0.99340904
1,0.9637322
55,0.8482434
1,0.8023024
61,0.4581069
