detection_classes,detection_scores
1,0.97369397
15,0.91975164
79,0.74725163
62,0.6431634
79,0.49732304
85,0.35189468
79,0.34044328
72,0.3210012
