detection_classes,detection_scores
90,0.8026473
75,0.62156546
84,0.5239029
84,0.50303465
1,0.48108965
