detection_classes,detection_scores
1,0.99931943
1,0.98733795
1,0.96314704
27,0.54385525
1,0.52037615
1,0.48007128
