detection_classes,detection_scores
1,0.9986331
1,0.9983016
1,0.31052506
