detection_classes,detection_scores
17,0.9973143
65,0.94058275
65,0.8704079
77,0.38695526
