detection_classes,detection_scores
1,0.99526215
1,0.9748278
28,0.6942861
28,0.45404655
65,0.3888976
65,0.3529267
