detection_classes,detection_scores
1,0.8358526
17,0.60162425
18,0.33997387
