detection_classes,detection_scores
85,0.9958851
1,0.9688261
1,0.55720663
