detection_classes,detection_scores
1,0.9966008
51,0.6712721
65,0.65324354
65,0.6089754
1,0.30412441
