detection_classes,detection_scores
61,0.6808238
89,0.65481967
74,0.39594123
