detection_classes,detection_scores
79,0.93511236
82,0.736046
78,0.3506655
