detection_classes,detection_scores
28,0.98793167
21,0.8633279
3,0.8460109
21,0.49301738
