detection_classes,detection_scores
1,0.99365634
82,0.5068223
77,0.501544
84,0.48500758
82,0.45132422
