detection_classes,detection_scores
74,0.97805595
89,0.51424444
87,0.33814445
