detection_classes,detection_scores
16,0.9975169
84,0.8509558
86,0.4122158
84,0.34605423
