detection_classes,detection_scores
31,0.70123976
31,0.6549727
85,0.6043737
62,0.55025333
62,0.5427482
67,0.5174405
1,0.40518776
51,0.3961773
