detection_classes,detection_scores
79,0.96049756
82,0.94217837
79,0.8836256
79,0.87246364
79,0.3310407
79,0.3243167
