detection_classes,detection_scores
75,0.81337154
76,0.5785242
73,0.441331
