detection_classes,detection_scores
1,0.99812824
1,0.9975327
1,0.9729503
1,0.9541272
84,0.93666786
63,0.73310757
28,0.5991217
27,0.5978688
73,0.46360254
75,0.4299436
47,0.31607533
