detection_classes,detection_scores
1,0.9994072
62,0.55888426
28,0.3544215
