detection_classes,detection_scores
1,0.9978683
1,0.992926
19,0.93041885
1,0.87022585
32,0.4636939
