detection_classes,detection_scores
79,0.80357254
73,0.61207217
82,0.4390905
