detection_classes,detection_scores
85,0.96979237
63,0.70784456
70,0.5336104
85,0.49807873
87,0.35992458
