detection_classes,detection_scores
1,0.99405754
28,0.9485279
84,0.93401957
1,0.8011258
