detection_classes,detection_scores
1,0.9889226
15,0.7648614
67,0.60899085
67,0.45559785
28,0.3558921
