detection_classes,detection_scores
62,0.76902
67,0.6818259
1,0.6250288
62,0.58325696
84,0.35541937
