detection_classes,detection_scores
85,0.99991
87,0.8214131
85,0.3484267
