detection_classes,detection_scores
1,0.9986817
90,0.9655545
1,0.8516655
