detection_classes,detection_scores
79,0.94709617
64,0.9015807
82,0.62297547
64,0.46848544
82,0.40005296
