detection_classes,detection_scores
1,0.9958733
1,0.9948344
1,0.99310255
1,0.9885134
1,0.963096
1,0.95374405
1,0.9143821
1,0.905487
