detection_classes,detection_scores
1,0.69867533
28,0.44094703
1,0.43349633
28,0.35412207
28,0.33091366
38,0.32499617
1,0.3164622
28,0.31096745
1,0.30448136
