detection_classes,detection_scores
1,0.99936134
1,0.9991041
31,0.43795744
9,0.36295506
28,0.31594393
