detection_classes,detection_scores
28,0.9620598
16,0.70298517
9,0.5515159
