detection_classes,detection_scores
1,0.99143785
62,0.6184402
62,0.54626787
42,0.3444537
