detection_classes,detection_scores
17,0.9923922
17,0.70958036
3,0.5871934
78,0.5628833
72,0.35957605
