detection_classes,detection_scores
28,0.4938253
28,0.46077004
28,0.39973322
38,0.37378782
