detection_classes,detection_scores
75,0.98707736
49,0.7928622
90,0.5435799
49,0.42206186
67,0.38335103
90,0.37980908
