detection_classes,detection_scores
6,0.8068965
78,0.60916835
7,0.55826604
81,0.46736687
8,0.42683518
79,0.3818428
79,0.300024
