detection_classes,detection_scores
82,0.9224068
79,0.6913275
73,0.37100357
