detection_classes,detection_scores
85,0.9723777
33,0.8967287
70,0.70866024
1,0.3562921
84,0.34677523
