detection_classes,detection_scores
3,0.986858
3,0.97246337
1,0.7967031
3,0.65866834
3,0.5330021
3,0.51325214
8,0.4737546
