detection_classes,detection_scores
1,0.992547
1,0.943952
1,0.9004706
1,0.86750776
1,0.8440535
1,0.7376518
1,0.69115144
84,0.6473784
1,0.62408686
1,0.401796
1,0.36956763
1,0.36186072
1,0.33406234
