detection_classes,detection_scores
85,0.97059536
90,0.94210684
34,0.92045337
90,0.69786364
85,0.47815728
90,0.39102086
