detection_classes,detection_scores
79,0.5973045
70,0.44655323
78,0.37030354
