detection_classes,detection_scores
1,0.9970193
1,0.37634605
32,0.32865894
