detection_classes,detection_scores
79,0.953946
82,0.9131059
82,0.8289751
79,0.42492014
84,0.35316387
82,0.30938205
