detection_classes,detection_scores
38,0.75096214
21,0.6991886
4,0.6740792
21,0.6667683
28,0.5018304
