detection_classes,detection_scores
51,0.98878866
1,0.98125666
1,0.82321197
51,0.79310286
28,0.7820716
28,0.70264506
28,0.6501364
1,0.5859953
47,0.5841187
1,0.5291364
67,0.522998
1,0.42847618
1,0.38949502
33,0.31509864
