detection_classes,detection_scores
1,0.99787426
1,0.79650354
28,0.73583496
16,0.4686116
