detection_classes,detection_scores
74,0.98864436
74,0.9825063
44,0.62065095
84,0.44418237
84,0.4202996
