detection_classes,detection_scores
1,0.99824
31,0.7277605
3,0.6808697
3,0.5401519
28,0.37753782
27,0.36494014
31,0.30582023
