detection_classes,detection_scores
85,0.9931253
85,0.8819079
85,0.81880146
50,0.6107552
3,0.34643045
