detection_classes,detection_scores
1,0.9946056
39,0.8779072
1,0.72556686
51,0.62255746
1,0.424137
1,0.35616413
39,0.32289678
