detection_classes,detection_scores
1,0.9884058
3,0.79194427
85,0.7728264
85,0.5895109
85,0.5513936
79,0.49642172
79,0.46196225
77,0.3406557
