detection_classes,detection_scores
49,0.83124965
7,0.62494284
33,0.4216923
44,0.36541858
