detection_classes,detection_scores
1,0.9724042
88,0.8581978
1,0.72908473
84,0.66417694
1,0.5783148
