detection_classes,detection_scores
82,0.9797268
32,0.42444912
44,0.42331102
