detection_classes,detection_scores
1,0.7767113
18,0.59208477
19,0.56409067
1,0.3052784
