detection_classes,detection_scores
62,0.9475562
50,0.780881
51,0.7701404
62,0.67484176
55,0.6655908
15,0.4177891
62,0.39040184
67,0.33106527
51,0.31919524
