detection_classes,detection_scores
70,0.9209816
77,0.59750795
60,0.39635804
79,0.32545274
