detection_classes,detection_scores
1,0.9985066
1,0.4267936
1,0.31933084
