detection_classes,detection_scores
85,0.68675387
13,0.48798615
7,0.37296855
82,0.3341941
