detection_classes,detection_scores
1,0.9824355
1,0.97911066
1,0.96801156
1,0.8569509
1,0.68795615
1,0.6410504
1,0.6285526
1,0.3917259
