detection_classes,detection_scores
86,0.7175106
74,0.6384019
52,0.40704665
67,0.34095195
