detection_classes,detection_scores
76,0.9902513
74,0.9669001
73,0.86392534
77,0.6983659
76,0.65996516
