detection_classes,detection_scores
1,0.99344504
1,0.9853035
82,0.8410748
78,0.8137023
1,0.7806783
82,0.6255361
1,0.62347126
48,0.43965098
82,0.4225401
1,0.42179492
1,0.3580087
1,0.30719033
