detection_classes,detection_scores
62,0.92429924
62,0.85519266
62,0.8394023
62,0.81064415
62,0.59355825
28,0.5485655
62,0.30287287
