detection_classes,detection_scores
74,0.9866781
62,0.5250492
67,0.3039835
