detection_classes,detection_scores
34,0.9864762
85,0.5433122
50,0.3329635
