detection_classes,detection_scores
33,0.6832301
67,0.34261256
27,0.3171701
