detection_classes,detection_scores
76,0.9402889
74,0.87597543
76,0.6832038
50,0.37511942
76,0.37218943
