detection_classes,detection_scores
73,0.9988136
74,0.9896291
1,0.894729
73,0.70677817
76,0.679626
84,0.5464189
