detection_classes,detection_scores
38,0.91678494
1,0.7275111
28,0.3204186
