detection_classes,detection_scores
65,0.7333067
72,0.4878081
3,0.43130267
79,0.3821261
1,0.36579454
65,0.3138679
