detection_classes,detection_scores
1,0.99891734
1,0.9984281
1,0.9976665
64,0.9787209
64,0.8480226
4,0.55982345
