detection_classes,detection_scores
74,0.9986827
74,0.9846266
72,0.97424465
76,0.9699497
84,0.9001539
47,0.88878906
44,0.8447309
44,0.71749187
44,0.5388408
49,0.4624447
