detection_classes,detection_scores
18,0.9997843
16,0.9960989
19,0.37097222
