detection_classes,detection_scores
1,0.9996977
1,0.56203604
32,0.49643785
1,0.4937242
16,0.34433675
