detection_classes,detection_scores
78,0.5728798
82,0.5142801
79,0.47167045
