detection_classes,detection_scores
1,0.995956
1,0.94920266
1,0.9445741
1,0.85965097
1,0.75939715
1,0.30856502
