detection_classes,detection_scores
1,0.9984244
1,0.9944718
72,0.9843448
1,0.39330983
63,0.3156709
62,0.31008318
