detection_classes,detection_scores
81,0.9678031
44,0.90668356
79,0.8933617
79,0.8242875
82,0.3936894
47,0.35926569
