detection_classes,detection_scores
1,0.97497684
62,0.9442207
64,0.544586
5,0.36540526
28,0.34509638
1,0.3181389
62,0.31233355
