detection_classes,detection_scores
1,0.9907742
42,0.82192916
1,0.79179
84,0.6318567
33,0.61378205
1,0.4406741
27,0.41531068
33,0.30827853
