detection_classes,detection_scores
1,0.99758375
3,0.4187506
1,0.3787361
7,0.34114188
