detection_classes,detection_scores
9,0.49719414
15,0.3516028
9,0.34985536
