detection_classes,detection_scores
85,0.99158055
60,0.8880742
85,0.8242924
74,0.6436983
