detection_classes,detection_scores
1,0.99786586
1,0.99343467
28,0.8513529
33,0.65037376
27,0.3609986
