detection_classes,detection_scores
77,0.8968825
34,0.5272849
14,0.46677542
