detection_classes,detection_scores
64,0.9947686
64,0.8450715
67,0.63813734
15,0.60824996
7,0.434578
