detection_classes,detection_scores
1,0.9990308
1,0.9941391
1,0.98576504
1,0.9840443
15,0.854731
