detection_classes,detection_scores
14,0.936965
4,0.43180346
27,0.40977544
77,0.33788797
