detection_classes,detection_scores
9,0.8568127
39,0.8474951
1,0.5395106
33,0.45356214
28,0.41204166
38,0.3370233
38,0.31297776
