detection_classes,detection_scores
1,0.9968798
1,0.9130033
1,0.8463297
2,0.46447724
1,0.3308737
