detection_classes,detection_scores
17,0.96735996
81,0.7098321
51,0.62688106
