detection_classes,detection_scores
1,0.9941338
70,0.9821421
82,0.89563847
82,0.79563975
70,0.7569823
75,0.4667056
3,0.41056132
