detection_classes,detection_scores
1,0.9996045
32,0.9944484
1,0.98344004
1,0.87464416
1,0.35013166
1,0.31271857
