detection_classes,detection_scores
1,0.9917046
81,0.7563357
78,0.5874646
1,0.53012055
