detection_classes,detection_scores
77,0.90623534
74,0.6065585
70,0.34585285
