detection_classes,detection_scores
74,0.9998118
74,0.9961654
47,0.9208597
1,0.78585714
74,0.4943307
77,0.4849946
1,0.38785845
84,0.30437905
74,0.30011514
