detection_classes,detection_scores
1,0.99946755
84,0.59511197
8,0.45179316
