detection_classes,detection_scores
76,0.9983771
84,0.9935168
74,0.98895043
72,0.9761562
86,0.82142013
86,0.7655632
84,0.59852713
