detection_classes,detection_scores
74,0.82223076
89,0.5946952
75,0.4360465
