detection_classes,detection_scores
1,0.9998461
1,0.9993875
28,0.85670626
65,0.6130569
34,0.3371409
