detection_classes,detection_scores
61,0.9357958
84,0.83718985
44,0.5987266
