detection_classes,detection_scores
28,0.8457584
38,0.75024116
28,0.46033037
28,0.3405828
