detection_classes,detection_scores
1,0.99643695
28,0.88220066
44,0.85445607
33,0.6566489
47,0.4625019
28,0.30539674
