detection_classes,detection_scores
44,0.5667565
74,0.5406334
74,0.4542909
89,0.35945553
