detection_classes,detection_scores
74,0.91191155
89,0.69062966
86,0.30438343
