detection_classes,detection_scores
70,0.8167371
78,0.81027
70,0.38056257
70,0.31187922
