detection_classes,detection_scores
78,0.9951008
1,0.9621467
82,0.9366738
79,0.66509604
82,0.48257655
