detection_classes,detection_scores
1,0.99949026
9,0.9813486
28,0.8900967
9,0.74924463
42,0.45215765
47,0.41118103
9,0.32549807
