detection_classes,detection_scores
1,0.9981008
28,0.49432468
15,0.42671737
42,0.32186428
64,0.30559555
