detection_classes,detection_scores
78,0.4961156
77,0.41053638
80,0.38911968
