detection_classes,detection_scores
17,0.99963295
70,0.63519263
78,0.508345
79,0.35701838
