detection_classes,detection_scores
54,0.8154694
78,0.5379997
84,0.50150204
65,0.384137
