detection_classes,detection_scores
3,0.9854558
3,0.9379193
28,0.8283961
3,0.80515206
3,0.68144417
3,0.58684033
3,0.5379859
38,0.5352573
8,0.4783497
65,0.4744321
8,0.36333263
8,0.34444103
