detection_classes,detection_scores
1,0.99568814
1,0.9350785
1,0.6748414
1,0.6165696
1,0.54911804
46,0.39551464
