detection_classes,detection_scores
77,0.9951196
74,0.9935213
76,0.90483564
47,0.7609042
77,0.72154117
77,0.5952162
81,0.47415876
73,0.3644509
44,0.3469021
