detection_classes,detection_scores
2,0.99866796
28,0.78398556
38,0.68825465
