detection_classes,detection_scores
1,0.99945825
67,0.8532916
1,0.81050026
1,0.3217026
1,0.30876204
