detection_classes,detection_scores
28,0.62431175
9,0.58491886
7,0.4242015
