detection_classes,detection_scores
32,0.9958846
1,0.99582577
1,0.97097766
1,0.9630849
1,0.88882864
1,0.8849719
1,0.73599195
1,0.68808943
1,0.6565707
1,0.58497185
1,0.5218497
1,0.50508046
1,0.49538994
1,0.48994502
1,0.4077045
1,0.37604678
1,0.37272176
