detection_classes,detection_scores
1,0.9731322
28,0.8427746
42,0.7154486
62,0.33717653
38,0.3218761
