detection_classes,detection_scores
89,0.7721808
90,0.39811853
75,0.3418777
