detection_classes,detection_scores
1,0.9981343
75,0.78361934
77,0.47551262
