detection_classes,detection_scores
77,0.9445634
1,0.9218292
84,0.7791435
84,0.71992725
75,0.6242872
76,0.6049941
81,0.591894
84,0.5588716
84,0.48884535
64,0.36327606
