detection_classes,detection_scores
1,0.9809646
90,0.97864324
1,0.8546355
1,0.7855732
17,0.60089535
1,0.5663769
90,0.47708
1,0.35795805
47,0.34569028
1,0.3206646
