detection_classes,detection_scores
1,0.9998381
1,0.9963779
1,0.9732001
1,0.96344185
32,0.9449174
1,0.9170851
1,0.88059944
1,0.84806734
1,0.5992916
1,0.4119193
90,0.34722015
