detection_classes,detection_scores
17,0.9992095
33,0.78976077
65,0.5932605
27,0.412982
62,0.3265361
