detection_classes,detection_scores
1,0.9987161
1,0.99730504
1,0.9957878
1,0.8929598
1,0.88343346
1,0.8086187
1,0.8039525
40,0.7378739
40,0.61235106
1,0.47380456
1,0.43659696
