detection_classes,detection_scores
74,0.9902423
76,0.7033801
79,0.60565925
