detection_classes,detection_scores
1,0.9987245
1,0.9978217
1,0.9968924
1,0.9710588
1,0.95039165
3,0.9254813
1,0.8825767
3,0.78497016
3,0.739009
1,0.40876088
1,0.34731314
21,0.31191874
