detection_classes,detection_scores
1,0.9996074
1,0.9947995
1,0.91192764
1,0.8880719
1,0.7982393
1,0.7853003
1,0.7695322
1,0.5872944
1,0.50228477
1,0.35709795
1,0.3379119
