detection_classes,detection_scores
85,0.6309915
5,0.38985077
13,0.30986437
2,0.3048841
