detection_classes,detection_scores
74,0.9856354
89,0.51721156
37,0.30917975
86,0.30302158
