detection_classes,detection_scores
1,0.9909156
1,0.8069045
6,0.6160474
63,0.5821004
7,0.5793897
31,0.3934379
1,0.32951388
