detection_classes,detection_scores
1,0.9925283
1,0.99149996
1,0.9711148
22,0.65554404
1,0.5826195
1,0.5739772
1,0.33132708
