detection_classes,detection_scores
82,0.89002997
78,0.50002044
82,0.45673296
51,0.31047085
