detection_classes,detection_scores
1,0.98412293
32,0.8638523
1,0.8009632
65,0.68618745
65,0.5609162
