detection_classes,detection_scores
14,0.64835256
77,0.57323945
75,0.51443654
