detection_classes,detection_scores
1,0.9741107
1,0.76879215
65,0.512425
28,0.5076301
