detection_classes,detection_scores
85,0.9981906
85,0.8424421
84,0.51575387
85,0.42862177
