detection_classes,detection_scores
1,0.9988165
1,0.56461596
1,0.362558
