detection_classes,detection_scores
1,0.999496
1,0.9949764
1,0.99396944
37,0.98788816
1,0.9872263
37,0.9410792
1,0.904016
62,0.8988137
28,0.6789463
62,0.45581433
