detection_classes,detection_scores
1,0.79628175
70,0.45274365
1,0.44464454
73,0.3450757
73,0.3177781
32,0.31589696
