detection_classes,detection_scores
6,0.7882378
8,0.71402735
7,0.32488355
