detection_classes,detection_scores
85,0.9124346
1,0.906796
89,0.6937984
14,0.50418156
90,0.4546061
