detection_classes,detection_scores
1,0.99892586
65,0.89266443
65,0.31681687
