detection_classes,detection_scores
1,0.7394392
1,0.5590147
1,0.54670745
1,0.51265746
1,0.47592938
