detection_classes,detection_scores
1,0.9996511
1,0.99930274
1,0.99641657
1,0.9307521
27,0.38096184
1,0.307602
