detection_classes,detection_scores
85,0.97693706
1,0.76731294
3,0.67542106
85,0.48964202
6,0.3260443
