detection_classes,detection_scores
17,0.97268844
78,0.9230985
70,0.70706993
79,0.4493958
17,0.37217432
