detection_classes,detection_scores
1,0.9762599
3,0.7438975
62,0.6104169
63,0.3505411
32,0.32671145
