detection_classes,detection_scores
6,0.9567095
6,0.5334205
8,0.4588334
3,0.38622612
