detection_classes,detection_scores
1,0.99523216
3,0.7137839
79,0.6916473
1,0.5638542
