detection_classes,detection_scores
28,0.59405154
65,0.5361164
28,0.4911271
15,0.46015626
