detection_classes,detection_scores
76,0.9984816
74,0.99577785
72,0.9940315
