detection_classes,detection_scores
1,0.99750406
3,0.7553079
84,0.48885515
33,0.41590208
84,0.40832412
84,0.35518998
