detection_classes,detection_scores
78,0.976849
78,0.50725895
79,0.3754867
