detection_classes,detection_scores
1,0.997964
44,0.9890035
72,0.75393194
90,0.38562658
