detection_classes,detection_scores
1,0.9971886
1,0.997003
1,0.9919857
47,0.9459817
1,0.85304105
1,0.70871735
47,0.35359007
51,0.30262604
