detection_classes,detection_scores
8,0.8939305
8,0.7608138
6,0.5039318
