detection_classes,detection_scores
74,0.9988154
74,0.6119044
50,0.3483279
