detection_classes,detection_scores
1,0.9984524
77,0.65240663
9,0.5777249
1,0.5576659
31,0.5117837
1,0.46831983
1,0.45782676
1,0.45617256
49,0.42611322
65,0.41046712
