detection_classes,detection_scores
73,0.99008626
73,0.9825837
1,0.9809217
76,0.855489
73,0.6971898
1,0.66141945
72,0.3778118
1,0.35565254
