detection_classes,detection_scores
73,0.9992716
47,0.9678641
62,0.76646334
77,0.63411283
86,0.5962633
48,0.53644913
76,0.5013598
67,0.47893533
90,0.33278865
