detection_classes,detection_scores
1,0.9983821
1,0.9924279
1,0.99098283
1,0.96632296
1,0.7990039
1,0.67466974
1,0.54015493
