detection_classes,detection_scores
78,0.44216135
79,0.4113411
70,0.31212997
