detection_classes,detection_scores
1,0.9992188
1,0.99806184
62,0.573955
65,0.46402994
62,0.4004479
63,0.3696732
62,0.3476274
