detection_classes,detection_scores
42,0.78586286
38,0.67830354
15,0.56696856
15,0.5180654
19,0.33713952
28,0.31106168
