detection_classes,detection_scores
1,0.99128985
1,0.98734915
1,0.98190284
1,0.9803411
1,0.94648945
1,0.9416077
1,0.9348494
74,0.71601945
75,0.55551577
1,0.4730692
1,0.46361184
77,0.4209067
