detection_classes,detection_scores
73,0.99906224
74,0.94044757
74,0.8941053
75,0.52325165
