detection_classes,detection_scores
3,0.98186684
28,0.9104188
28,0.7474956
3,0.6509402
