detection_classes,detection_scores
1,0.9955576
1,0.98374164
1,0.3079489
