detection_classes,detection_scores
74,0.9971318
73,0.9403896
78,0.93925697
76,0.8901378
67,0.596029
72,0.3457244
