detection_classes,detection_scores
78,0.7390097
75,0.5908677
79,0.5401187
7,0.41705477
