detection_classes,detection_scores
1,0.9969273
52,0.87002945
31,0.783073
61,0.6525344
27,0.37463275
61,0.36195174
