detection_classes,detection_scores
1,0.99626464
1,0.54000396
1,0.39396843
