detection_classes,detection_scores
1,0.9654831
1,0.96337724
1,0.9467584
1,0.81488836
1,0.7738265
1,0.6558725
28,0.63731354
1,0.4543819
