detection_classes,detection_scores
1,0.9991235
1,0.86970145
1,0.4756302
1,0.44633913
1,0.40934747
1,0.35793576
