detection_classes,detection_scores
67,0.904483
74,0.89164126
50,0.6193297
86,0.4352265
