detection_classes,detection_scores
62,0.9243043
37,0.8776661
64,0.7378844
