detection_classes,detection_scores
84,0.58619636
84,0.44772166
67,0.37623298
84,0.312054
