detection_classes,detection_scores
78,0.8416988
49,0.6659811
90,0.43994892
84,0.34357765
