detection_classes,detection_scores
1,0.998676
62,0.8279265
62,0.79317665
1,0.74765486
1,0.6833444
62,0.6583451
1,0.63344204
62,0.60428774
62,0.5775992
64,0.41756213
1,0.3977699
18,0.38872176
