detection_classes,detection_scores
1,0.9996363
1,0.9981293
1,0.92484516
1,0.70261675
1,0.3538137
1,0.3460361
1,0.3327132
