detection_classes,detection_scores
1,0.99967456
1,0.934938
1,0.9082315
43,0.5411727
1,0.35596848
1,0.30755892
