detection_classes,detection_scores
39,0.7437545
15,0.38235533
84,0.3128573
