detection_classes,detection_scores
74,0.99910235
74,0.9921455
89,0.39370108
