detection_classes,detection_scores
2,0.4134103
52,0.3975735
4,0.38759974
28,0.32404128
