detection_classes,detection_scores
3,0.9649262
1,0.92089593
3,0.71732
3,0.48548236
42,0.46570405
15,0.38937762
9,0.37761566
8,0.33119276
3,0.31617725
