detection_classes,detection_scores
44,0.9234645
75,0.36851132
77,0.309549
