detection_classes,detection_scores
43,0.602243
64,0.44371
64,0.40044096
84,0.3256188
56,0.31168434
