detection_classes,detection_scores
28,0.7350034
3,0.6804379
62,0.5963285
