detection_classes,detection_scores
88,0.99047965
79,0.9489288
78,0.64373213
