detection_classes,detection_scores
1,0.90909433
18,0.8292159
16,0.8231733
21,0.6611683
