detection_classes,detection_scores
1,0.95289886
1,0.7426895
77,0.68457985
76,0.497609
