detection_classes,detection_scores
90,0.7965908
90,0.4137397
90,0.40936893
39,0.3043298
