detection_classes,detection_scores
82,0.9993266
79,0.9911616
81,0.8975692
72,0.86459255
79,0.7770208
44,0.7631638
81,0.63302606
62,0.57772374
81,0.57142603
67,0.44748825
62,0.41989052
47,0.3413423
