detection_classes,detection_scores
1,0.998103
3,0.96296537
28,0.7166129
51,0.517506
9,0.36352473
