detection_classes,detection_scores
85,0.999041
85,0.99857223
62,0.67132884
