detection_classes,detection_scores
86,0.7827583
74,0.47903866
89,0.42767262
