detection_classes,detection_scores
28,0.98966366
28,0.6104176
28,0.54915404
28,0.44630834
65,0.42816848
28,0.35006684
