detection_classes,detection_scores
79,0.85021704
78,0.48440605
86,0.4717636
47,0.4038312
