detection_classes,detection_scores
1,0.9821354
1,0.9528564
28,0.906065
1,0.7698718
1,0.76501316
28,0.73603755
15,0.3156153
