detection_classes,detection_scores
1,0.9935835
1,0.9924298
76,0.96466076
1,0.87258697
51,0.83610386
47,0.42676908
27,0.39181635
1,0.36345682
67,0.30306292
