detection_classes,detection_scores
1,0.99538946
76,0.9946374
77,0.97970676
76,0.859336
1,0.5511136
75,0.44207987
77,0.33430248
