detection_classes,detection_scores
79,0.6817872
78,0.61280006
70,0.39592397
