detection_classes,detection_scores
74,0.9564923
74,0.62197405
89,0.38320628
77,0.32145548
