detection_classes,detection_scores
1,0.9961124
1,0.5123765
62,0.44423178
