detection_classes,detection_scores
74,0.9371418
86,0.59390235
74,0.32021382
89,0.3127672
