detection_classes,detection_scores
1,0.9987331
44,0.9520527
82,0.79933476
1,0.4808818
