detection_classes,detection_scores
1,0.9985154
1,0.9909288
1,0.97942513
15,0.80594003
1,0.42201328
