detection_classes,detection_scores
78,0.7536203
79,0.35873267
72,0.32993153
