detection_classes,detection_scores
76,0.75729835
70,0.63801455
75,0.52817875
76,0.50279295
