detection_classes,detection_scores
17,0.99836403
81,0.61486495
70,0.60843724
46,0.3888236
