detection_classes,detection_scores
28,0.98396987
28,0.9085474
28,0.7004399
5,0.46004134
