detection_classes,detection_scores
74,0.9033633
86,0.36338085
70,0.3001439
