detection_classes,detection_scores
64,0.9693217
81,0.7755832
86,0.54527086
