detection_classes,detection_scores
1,0.99650526
1,0.9595581
1,0.82736766
1,0.7953237
1,0.73666376
1,0.54566705
1,0.528706
88,0.35048705
1,0.34311303
