detection_classes,detection_scores
88,0.99983597
85,0.9993456
85,0.64385515
88,0.40257627
