detection_classes,detection_scores
75,0.6888703
70,0.4545596
74,0.42965814
