detection_classes,detection_scores
52,0.9664296
84,0.87646663
52,0.56891626
52,0.55145323
