detection_classes,detection_scores
75,0.8943509
1,0.84185636
76,0.77627814
62,0.7218768
76,0.6644388
75,0.52116615
65,0.4676043
1,0.3986273
