detection_classes,detection_scores
74,0.8867771
37,0.61228013
51,0.44953826
53,0.34993008
70,0.30449057
