detection_classes,detection_scores
82,0.9245317
62,0.5328104
64,0.46337554
67,0.35780126
79,0.35005853
