detection_classes,detection_scores
17,0.99460113
78,0.76461005
75,0.39932418
