detection_classes,detection_scores
1,0.9956429
1,0.99559855
1,0.9392682
1,0.8739312
32,0.60200447
1,0.44058505
1,0.43785065
1,0.40533802
1,0.4045422
1,0.35222745
31,0.33046442
