detection_classes,detection_scores
1,0.9971826
65,0.94437164
1,0.5548817
65,0.4852386
31,0.3979888
