detection_classes,detection_scores
1,0.999838
42,0.85122085
9,0.83249414
42,0.6118634
6,0.4162978
8,0.3716441
8,0.3705656
8,0.30708656
