detection_classes,detection_scores
1,0.99768925
1,0.48209897
1,0.3232762
