detection_classes,detection_scores
14,0.52009255
89,0.43046913
87,0.41908076
