detection_classes,detection_scores
77,0.90217924
77,0.556875
75,0.35203344
75,0.3199266
