detection_classes,detection_scores
28,0.95915
3,0.82387567
15,0.42148829
28,0.38981673
