detection_classes,detection_scores
1,0.9988109
1,0.99870265
47,0.9682112
1,0.8748789
