detection_classes,detection_scores
1,0.9972805
1,0.9310022
1,0.81739503
31,0.6403263
18,0.6049008
