detection_classes,detection_scores
1,0.9768226
3,0.9568443
9,0.82143474
8,0.81025857
3,0.78982586
3,0.70100886
8,0.62438935
62,0.46082664
3,0.33313435
