detection_classes,detection_scores
85,0.9952762
51,0.82068694
39,0.59607005
77,0.5172007
