detection_classes,detection_scores
84,0.7340342
77,0.5733515
61,0.4672841
