detection_classes,detection_scores
75,0.77143705
74,0.6038892
77,0.60069054
