detection_classes,detection_scores
1,0.9981956
70,0.83807254
78,0.7562686
79,0.4782278
8,0.34456655
