detection_classes,detection_scores
82,0.86933255
44,0.63693297
79,0.32173008
