detection_classes,detection_scores
1,0.996915
1,0.9783392
27,0.7496566
1,0.44368917
