detection_classes,detection_scores
75,0.6687068
77,0.5356435
86,0.52208596
47,0.4926943
67,0.44497353
