detection_classes,detection_scores
1,0.9979473
1,0.9973405
1,0.9968298
1,0.69934964
62,0.428965
