detection_classes,detection_scores
28,0.94676256
28,0.86453724
28,0.78619945
65,0.7566045
65,0.4540337
65,0.38714647
