detection_classes,detection_scores
74,0.7269184
86,0.6426799
89,0.37261108
