detection_classes,detection_scores
62,0.9637863
81,0.88572955
65,0.5788677
78,0.4885272
84,0.32902485
