detection_classes,detection_scores
28,0.7505409
15,0.4763892
65,0.3087269
