detection_classes,detection_scores
79,0.9178157
79,0.5987326
82,0.5177565
