detection_classes,detection_scores
89,0.5922754
74,0.42285714
77,0.32421294
