detection_classes,detection_scores
78,0.5759815
47,0.45164484
79,0.41211137
