detection_classes,detection_scores
82,0.96961707
82,0.9553426
79,0.8798276
82,0.34115326
62,0.3292967
