detection_classes,detection_scores
28,0.5885962
14,0.32735708
5,0.31691098
