detection_classes,detection_scores
1,0.9996941
1,0.9990245
62,0.47299486
1,0.47112426
62,0.38165733
1,0.30892718
