detection_classes,detection_scores
74,0.8222888
53,0.7943925
89,0.3312126
