detection_classes,detection_scores
8,0.8618605
6,0.6297575
8,0.45549712
