detection_classes,detection_scores
86,0.9030179
86,0.7700078
46,0.41968971
