detection_classes,detection_scores
85,0.96288234
1,0.8953678
1,0.42727894
1,0.39690933
