detection_classes,detection_scores
1,0.98966354
1,0.95640695
1,0.7387091
65,0.696661
1,0.59997356
