detection_classes,detection_scores
1,0.99253345
38,0.9843956
1,0.86409175
