detection_classes,detection_scores
74,0.9811271
75,0.64948225
87,0.43070602
89,0.40989247
