detection_classes,detection_scores
1,0.997884
1,0.96470857
1,0.38361898
