detection_classes,detection_scores
1,0.9984988
1,0.6979977
1,0.6462768
