detection_classes,detection_scores
74,0.96495
31,0.71030694
53,0.32554045
