detection_classes,detection_scores
73,0.80914056
74,0.7811678
89,0.6905564
74,0.68825185
67,0.62915796
76,0.5932252
