detection_classes,detection_scores
17,0.99983037
81,0.6733734
70,0.6528427
70,0.55665505
3,0.3800132
70,0.31751302
