detection_classes,detection_scores
1,0.976987
28,0.6272821
42,0.42516908
