detection_classes,detection_scores
1,0.9997389
1,0.9696433
1,0.9397261
