detection_classes,detection_scores
90,0.9312037
90,0.43169948
75,0.38770723
