detection_classes,detection_scores
82,0.9504514
70,0.8062591
62,0.76956356
62,0.4294388
81,0.377181
90,0.30891898
