detection_classes,detection_scores
74,0.86379474
76,0.7850608
72,0.62165064
73,0.6211883
34,0.57959837
74,0.44451344
76,0.36085102
84,0.32611123
76,0.300862
