detection_classes,detection_scores
3,0.9921226
28,0.9575939
28,0.61098975
