detection_classes,detection_scores
74,0.9990324
47,0.9701164
74,0.93568045
67,0.6327919
75,0.35448948
51,0.34953696
70,0.3254678
77,0.30034915
