detection_classes,detection_scores
73,0.9965192
76,0.9791302
72,0.97806054
73,0.97597075
74,0.9480188
76,0.57860667
72,0.4623926
