detection_classes,detection_scores
75,0.801113
77,0.6719139
70,0.4200758
