detection_classes,detection_scores
85,0.9929181
85,0.98968583
85,0.9448849
85,0.9443739
85,0.93627477
85,0.9224671
85,0.91319716
85,0.82606936
85,0.66260886
85,0.5522487
85,0.40732792
