detection_classes,detection_scores
75,0.5564304
90,0.4707288
74,0.46582818
77,0.36106935
74,0.35103232
3,0.3047825
