detection_classes,detection_scores
85,0.9992379
75,0.785503
84,0.7611046
