detection_classes,detection_scores
1,0.99463993
1,0.9008697
1,0.8001804
75,0.79411614
1,0.69102997
1,0.43921873
1,0.33004162
