detection_classes,detection_scores
1,0.9894572
32,0.7694111
1,0.43382296
32,0.3530384
34,0.33971015
