detection_classes,detection_scores
13,0.5264305
85,0.43939552
84,0.34771484
