detection_classes,detection_scores
72,0.9993529
73,0.9979412
76,0.9962549
77,0.88013685
72,0.82123816
74,0.76650685
51,0.32864603
