detection_classes,detection_scores
90,0.7898332
90,0.71544296
75,0.44235322
