detection_classes,detection_scores
1,0.9990916
1,0.6402072
1,0.43719998
