detection_classes,detection_scores
28,0.99051195
28,0.41604334
28,0.35029545
