detection_classes,detection_scores
14,0.71817064
70,0.47669393
89,0.33388847
1,0.30454567
