detection_classes,detection_scores
78,0.6823494
78,0.47507674
72,0.4680515
82,0.38638142
