detection_classes,detection_scores
1,0.9984629
1,0.99826485
1,0.9304624
1,0.92952305
43,0.55665636
31,0.3908886
