detection_classes,detection_scores
1,0.9913537
77,0.9771458
1,0.90107507
41,0.3525486
41,0.3310901
1,0.32934013
