detection_classes,detection_scores
76,0.97721934
75,0.8130765
76,0.69487333
74,0.553647
