detection_classes,detection_scores
38,0.94470274
1,0.58828574
28,0.46461093
5,0.36629465
