detection_classes,detection_scores
28,0.7436211
62,0.63340944
15,0.5789114
67,0.45139816
62,0.3006402
