detection_classes,detection_scores
1,0.9409268
1,0.8643143
1,0.6168281
1,0.47919735
