detection_classes,detection_scores
1,0.99733907
28,0.9938251
1,0.988955
1,0.9430023
