detection_classes,detection_scores
73,0.99694794
76,0.9896165
76,0.90264446
75,0.80423903
72,0.78006715
84,0.32853207
78,0.31105357
