detection_classes,detection_scores
3,0.95632726
3,0.6715463
6,0.41621658
