detection_classes,detection_scores
38,0.98321044
28,0.88087076
28,0.8589406
38,0.4369873
