detection_classes,detection_scores
3,0.9254904
75,0.853508
14,0.5907319
14,0.36303174
90,0.31691298
77,0.30745524
