detection_classes,detection_scores
74,0.97774917
37,0.7130267
67,0.55940104
67,0.50920564
67,0.45149055
53,0.32263514
51,0.30517897
