detection_classes,detection_scores
48,0.83113456
67,0.81287223
89,0.6192115
84,0.47675493
