detection_classes,detection_scores
3,0.93476164
28,0.666985
3,0.569615
73,0.56790954
84,0.5484546
8,0.47137445
84,0.35494062
