detection_classes,detection_scores
28,0.6254991
3,0.4507441
38,0.44349262
1,0.37527803
