detection_classes,detection_scores
32,0.75792855
32,0.5596784
75,0.5582876
32,0.50356984
32,0.3769103
