detection_classes,detection_scores
1,0.9988086
16,0.57260203
32,0.55031365
