detection_classes,detection_scores
1,0.9720987
1,0.96453595
1,0.959649
1,0.9405455
1,0.9395296
28,0.9079775
1,0.74132925
