detection_classes,detection_scores
74,0.91950214
73,0.658688
75,0.40672332
78,0.3004887
