detection_classes,detection_scores
1,0.9970891
1,0.98849547
1,0.9878534
1,0.8851987
1,0.5976566
1,0.42134777
