detection_classes,detection_scores
1,0.9996413
1,0.83673066
39,0.65733856
32,0.40880898
1,0.33841455
