detection_classes,detection_scores
1,0.9960226
1,0.9945094
1,0.9924637
15,0.8903452
28,0.6708846
