detection_classes,detection_scores
1,0.99747187
32,0.76717365
32,0.4344133
