detection_classes,detection_scores
1,0.99592555
1,0.9504619
1,0.94083965
1,0.9163331
1,0.8654622
1,0.8291452
1,0.8252494
1,0.81748074
1,0.7792287
1,0.757343
1,0.73732394
1,0.7160257
1,0.69353855
1,0.6893132
1,0.6853901
1,0.58176935
1,0.5399654
1,0.53492
1,0.50177735
1,0.49967203
1,0.4383892
1,0.38193744
1,0.37086144
1,0.30918422
