detection_classes,detection_scores
74,0.97213036
74,0.68914104
67,0.6175605
89,0.50492597
89,0.5014366
89,0.31464252
