detection_classes,detection_scores
82,0.9313378
79,0.5333745
82,0.43134174
