detection_classes,detection_scores
1,0.9996432
1,0.38192213
1,0.30403942
