detection_classes,detection_scores
77,0.9856712
65,0.41707247
73,0.37709692
65,0.3671758
