detection_classes,detection_scores
1,0.99974734
1,0.9966176
1,0.9577656
1,0.61849797
1,0.48409715
84,0.35477903
