detection_classes,detection_scores
1,0.9980609
1,0.98721015
1,0.82051635
73,0.63495904
79,0.62679243
73,0.53804034
73,0.4914604
73,0.44035044
79,0.43287218
1,0.38595182
73,0.34566614
73,0.3288805
77,0.3035335
