detection_classes,detection_scores
1,0.9995684
1,0.98342705
78,0.590669
85,0.5208133
1,0.42572314
84,0.32791996
