detection_classes,detection_scores
70,0.73847634
78,0.533041
79,0.3860277
