detection_classes,detection_scores
1,0.9994382
1,0.99117917
1,0.98687035
1,0.9847269
1,0.7397792
1,0.7095631
