detection_classes,detection_scores
88,0.9952324
85,0.99413514
88,0.97334486
88,0.9049424
85,0.60503924
