detection_classes,detection_scores
1,0.9972824
1,0.9919045
1,0.9915387
1,0.9894571
1,0.9888415
1,0.98403925
1,0.96069336
1,0.94027627
1,0.93498397
1,0.840197
1,0.83928984
1,0.8199288
1,0.76810443
1,0.75188965
1,0.6519883
31,0.60939276
1,0.5817334
1,0.48766556
1,0.48103985
1,0.46403846
1,0.44080004
1,0.44034782
1,0.41350743
1,0.33572745
