detection_classes,detection_scores
82,0.8078464
78,0.6279204
72,0.3123259
