detection_classes,detection_scores
1,0.9831405
1,0.9548356
64,0.6768224
1,0.6099044
