detection_classes,detection_scores
85,0.9170495
51,0.8228396
49,0.53781265
70,0.3983156
47,0.34584302
