detection_classes,detection_scores
1,0.9964245
28,0.5872131
1,0.36192852
