detection_classes,detection_scores
85,0.86238664
34,0.55950975
61,0.40607443
