detection_classes,detection_scores
28,0.8438551
1,0.71760285
28,0.70368713
9,0.44539937
3,0.32414976
