detection_classes,detection_scores
28,0.9920366
1,0.9473972
1,0.92961866
