detection_classes,detection_scores
17,0.9527331
49,0.79897165
17,0.66892195
65,0.6651135
65,0.4573197
65,0.40888086
