detection_classes,detection_scores
89,0.7383947
74,0.43535095
77,0.3253814
