detection_classes,detection_scores
1,0.92546725
79,0.50324565
9,0.3529649
