detection_classes,detection_scores
1,0.99413943
77,0.95928615
77,0.8108891
77,0.50716776
53,0.4230102
