detection_classes,detection_scores
84,0.6281177
75,0.41539904
79,0.3043406
