detection_classes,detection_scores
1,0.9986985
1,0.9586596
1,0.93424207
10,0.9003764
1,0.8329896
1,0.65529686
1,0.59764826
1,0.30045822
