detection_classes,detection_scores
77,0.53212225
70,0.5274866
80,0.46893528
75,0.4152747
