detection_classes,detection_scores
1,0.99900997
1,0.98155814
1,0.9247828
1,0.84612375
1,0.48645577
