detection_classes,detection_scores
78,0.4430873
7,0.35126057
28,0.31157207
