detection_classes,detection_scores
85,0.5511141
85,0.38585842
61,0.35333046
