detection_classes,detection_scores
1,0.99772805
1,0.99584156
77,0.9652305
1,0.66165143
1,0.5085407
1,0.4818053
1,0.4459621
33,0.3818779
1,0.33788624
1,0.33216295
