detection_classes,detection_scores
78,0.84863555
72,0.3087909
80,0.30758542
