detection_classes,detection_scores
19,0.9904248
1,0.9811323
1,0.89512503
1,0.8659878
1,0.789007
4,0.7128841
19,0.66671604
1,0.6489514
1,0.6012454
1,0.46921337
