detection_classes,detection_scores
1,0.95448947
1,0.8169018
1,0.7072517
1,0.67720044
1,0.49506584
65,0.48531452
1,0.45156467
31,0.4007022
32,0.39159107
1,0.34519255
