detection_classes,detection_scores
18,0.99415755
28,0.86413574
38,0.75723064
28,0.7319828
65,0.6063436
38,0.34576797
