detection_classes,detection_scores
1,0.9998379
1,0.99930906
47,0.9445504
75,0.3795533
