detection_classes,detection_scores
85,0.9987251
5,0.80619305
85,0.7039939
