detection_classes,detection_scores
88,0.7228529
70,0.42058253
84,0.40276903
33,0.33233654
