detection_classes,detection_scores
72,0.99719465
74,0.99321073
76,0.9879171
86,0.8537356
44,0.67449874
86,0.6589268
