detection_classes,detection_scores
8,0.9419031
8,0.85596967
28,0.64323175
28,0.36157477
