detection_classes,detection_scores
3,0.94095844
3,0.6475651
28,0.42026117
62,0.39478084
3,0.3418392
