detection_classes,detection_scores
1,0.9965287
1,0.9957218
62,0.94493973
1,0.6217514
1,0.51868826
28,0.45662755
