detection_classes,detection_scores
61,0.620225
61,0.55707854
54,0.38708237
31,0.3214087
