detection_classes,detection_scores
74,0.78308153
40,0.4121554
89,0.3802347
47,0.31748027
