detection_classes,detection_scores
1,0.98776335
1,0.85169584
1,0.6579109
1,0.6440923
1,0.49085012
1,0.38673294
5,0.3561842
90,0.3462473
42,0.34117335
