detection_classes,detection_scores
90,0.77941746
90,0.72621506
87,0.65969723
49,0.51181865
49,0.42889467
75,0.33543798
