detection_classes,detection_scores
79,0.7235235
70,0.69310415
67,0.35580546
48,0.3335093
