detection_classes,detection_scores
84,0.8361512
37,0.7160158
84,0.7047554
67,0.5952172
1,0.53446877
62,0.41053498
76,0.3206316
