detection_classes,detection_scores
1,0.9997272
78,0.8965852
82,0.7973783
7,0.74281263
