detection_classes,detection_scores
17,0.998928
3,0.85971594
3,0.4215491
70,0.374401
