detection_classes,detection_scores
1,0.9943275
4,0.926046
4,0.7423587
1,0.6806409
1,0.54086834
1,0.3098873
1,0.30902517
