detection_classes,detection_scores
42,0.9917425
47,0.90671253
57,0.6294905
1,0.51439285
67,0.45613033
