detection_classes,detection_scores
84,0.90469366
90,0.38296056
84,0.3717684
84,0.30902335
