detection_classes,detection_scores
32,0.99658585
1,0.9957508
1,0.99382
1,0.99067557
1,0.9866851
32,0.9820848
1,0.97081167
1,0.96573526
32,0.953021
32,0.9522014
1,0.92802376
32,0.92742425
32,0.92100173
44,0.43804967
