detection_classes,detection_scores
82,0.95156413
77,0.89847803
82,0.7363297
79,0.63470453
