detection_classes,detection_scores
1,0.9961604
1,0.9859599
1,0.6558061
1,0.5821619
1,0.541311
1,0.30282497
1,0.30274603
