detection_classes,detection_scores
1,0.9974171
1,0.9956546
1,0.9910653
1,0.98751765
1,0.9715547
1,0.9395077
1,0.7966178
