detection_classes,detection_scores
77,0.77281064
78,0.69731736
1,0.63191795
72,0.43129796
85,0.32853007
85,0.30999386
