detection_classes,detection_scores
1,0.9997888
1,0.9995346
28,0.92112935
32,0.83249754
