detection_classes,detection_scores
1,0.9990089
1,0.9976343
1,0.76633507
1,0.59625554
