detection_classes,detection_scores
1,0.9966348
1,0.96634823
1,0.3946597
1,0.3459908
