detection_classes,detection_scores
1,0.9429759
1,0.79810643
1,0.59898674
1,0.47723013
1,0.3361558
