detection_classes,detection_scores
9,0.8174775
1,0.6094856
3,0.32732627
