detection_classes,detection_scores
76,0.9882443
73,0.9192536
74,0.59776866
73,0.5344102
73,0.32938802
76,0.30065498
