detection_classes,detection_scores
1,0.99860007
1,0.98980486
1,0.9356239
62,0.6163518
32,0.3929835
62,0.38016748
27,0.34007004
