detection_classes,detection_scores
1,0.9650122
57,0.9044251
57,0.6288026
57,0.43857405
57,0.32950982
