detection_classes,detection_scores
28,0.99380636
8,0.8730893
8,0.5495565
28,0.4944089
28,0.44903073
8,0.37442523
3,0.3693202
