detection_classes,detection_scores
18,0.9978836
65,0.8316188
28,0.7421504
