detection_classes,detection_scores
1,0.99678767
65,0.6065708
1,0.6025692
1,0.54828054
27,0.5137859
33,0.35850182
1,0.34590235
