detection_classes,detection_scores
1,0.9937535
1,0.9662478
18,0.96575004
28,0.90136963
1,0.8892834
28,0.82890713
1,0.81212085
56,0.7538331
28,0.66389555
62,0.4484373
