detection_classes,detection_scores
77,0.8024706
78,0.47378752
75,0.3135983
