detection_classes,detection_scores
74,0.94714344
76,0.9401909
76,0.77426654
76,0.48367244
79,0.31446275
