detection_classes,detection_scores
74,0.9495234
74,0.58350223
67,0.40072846
70,0.3479268
