detection_classes,detection_scores
1,0.99844533
75,0.98189366
1,0.4884208
