detection_classes,detection_scores
1,0.9977283
1,0.9954867
1,0.99516416
1,0.9139126
60,0.6788592
1,0.5492776
54,0.39554262
1,0.3664454
1,0.3647504
