detection_classes,detection_scores
70,0.86662394
67,0.76958716
53,0.58092076
49,0.5640409
67,0.31860903
