detection_classes,detection_scores
1,0.98657775
1,0.9687112
1,0.93097055
28,0.91894555
47,0.6787884
37,0.65778595
1,0.4722427
42,0.4677281
1,0.31461614
