detection_classes,detection_scores
15,0.5857001
65,0.57597244
28,0.4056065
