detection_classes,detection_scores
8,0.9322762
9,0.5133086
8,0.4318719
8,0.40581325
28,0.3241471
