detection_classes,detection_scores
1,0.9989574
18,0.99503195
84,0.8505136
