detection_classes,detection_scores
86,0.90212727
4,0.6815349
86,0.53662795
