detection_classes,detection_scores
78,0.47820958
79,0.35101193
70,0.3199769
