detection_classes,detection_scores
82,0.77827996
79,0.7346424
79,0.61146474
78,0.4109862
82,0.39642417
