detection_classes,detection_scores
78,0.8746605
79,0.802614
82,0.3094189
