detection_classes,detection_scores
1,0.99791986
1,0.8221933
84,0.3689591
