detection_classes,detection_scores
1,0.99921894
1,0.9979208
33,0.99785584
33,0.99646854
32,0.9214863
44,0.89736766
33,0.73076713
31,0.48179114
62,0.44750232
