detection_classes,detection_scores
52,0.68561333
53,0.67597
53,0.5111805
16,0.40829355
11,0.3357359
