detection_classes,detection_scores
1,0.99941397
1,0.9322682
28,0.8268102
3,0.8112092
32,0.6133745
6,0.43310514
