detection_classes,detection_scores
28,0.84359276
28,0.8391915
1,0.46920747
38,0.40593013
9,0.37970325
