detection_classes,detection_scores
1,0.9926266
62,0.9602021
1,0.9381799
1,0.92854434
1,0.8934871
1,0.8559515
1,0.8119784
1,0.79766786
62,0.77488923
1,0.75822484
1,0.75058454
27,0.654887
1,0.63146615
62,0.5530262
62,0.50007814
39,0.47519073
1,0.4353133
1,0.4209573
1,0.30473188
