detection_classes,detection_scores
1,0.9985758
1,0.99783427
1,0.99312663
47,0.62211365
84,0.59001446
