detection_classes,detection_scores
79,0.9657814
51,0.6952402
82,0.38459253
6,0.3544153
