detection_classes,detection_scores
89,0.6579032
14,0.42165557
75,0.41391057
74,0.37822434
77,0.36898234
37,0.35012525
