detection_classes,detection_scores
17,0.99938154
81,0.42342973
73,0.40050757
70,0.3395136
