detection_classes,detection_scores
67,0.7261069
77,0.71745175
73,0.42903244
67,0.36716142
