detection_classes,detection_scores
46,0.6836062
74,0.6755464
3,0.47994828
47,0.44383842
