detection_classes,detection_scores
1,0.99968076
1,0.9996469
1,0.99943954
1,0.99836177
1,0.9983437
1,0.9982237
3,0.52375317
1,0.32662043
