detection_classes,detection_scores
28,0.76803344
79,0.67463106
82,0.6535698
78,0.38550338
