detection_classes,detection_scores
1,0.9991875
1,0.9969445
1,0.8981806
1,0.88942647
