detection_classes,detection_scores
17,0.9966689
70,0.48683748
81,0.37549844
63,0.31101578
