detection_classes,detection_scores
1,0.99923635
1,0.9986064
1,0.99831533
1,0.99612373
