detection_classes,detection_scores
1,0.9994604
6,0.40863168
8,0.398097
49,0.31990898
