detection_classes,detection_scores
1,0.9853263
90,0.91516846
1,0.84128654
1,0.78259444
1,0.6577815
39,0.35030365
75,0.31109756
