detection_classes,detection_scores
1,0.9998398
28,0.96225005
28,0.9012007
1,0.8568616
3,0.5874588
28,0.48684725
