detection_classes,detection_scores
67,0.57659626
44,0.55881095
61,0.5027861
75,0.4193906
