detection_classes,detection_scores
1,0.9993629
1,0.9760633
1,0.9724803
1,0.9676721
1,0.46810547
1,0.43778545
1,0.39462522
1,0.3141992
