detection_classes,detection_scores
67,0.80865675
61,0.7728296
74,0.73284346
73,0.62557304
1,0.53763074
67,0.4973968
84,0.3283113
