detection_classes,detection_scores
1,0.9707362
1,0.94574034
3,0.9298599
1,0.8541644
3,0.7687147
33,0.60849416
3,0.6047792
9,0.60214436
28,0.5755674
3,0.5626417
3,0.4782673
9,0.4758289
28,0.46466148
3,0.45956707
3,0.4503207
1,0.41275647
8,0.36552107
