detection_classes,detection_scores
1,0.998007
1,0.7697729
1,0.6651257
63,0.4904179
1,0.31053838
