detection_classes,detection_scores
85,0.92631465
85,0.5815022
85,0.42128545
