detection_classes,detection_scores
1,0.99808574
32,0.8660553
57,0.38869908
