detection_classes,detection_scores
73,0.9207717
72,0.78661877
76,0.7775493
73,0.4053463
72,0.4036942
