detection_classes,detection_scores
1,0.992471
1,0.61806893
3,0.4429323
