detection_classes,detection_scores
28,0.9841011
1,0.98100203
1,0.94728696
1,0.76333296
