detection_classes,detection_scores
85,0.78745306
85,0.74096304
10,0.5167595
