detection_classes,detection_scores
1,0.99137115
65,0.94420254
1,0.925922
65,0.5318347
28,0.32618618
