detection_classes,detection_scores
1,0.9690129
1,0.8723356
1,0.858963
90,0.69453216
50,0.62635005
