detection_classes,detection_scores
1,0.990581
1,0.9826636
39,0.7640795
1,0.57573074
1,0.4551459
1,0.43157175
8,0.38692048
1,0.34575954
