detection_classes,detection_scores
85,0.7719784
65,0.5455951
61,0.46699777
34,0.4264353
15,0.37589592
