detection_classes,detection_scores
1,0.99593556
1,0.92990685
1,0.5476532
