detection_classes,detection_scores
1,0.9418426
4,0.9386714
1,0.8386645
1,0.82036424
1,0.76738006
77,0.74784154
76,0.3995902
77,0.31572556
77,0.3091611
1,0.30362758
