detection_classes,detection_scores
1,0.99964523
1,0.9965649
1,0.9476924
28,0.8705887
1,0.85847175
28,0.7849541
