detection_classes,detection_scores
1,0.9972197
1,0.99177366
1,0.8674913
28,0.7483892
1,0.68201613
65,0.62748176
