detection_classes,detection_scores
85,0.9836536
85,0.8642474
85,0.8637967
