detection_classes,detection_scores
1,0.9992611
1,0.9986319
1,0.99192643
32,0.96591574
1,0.8296849
1,0.8241741
1,0.6419637
