detection_classes,detection_scores
74,0.6318907
73,0.47547814
76,0.45122036
77,0.437124
77,0.4149644
75,0.33886048
72,0.32856795
