detection_classes,detection_scores
17,0.99954224
79,0.8568224
82,0.84250575
84,0.79604214
84,0.60443413
84,0.35972735
