detection_classes,detection_scores
1,0.9865161
1,0.9819572
1,0.9600923
1,0.8860772
1,0.72539073
1,0.7075312
1,0.6274105
62,0.5634301
1,0.56208354
1,0.53477865
