detection_classes,detection_scores
50,0.5848362
67,0.55653805
49,0.4493428
34,0.42932096
87,0.36261615
70,0.30502787
