detection_classes,detection_scores
1,0.9995912
84,0.8782052
84,0.350123
84,0.32539943
