detection_classes,detection_scores
84,0.9905207
64,0.97810227
51,0.73343503
84,0.5924935
62,0.52641135
84,0.49194303
15,0.4886941
84,0.40734825
84,0.4069448
84,0.36944675
84,0.33835477
84,0.31947333
84,0.3147158
84,0.31275606
