detection_classes,detection_scores
63,0.52975696
63,0.42579234
3,0.31892723
