detection_classes,detection_scores
44,0.9708782
44,0.968557
44,0.93186754
