detection_classes,detection_scores
62,0.9511272
62,0.90167
62,0.40363654
62,0.31404585
