detection_classes,detection_scores
37,0.972098
64,0.84531164
37,0.83987653
53,0.6636696
67,0.32676467
53,0.30413178
