detection_classes,detection_scores
86,0.98901623
62,0.9311393
15,0.3161891
