detection_classes,detection_scores
86,0.7105464
86,0.59502155
72,0.57006747
6,0.3724034
