detection_classes,detection_scores
65,0.97280294
1,0.8130412
65,0.72865725
1,0.6504123
