detection_classes,detection_scores
89,0.8314247
1,0.7499652
4,0.6763527
89,0.52239394
