detection_classes,detection_scores
15,0.8153451
15,0.5615802
15,0.56018156
9,0.33698666
