detection_classes,detection_scores
47,0.80950224
47,0.7555901
62,0.5849829
86,0.32904226
