detection_classes,detection_scores
73,0.6346018
72,0.59242404
73,0.41381007
