detection_classes,detection_scores
1,0.86546296
1,0.43333632
16,0.38534963
