detection_classes,detection_scores
44,0.9820364
84,0.47868997
1,0.46160367
62,0.421767
75,0.37977865
