detection_classes,detection_scores
64,0.993606
64,0.9914532
44,0.30237472
