detection_classes,detection_scores
20,0.6189606
16,0.58092844
23,0.3849422
21,0.35575384
