detection_classes,detection_scores
62,0.98575526
62,0.97197556
67,0.9624892
47,0.9605896
62,0.8224232
46,0.42598972
