detection_classes,detection_scores
21,0.9474739
3,0.90950793
3,0.72019047
3,0.6012362
