detection_classes,detection_scores
62,0.648245
63,0.5704533
84,0.47924766
62,0.44093692
62,0.44044438
62,0.43258938
84,0.31783938
