detection_classes,detection_scores
3,0.72328436
72,0.60587716
73,0.46439576
