detection_classes,detection_scores
62,0.99104345
51,0.9863966
47,0.968316
51,0.9444109
85,0.8053026
62,0.6746979
55,0.6362946
67,0.5717642
60,0.3849267
67,0.3639565
84,0.34842494
53,0.33453688
60,0.30000862
