detection_classes,detection_scores
5,0.8392541
15,0.38690144
57,0.32063732
