detection_classes,detection_scores
1,0.9982785
1,0.9957295
32,0.9946733
1,0.99046576
46,0.92587507
46,0.86866415
46,0.8392553
46,0.73841876
62,0.59981275
47,0.42681405
70,0.35692713
47,0.34378305
67,0.3417148
49,0.33274186
