detection_classes,detection_scores
81,0.97297454
81,0.6199152
81,0.40767252
86,0.3993249
