detection_classes,detection_scores
65,0.65814704
62,0.59712374
81,0.5569683
81,0.43976828
62,0.4327077
65,0.36290264
5,0.32810652
