detection_classes,detection_scores
1,0.99895144
1,0.44031438
90,0.3825986
