detection_classes,detection_scores
5,0.66026765
7,0.34503272
3,0.325314
