detection_classes,detection_scores
67,0.60005647
37,0.59564257
15,0.52237165
59,0.3862008
15,0.38478333
