detection_classes,detection_scores
49,0.94656247
65,0.41007927
65,0.36550242
