detection_classes,detection_scores
44,0.99361366
44,0.9714432
44,0.96946836
44,0.9183055
81,0.9156157
86,0.35784486
64,0.3387066
