detection_classes,detection_scores
1,0.8279793
1,0.5296228
1,0.5264885
