detection_classes,detection_scores
63,0.8628057
62,0.39449593
62,0.38855463
63,0.34803277
