detection_classes,detection_scores
15,0.9155788
56,0.8200782
15,0.7758335
