detection_classes,detection_scores
28,0.4590705
90,0.345271
28,0.328837
