detection_classes,detection_scores
86,0.8491001
64,0.604673
65,0.5805794
60,0.34773856
