detection_classes,detection_scores
86,0.99828315
86,0.9914716
77,0.9493491
64,0.79413205
16,0.4091545
67,0.34323156
