detection_classes,detection_scores
86,0.9979803
64,0.9496366
64,0.94063103
86,0.92799467
