detection_classes,detection_scores
1,0.8777473
90,0.7938256
28,0.41371533
