detection_classes,detection_scores
64,0.9967632
86,0.91129744
28,0.4625266
82,0.41564018
