detection_classes,detection_scores
64,0.91630244
64,0.8403767
37,0.45292372
63,0.4437252
62,0.43568859
62,0.3611597
