detection_classes,detection_scores
86,0.9933561
64,0.9403528
86,0.81095046
1,0.55345744
