detection_classes,detection_scores
3,0.7687502
61,0.61931217
67,0.46897498
37,0.44157025
