detection_classes,detection_scores
1,0.9995436
62,0.80423456
62,0.59334004
15,0.46874222
15,0.38442847
67,0.31974113
