detection_classes,detection_scores
62,0.9575716
62,0.9329658
62,0.9327724
62,0.9195081
62,0.8709244
67,0.8543115
62,0.3573544
