detection_classes,detection_scores
65,0.99321
62,0.9805608
65,0.79503375
18,0.4709435
