detection_classes,detection_scores
1,0.9998715
64,0.6817147
64,0.575172
