detection_classes,detection_scores
17,0.9980914
62,0.52521205
62,0.3161585
