detection_classes,detection_scores
63,0.90631443
63,0.8220365
63,0.69459754
63,0.5838857
65,0.57389766
65,0.3836602
63,0.34411865
