detection_classes,detection_scores
44,0.8719379
81,0.62615246
51,0.31046748
