detection_classes,detection_scores
3,0.6708711
5,0.61163795
48,0.5984133
48,0.5134404
48,0.46591905
7,0.36573574
3,0.33209482
