detection_classes,detection_scores
17,0.99541676
67,0.50588804
18,0.48048413
