detection_classes,detection_scores
1,0.99256015
65,0.987007
82,0.3597799
1,0.30307734
