detection_classes,detection_scores
17,0.997317
47,0.4866152
63,0.45214587
