detection_classes,detection_scores
65,0.99234056
62,0.8746891
27,0.521661
62,0.35047394
62,0.30947757
