detection_classes,detection_scores
32,0.88079286
1,0.39635906
77,0.35770938
