detection_classes,detection_scores
65,0.6172888
15,0.5909608
7,0.55279803
7,0.40507182
