detection_classes,detection_scores
3,0.82936466
65,0.3354335
15,0.3204536
