detection_classes,detection_scores
84,0.969717
84,0.8336895
84,0.6763565
84,0.62644863
84,0.59578365
84,0.5839491
84,0.5526993
84,0.49332392
84,0.46909046
84,0.45726144
84,0.45290068
84,0.449326
84,0.43939394
84,0.437085
84,0.43243325
84,0.41184926
84,0.40813348
84,0.39973158
84,0.38575244
84,0.37601596
84,0.37090892
84,0.36334392
84,0.36140823
84,0.3604285
84,0.34814316
84,0.33642113
84,0.33533272
84,0.3344856
84,0.32270458
84,0.30376846
