detection_classes,detection_scores
1,0.52631855
64,0.5112993
64,0.4766392
