detection_classes,detection_scores
51,0.99437135
73,0.8608229
32,0.6256745
6,0.45348558
67,0.40905944
3,0.40037128
