detection_classes,detection_scores
62,0.9898554
1,0.97790694
73,0.9304036
73,0.88058376
62,0.8686199
63,0.7086777
62,0.62575287
67,0.3244611
31,0.32152137
