detection_classes,detection_scores
62,0.99584514
64,0.97330856
84,0.586661
84,0.5520073
84,0.47760704
86,0.33606252
84,0.30033252
