detection_classes,detection_scores
85,0.83814436
2,0.38618082
2,0.34834015
