detection_classes,detection_scores
64,0.9732328
64,0.8674826
64,0.8490576
1,0.59172857
64,0.5372526
64,0.5037492
62,0.44698283
