detection_classes,detection_scores
62,0.9977526
63,0.9662465
86,0.7074406
44,0.48945805
44,0.3832756
