detection_classes,detection_scores
64,0.98315835
85,0.96056867
86,0.8276237
86,0.45634505
