detection_classes,detection_scores
17,0.99987805
86,0.99957484
64,0.8839627
