detection_classes,detection_scores
63,0.7760406
2,0.4376403
62,0.3068657
