detection_classes,detection_scores
76,0.9533803
76,0.7875283
15,0.5926208
32,0.4407272
