detection_classes,detection_scores
81,0.9643537
47,0.7971394
44,0.697587
86,0.6275017
81,0.60808843
81,0.58694315
81,0.46726894
44,0.35354218
86,0.3002944
