detection_classes,detection_scores
62,0.9494602
64,0.76275045
64,0.6542334
86,0.36431628
47,0.31796077
72,0.30050817
