detection_classes,detection_scores
62,0.9798763
67,0.9541867
67,0.76399404
31,0.60677683
67,0.46760833
62,0.37347677
62,0.34380946
62,0.3434189
64,0.33650506
62,0.30312935
