detection_classes,detection_scores
28,0.9238307
44,0.43051556
28,0.40956753
44,0.38022384
28,0.32205892
