detection_classes,detection_scores
53,0.560172
48,0.5124639
15,0.35151893
67,0.32635432
