detection_classes,detection_scores
62,0.99832827
62,0.97051066
67,0.9150717
86,0.9063176
64,0.82883346
86,0.7948291
64,0.42342347
46,0.3717787
