detection_classes,detection_scores
44,0.6286724
51,0.51384634
44,0.3228551
