detection_classes,detection_scores
47,0.9762582
44,0.9315379
47,0.8955135
44,0.881674
62,0.8622127
46,0.79060054
51,0.7607997
46,0.7421073
46,0.67846876
46,0.5272845
47,0.4327311
46,0.41462493
46,0.38834244
46,0.36627972
47,0.33427244
44,0.31976643
