detection_classes,detection_scores
67,0.7411518
44,0.71981806
79,0.7108511
64,0.6780271
1,0.4399087
62,0.39963868
3,0.30243883
