detection_classes,detection_scores
15,0.4457757
15,0.4211463
70,0.39584365
79,0.38603523
