detection_classes,detection_scores
65,0.9729321
62,0.610031
72,0.34619144
85,0.34471548
