detection_classes,detection_scores
17,0.97665375
15,0.9612288
17,0.6350512
