detection_classes,detection_scores
78,0.9974366
64,0.92409843
64,0.85264605
64,0.69423777
86,0.60638607
86,0.37012985
