detection_classes,detection_scores
1,0.99004984
1,0.9800448
1,0.9523125
54,0.7762562
