detection_classes,detection_scores
64,0.9843306
62,0.93064564
64,0.79315233
86,0.64246297
67,0.43858704
63,0.42087644
62,0.36762524
