detection_classes,detection_scores
47,0.7793485
62,0.6992377
63,0.38195938
