detection_classes,detection_scores
67,0.7956406
67,0.537491
84,0.51237804
84,0.4940011
84,0.34792632
84,0.3153918
