detection_classes,detection_scores
65,0.6812856
86,0.651478
63,0.52642125
31,0.35457483
65,0.31153417
