detection_classes,detection_scores
47,0.7986251
62,0.638787
64,0.4753152
