detection_classes,detection_scores
44,0.8431604
32,0.34474048
86,0.3369514
