detection_classes,detection_scores
62,0.99586236
62,0.6284341
15,0.506028
62,0.4090759
