detection_classes,detection_scores
53,0.733926
53,0.56413215
55,0.4767338
53,0.47050667
52,0.41784492
53,0.39770854
53,0.3944723
53,0.32090127
53,0.30602202
