detection_classes,detection_scores
64,0.5938434
53,0.58295935
53,0.42670965
53,0.31254032
