detection_classes,detection_scores
53,0.8526164
84,0.65935755
76,0.62663484
53,0.6215861
61,0.35658088
