detection_classes,detection_scores
52,0.70428836
53,0.70194805
53,0.45088583
