detection_classes,detection_scores
3,0.98790747
61,0.8684609
67,0.50666386
