detection_classes,detection_scores
88,0.8701329
61,0.6468972
60,0.4602768
51,0.39749572
67,0.35771558
