detection_classes,detection_scores
57,0.8182682
57,0.6720126
57,0.61309624
58,0.48041615
57,0.4630318
57,0.408356
55,0.3380674
57,0.33589256
57,0.3001934
