detection_classes,detection_scores
82,0.70694286
56,0.4115068
49,0.33029372
