detection_classes,detection_scores
53,0.97835714
53,0.96686137
1,0.9631273
53,0.94509816
53,0.93212193
51,0.8620448
53,0.82254165
53,0.74482685
53,0.7142228
53,0.7060796
53,0.68801004
53,0.6813687
53,0.5885605
53,0.50120384
55,0.48400393
53,0.45839578
55,0.4329988
53,0.42444944
53,0.4142967
53,0.4066288
53,0.4038151
47,0.3647064
53,0.35754296
53,0.3505016
53,0.33395264
53,0.33266258
53,0.32852173
