detection_classes,detection_scores
67,0.65384644
61,0.61513335
61,0.3262076
