detection_classes,detection_scores
56,0.8872762
56,0.78232825
56,0.6096871
56,0.4650966
56,0.41917244
52,0.40772158
56,0.33684665
56,0.32062846
