detection_classes,detection_scores
55,0.818977
53,0.46212608
55,0.34425813
