detection_classes,detection_scores
61,0.9662733
61,0.46434522
48,0.3150488
