detection_classes,detection_scores
53,0.9918675
53,0.86354613
53,0.785038
51,0.31386954
