detection_classes,detection_scores
55,0.7560249
55,0.63664657
55,0.6175514
55,0.5852196
55,0.5414146
55,0.521269
55,0.5073662
55,0.49275112
55,0.48715883
55,0.48341557
57,0.4728541
55,0.4715832
55,0.4525897
55,0.36091274
55,0.34561637
55,0.33075795
57,0.32267433
55,0.31527555
