detection_classes,detection_scores
57,0.9618883
57,0.9492811
57,0.94004625
57,0.87573606
57,0.85580087
57,0.8467468
57,0.8354458
56,0.81111944
57,0.7415774
57,0.7377895
57,0.7231278
57,0.6312737
55,0.52080446
57,0.44760054
57,0.44086635
57,0.43897265
57,0.4344847
57,0.41353625
57,0.40833282
57,0.362982
57,0.35249168
57,0.35016185
