detection_classes,detection_scores
53,0.99379164
53,0.6326572
52,0.4298937
64,0.41276416
