detection_classes,detection_scores
16,0.973445
53,0.8651829
51,0.679173
64,0.5564644
64,0.51261306
53,0.4478909
