detection_classes,detection_scores
53,0.5562142
1,0.45177564
55,0.35506266
52,0.341217
