detection_classes,detection_scores
53,0.9493017
53,0.6509095
55,0.5877177
53,0.5554557
53,0.44780105
67,0.39854708
