detection_classes,detection_scores
53,0.86280334
56,0.81280154
56,0.3332727
