detection_classes,detection_scores
47,0.98987144
51,0.96585345
51,0.80377007
67,0.79247403
56,0.73128533
51,0.64867777
67,0.6092958
56,0.57947284
56,0.49899495
56,0.49408668
47,0.4362847
67,0.38570392
49,0.35676175
56,0.3417219
