detection_classes,detection_scores
60,0.8447532
53,0.6997511
84,0.5924875
53,0.49910462
53,0.4895583
61,0.41037956
60,0.35419902
