detection_classes,detection_scores
61,0.8277556
61,0.68450886
67,0.642122
60,0.52094835
61,0.4751169
61,0.41559845
