detection_classes,detection_scores
16,0.8137547
61,0.7156998
16,0.61590666
53,0.4080049
1,0.3806769
16,0.37695983
16,0.30342117
