detection_classes,detection_scores
57,0.99436945
57,0.96057266
57,0.959059
57,0.8875609
57,0.8857118
53,0.8704435
58,0.40783754
53,0.35530415
