detection_classes,detection_scores
60,0.80288136
53,0.7782703
53,0.4537649
53,0.38530102
53,0.3757273
53,0.37277928
56,0.36478242
53,0.3563015
53,0.31874636
53,0.3123427
