detection_classes,detection_scores
53,0.8157746
55,0.67570174
64,0.30562353
