detection_classes,detection_scores
51,0.8866614
53,0.6338917
67,0.59080124
53,0.37933785
