detection_classes,detection_scores
88,0.9537176
88,0.9401414
60,0.70350766
88,0.6245296
88,0.5851831
88,0.54709166
88,0.47777048
60,0.47008634
88,0.39701244
88,0.39370194
