detection_classes,detection_scores
52,0.9291655
52,0.8192373
53,0.80341816
64,0.43798256
86,0.41062042
52,0.35049984
