detection_classes,detection_scores
67,0.5009077
75,0.47498095
56,0.416233
52,0.36870688
