detection_classes,detection_scores
52,0.5182521
53,0.4971116
55,0.30985215
