detection_classes,detection_scores
51,0.9488796
51,0.91114444
56,0.89075917
51,0.7258024
56,0.5003099
51,0.43813476
52,0.33261824
