detection_classes,detection_scores
1,0.9994584
1,0.968875
1,0.9534709
3,0.92770684
1,0.913091
1,0.895695
1,0.85611904
1,0.8422958
31,0.694149
1,0.68836594
3,0.684195
28,0.47412863
86,0.43089983
31,0.31605065
