detection_classes,detection_scores
28,0.8796217
61,0.78965735
65,0.5100275
65,0.41057032
28,0.35575527
