detection_classes,detection_scores
53,0.74164313
55,0.6105476
52,0.3859831
56,0.34481546
53,0.3285723
