detection_classes,detection_scores
56,0.81109047
86,0.722518
56,0.68545216
53,0.4493046
53,0.38430837
56,0.3616609
