detection_classes,detection_scores
56,0.70694757
52,0.46317384
56,0.3331131
