detection_classes,detection_scores
55,0.8050116
55,0.8028195
55,0.6633006
55,0.30009693
