detection_classes,detection_scores
86,0.9639293
86,0.844665
67,0.4668892
64,0.41140947
64,0.3751804
