detection_classes,detection_scores
61,0.8736484
61,0.86757934
53,0.61331785
53,0.5394476
67,0.37940302
