detection_classes,detection_scores
55,0.9407442
55,0.8824902
55,0.60283333
55,0.5638416
55,0.37925878
52,0.3680648
