detection_classes,detection_scores
61,0.69493425
53,0.56136036
61,0.56071615
60,0.43300015
50,0.33073738
