detection_classes,detection_scores
55,0.9018616
55,0.777982
55,0.77468383
55,0.6774075
55,0.6605291
55,0.61138403
55,0.57481414
53,0.5369919
55,0.5094544
55,0.47441527
55,0.47103593
55,0.44334456
55,0.4254119
53,0.42497987
55,0.41726005
53,0.40925306
53,0.38784364
55,0.38742974
53,0.37475702
55,0.37410113
55,0.35853457
55,0.35388276
55,0.35163733
55,0.32787377
