detection_classes,detection_scores
52,0.79053754
64,0.691904
64,0.53511834
