detection_classes,detection_scores
1,0.8421696
53,0.82465464
1,0.6813717
1,0.5200231
1,0.5183941
52,0.30877104
