detection_classes,detection_scores
53,0.5925964
52,0.58107084
51,0.5718073
52,0.44945383
67,0.3458071
