detection_classes,detection_scores
56,0.89120674
56,0.7085692
56,0.4698957
