detection_classes,detection_scores
67,0.47535333
56,0.46104175
53,0.38162526
