detection_classes,detection_scores
56,0.8672213
86,0.702914
61,0.6795336
61,0.47783133
52,0.4174418
