detection_classes,detection_scores
56,0.69663244
56,0.5355503
56,0.33404875
