detection_classes,detection_scores
86,0.96976656
64,0.6450717
64,0.573686
64,0.46263236
