detection_classes,detection_scores
53,0.87669325
53,0.5024385
53,0.3538707
