detection_classes,detection_scores
56,0.97099113
56,0.89982194
56,0.74845344
56,0.72387433
56,0.70581746
56,0.5979066
56,0.43287936
53,0.39462137
