detection_classes,detection_scores
51,0.94715756
56,0.6244934
56,0.41532078
51,0.4094415
