detection_classes,detection_scores
56,0.9562747
56,0.49391583
56,0.49254358
56,0.43779773
67,0.42010036
