detection_classes,detection_scores
53,0.9762507
53,0.6781869
53,0.5200036
53,0.39714184
53,0.3232355
