detection_classes,detection_scores
53,0.7812121
53,0.7574836
53,0.68432146
53,0.4697177
88,0.39697513
88,0.34599254
