detection_classes,detection_scores
53,0.9153348
53,0.7853255
53,0.7810616
53,0.77152956
53,0.6991994
53,0.63469386
53,0.62897605
53,0.6233573
53,0.6070196
53,0.43777406
60,0.40418747
84,0.37529495
53,0.36599883
55,0.35646608
53,0.3150352
