detection_classes,detection_scores
55,0.7178323
52,0.6512321
55,0.5608857
53,0.4774978
53,0.4772133
53,0.47559366
1,0.36830857
53,0.32530612
55,0.30049822
