detection_classes,detection_scores
44,0.8173162
86,0.7503941
61,0.4347784
67,0.43395713
53,0.42637596
46,0.3869709
53,0.3675972
53,0.33759528
44,0.32601145
