detection_classes,detection_scores
53,0.9828467
53,0.977424
53,0.9146419
53,0.89887387
53,0.69758886
67,0.5937901
53,0.51273286
53,0.38599154
67,0.37118053
53,0.34853056
53,0.3139937
