detection_classes,detection_scores
1,0.99269485
1,0.9343845
60,0.7618206
1,0.710709
1,0.6677257
1,0.48888877
53,0.4326387
1,0.39079216
1,0.30464548
