detection_classes,detection_scores
60,0.9632127
60,0.91808784
55,0.831362
60,0.82672817
55,0.74276274
60,0.7119169
60,0.70970684
55,0.6887132
55,0.5975014
55,0.5293084
55,0.5291302
55,0.51633686
60,0.443394
67,0.3539093
55,0.34758034
