detection_classes,detection_scores
53,0.82519865
53,0.47179952
53,0.46805823
