detection_classes,detection_scores
56,0.9863369
51,0.92342174
67,0.7221612
