detection_classes,detection_scores
52,0.7347639
60,0.71662664
55,0.6077424
56,0.5485185
53,0.5175104
52,0.43567103
53,0.39930046
55,0.3357878
53,0.3266104
53,0.30935997
55,0.30460516
