detection_classes,detection_scores
53,0.98945427
53,0.9769965
53,0.9196552
53,0.8799165
53,0.8731969
53,0.8369922
53,0.7333503
53,0.7250049
53,0.6951454
55,0.6603307
53,0.654768
67,0.6160603
53,0.5885633
53,0.4974555
53,0.49497947
53,0.45651782
53,0.3967551
53,0.37223092
53,0.35703194
53,0.30755588
