detection_classes,detection_scores
53,0.8929372
53,0.6830225
53,0.63800925
53,0.467722
