detection_classes,detection_scores
60,0.53350586
60,0.52517337
60,0.45895398
60,0.43605894
88,0.4158158
61,0.34760153
88,0.3002074
