detection_classes,detection_scores
1,0.99734336
31,0.7604662
56,0.7402849
55,0.6982274
55,0.6600942
55,0.5883364
55,0.5079144
55,0.44353956
56,0.42811072
55,0.3594978
57,0.35131925
