detection_classes,detection_scores
53,0.81334466
56,0.6235597
52,0.5571928
51,0.52905136
53,0.5167573
52,0.45596936
67,0.3893981
