detection_classes,detection_scores
60,0.9122915
60,0.7693954
67,0.635925
51,0.3149025
67,0.31170446
