detection_classes,detection_scores
61,0.76466644
67,0.7299375
61,0.6584074
61,0.5371292
61,0.5330076
59,0.41980386
