detection_classes,detection_scores
64,0.9729872
64,0.9696274
64,0.95981735
51,0.9524115
64,0.9190797
64,0.91342676
64,0.88383234
64,0.8589678
64,0.82841253
64,0.7443084
64,0.6877403
64,0.41077235
