detection_classes,detection_scores
53,0.47416893
53,0.45988157
52,0.36006328
51,0.3086148
53,0.3062322
