detection_classes,detection_scores
53,0.6977119
53,0.68205297
52,0.5939961
53,0.49840117
53,0.4960771
53,0.4805084
52,0.4427576
53,0.41743776
52,0.38944632
55,0.37091693
