detection_classes,detection_scores
53,0.85512745
53,0.7871712
53,0.7262076
53,0.71261233
53,0.70002204
53,0.6466964
53,0.5858339
53,0.5440378
53,0.5121617
53,0.48038995
53,0.44587335
