detection_classes,detection_scores
16,0.7954891
86,0.7553742
86,0.5318789
62,0.44717133
33,0.3791204
