detection_classes,detection_scores
52,0.9931932
52,0.8160246
57,0.7348055
52,0.67154074
52,0.4908363
