detection_classes,detection_scores
52,0.8599233
52,0.7263132
52,0.65549916
52,0.56574214
52,0.48968524
52,0.4221324
52,0.40419245
52,0.40157002
52,0.34453338
