detection_classes,detection_scores
61,0.6885479
60,0.49920264
67,0.47358853
