detection_classes,detection_scores
56,0.86443067
1,0.5881244
1,0.46439564
56,0.39327943
