detection_classes,detection_scores
52,0.8289698
52,0.5840805
61,0.5140438
52,0.42861998
50,0.42382458
67,0.41984412
48,0.36096305
50,0.32860777
