detection_classes,detection_scores
1,0.99510527
75,0.77394515
64,0.54408884
53,0.32471904
