detection_classes,detection_scores
56,0.66339064
59,0.5329879
53,0.3437454
