detection_classes,detection_scores
52,0.9750602
52,0.73593175
53,0.5592587
51,0.489766
60,0.4146877
52,0.38995075
52,0.34387717
