detection_classes,detection_scores
55,0.9189666
38,0.44558418
2,0.3978907
