detection_classes,detection_scores
55,0.78641796
53,0.68682784
55,0.6189139
53,0.513719
55,0.45493522
53,0.42311797
