detection_classes,detection_scores
53,0.9906551
86,0.9901247
86,0.7698024
53,0.39223787
