detection_classes,detection_scores
56,0.66779983
57,0.5614561
57,0.35855907
67,0.32070473
