detection_classes,detection_scores
53,0.9416613
51,0.90409225
73,0.37836483
67,0.3286153
