detection_classes,detection_scores
67,0.9377889
72,0.7897945
64,0.52696
61,0.33434555
