detection_classes,detection_scores
53,0.92958987
47,0.80339915
44,0.41997018
67,0.39685875
44,0.33999392
