detection_classes,detection_scores
84,0.90344685
84,0.86744356
67,0.70303
53,0.64916223
84,0.61627334
60,0.5208242
54,0.43578374
88,0.32610446
