detection_classes,detection_scores
52,0.8942377
70,0.5709718
52,0.35560325
52,0.31274596
