detection_classes,detection_scores
57,0.8388382
57,0.7456704
57,0.6978724
57,0.6510207
57,0.4863407
54,0.42907304
57,0.4111501
56,0.40175587
57,0.34381267
57,0.30687952
