detection_classes,detection_scores
61,0.5238874
67,0.47481215
59,0.45067567
