detection_classes,detection_scores
53,0.7049686
53,0.62380445
56,0.5812674
53,0.4575979
56,0.3562433
