detection_classes,detection_scores
52,0.5025175
56,0.41506723
56,0.41136068
56,0.36604163
