detection_classes,detection_scores
61,0.9665238
67,0.74935794
67,0.7141502
