detection_classes,detection_scores
56,0.9170347
56,0.8879064
53,0.626617
53,0.6250421
56,0.5865624
56,0.5435458
53,0.5424979
