detection_classes,detection_scores
53,0.8078973
55,0.7751351
53,0.7689484
56,0.72229195
56,0.62808
55,0.62263167
55,0.5147259
55,0.50769395
57,0.4216824
55,0.40708426
55,0.33072263
53,0.3053532
