detection_classes,detection_scores
86,0.50446224
32,0.33836773
32,0.3086064
