detection_classes,detection_scores
61,0.7362012
54,0.33551556
67,0.3283843
