detection_classes,detection_scores
61,0.60046375
28,0.35646653
64,0.30403844
