detection_classes,detection_scores
52,0.8741022
61,0.7191198
52,0.6640473
