detection_classes,detection_scores
28,0.5703015
56,0.45343155
86,0.39784357
