detection_classes,detection_scores
53,0.98422766
53,0.9689209
53,0.69976884
53,0.5915409
86,0.36803243
