detection_classes,detection_scores
61,0.8607478
61,0.84198964
67,0.30811808
