detection_classes,detection_scores
55,0.9839864
55,0.9512343
55,0.893275
55,0.8714365
55,0.8553199
55,0.8369908
55,0.78418046
55,0.738143
55,0.70111
51,0.6958218
55,0.58142954
55,0.50847244
55,0.4567575
55,0.40715244
55,0.32232115
51,0.30470362
