detection_classes,detection_scores
55,0.5280844
60,0.48000568
53,0.44280362
53,0.419563
53,0.39130792
56,0.38557312
60,0.31065163
