detection_classes,detection_scores
86,0.92874664
1,0.5587751
53,0.48984692
