detection_classes,detection_scores
1,0.99866676
1,0.97252536
1,0.724255
