detection_classes,detection_scores
1,0.9951585
1,0.988525
1,0.9785277
1,0.9744855
1,0.9574441
1,0.62004286
