detection_classes,detection_scores
88,0.95869356
88,0.8455479
60,0.77654827
88,0.6996287
88,0.6338473
60,0.44511202
88,0.40447804
88,0.40167925
