detection_classes,detection_scores
86,0.7748227
56,0.6800161
53,0.61924237
64,0.44865954
