detection_classes,detection_scores
55,0.92553777
55,0.9171806
53,0.91543573
