detection_classes,detection_scores
55,0.8299347
64,0.49089178
16,0.4620039
1,0.4585895
52,0.42344493
1,0.37022665
