detection_classes,detection_scores
52,0.7157394
56,0.6544939
61,0.41403955
56,0.39435783
67,0.3494332
