detection_classes,detection_scores
53,0.9702608
51,0.64982677
61,0.6421834
51,0.60209304
67,0.54632425
60,0.38634387
61,0.30858412
