detection_classes,detection_scores
56,0.86576396
57,0.81394356
57,0.48264432
56,0.45940083
56,0.44337022
67,0.43116668
59,0.37968698
51,0.3341791
56,0.32583115
56,0.31054914
67,0.30963966
