detection_classes,detection_scores
56,0.83454365
56,0.8017448
56,0.44023103
51,0.42627162
56,0.42557853
56,0.41167745
