detection_classes,detection_scores
55,0.90025425
53,0.80028695
55,0.7025192
