detection_classes,detection_scores
55,0.7754551
55,0.5156436
55,0.38612214
55,0.35356438
