detection_classes,detection_scores
85,0.9847728
3,0.98462313
1,0.9724046
3,0.9075921
3,0.8930101
28,0.844465
1,0.7590347
1,0.7303748
55,0.6008558
1,0.46041766
61,0.396105
55,0.34243867
3,0.32504624
57,0.3029113
