detection_classes,detection_scores
60,0.6744984
56,0.4944068
60,0.34984937
57,0.31521854
55,0.3093726
