detection_classes,detection_scores
60,0.9856947
61,0.36220428
61,0.3412453
