detection_classes,detection_scores
52,0.71945506
53,0.6770346
2,0.66660714
2,0.63145447
53,0.49611956
88,0.36764625
