detection_classes,detection_scores
51,0.86608344
51,0.5927289
55,0.5331345
