detection_classes,detection_scores
53,0.8355634
53,0.59458184
64,0.44391045
53,0.36398593
