detection_classes,detection_scores
55,0.8709001
61,0.84934485
55,0.3161477
