detection_classes,detection_scores
60,0.57885396
60,0.44533348
60,0.41475642
60,0.41317979
60,0.39993656
60,0.3972353
88,0.39503554
60,0.37877586
60,0.35110185
