detection_classes,detection_scores
88,0.80995387
88,0.56070447
88,0.43269634
55,0.35591972
