detection_classes,detection_scores
56,0.59162104
52,0.54475373
56,0.5258032
78,0.36155507
