detection_classes,detection_scores
53,0.90866274
86,0.6577082
1,0.59274507
86,0.43711454
53,0.40990707
