detection_classes,detection_scores
56,0.5448023
56,0.47486383
56,0.30819592
