detection_classes,detection_scores
53,0.43989617
53,0.37794444
60,0.35648784
