detection_classes,detection_scores
53,0.9424048
90,0.7739258
53,0.60292697
57,0.43906587
67,0.34323233
