detection_classes,detection_scores
53,0.68371505
61,0.57267386
86,0.49225056
53,0.4623724
86,0.4539072
