detection_classes,detection_scores
47,0.9695332
49,0.964729
47,0.9464161
54,0.80357176
67,0.77464926
51,0.45556533
