detection_classes,detection_scores
60,0.7884768
60,0.68423975
57,0.4639885
51,0.40647283
55,0.4063588
52,0.4012205
