detection_classes,detection_scores
64,0.5147306
55,0.5084083
55,0.4923328
64,0.46547428
64,0.3920993
55,0.34145555
55,0.31380767
64,0.30917358
