detection_classes,detection_scores
53,0.80079365
61,0.569875
53,0.41988474
64,0.41130862
53,0.40078092
