detection_classes,detection_scores
67,0.54873246
51,0.44985452
60,0.38396078
67,0.38322052
67,0.3345723
