detection_classes,detection_scores
1,0.82401
1,0.6295669
53,0.5289617
1,0.46368507
60,0.3981456
