detection_classes,detection_scores
52,0.7015103
52,0.6424585
52,0.58416903
53,0.53915244
16,0.527737
86,0.44180048
