detection_classes,detection_scores
57,0.9361932
57,0.9150827
57,0.7705492
53,0.6958716
57,0.6227649
88,0.5414214
57,0.52723956
53,0.49130177
56,0.34907547
