detection_classes,detection_scores
53,0.69536066
53,0.47286147
55,0.43896803
64,0.30545893
