detection_classes,detection_scores
52,0.91782224
52,0.748552
52,0.7367137
58,0.6495155
52,0.6263928
52,0.6077469
52,0.549977
52,0.5221483
52,0.336048
