detection_classes,detection_scores
58,0.7269605
1,0.6370552
60,0.414028
