detection_classes,detection_scores
55,0.66689444
55,0.6383394
55,0.6105317
51,0.5779611
55,0.4869707
55,0.43258452
55,0.42961347
57,0.34728134
57,0.3270594
55,0.32305905
57,0.32179084
