detection_classes,detection_scores
67,0.7809409
53,0.69415575
53,0.42517152
51,0.38055182
16,0.31053978
