detection_classes,detection_scores
51,0.93152404
60,0.7746777
61,0.6408811
53,0.44478005
60,0.38346016
