detection_classes,detection_scores
1,0.9341211
1,0.3762081
53,0.31963325
