detection_classes,detection_scores
61,0.7278354
86,0.61610574
53,0.31088403
