detection_classes,detection_scores
59,0.9046958
59,0.78261584
67,0.3479008
60,0.30027744
