detection_classes,detection_scores
64,0.6836793
86,0.54065937
64,0.4073386
64,0.36621037
64,0.30571988
86,0.3040396
