detection_classes,detection_scores
56,0.72349006
56,0.45298335
56,0.43619943
56,0.32755166
56,0.31864315
