detection_classes,detection_scores
16,0.6503043
55,0.51997876
55,0.5122393
64,0.35561413
