detection_classes,detection_scores
61,0.7664323
34,0.5244672
67,0.47267208
