detection_classes,detection_scores
53,0.67456144
52,0.570668
60,0.56173646
53,0.42958295
52,0.35270447
52,0.31569576
