detection_classes,detection_scores
55,0.95349807
55,0.8268917
55,0.7713617
55,0.73691255
55,0.6619158
55,0.62699145
55,0.6165118
55,0.57400125
55,0.5266815
55,0.4974115
55,0.47067997
55,0.46496797
55,0.4023402
55,0.38095078
55,0.3496591
55,0.33774978
