detection_classes,detection_scores
50,0.43524992
53,0.36059663
53,0.3022143
