detection_classes,detection_scores
53,0.78757846
53,0.6523278
55,0.62543255
53,0.5804626
53,0.5769032
60,0.55871415
53,0.5465157
53,0.5079331
55,0.47583863
53,0.36103606
55,0.33620068
53,0.32180202
