detection_classes,detection_scores
1,0.9971283
1,0.98896444
1,0.93428004
1,0.8743928
1,0.8018315
1,0.743788
1,0.6409348
1,0.4765627
1,0.45771194
