detection_classes,detection_scores
57,0.49496585
57,0.4524892
57,0.41826254
57,0.35116902
57,0.3163725
