detection_classes,detection_scores
61,0.9187278
88,0.5827828
88,0.5649
