detection_classes,detection_scores
56,0.89299303
52,0.77319926
56,0.60155547
52,0.44962913
56,0.44353577
52,0.4363289
56,0.34612587
52,0.34205356
52,0.31811228
