detection_classes,detection_scores
65,0.73343676
53,0.42135006
61,0.41798136
1,0.3699631
