detection_classes,detection_scores
53,0.9226327
53,0.6663698
55,0.59159845
