detection_classes,detection_scores
56,0.9316779
56,0.819659
56,0.7992672
56,0.6402661
51,0.56109804
56,0.43394127
57,0.39370254
