detection_classes,detection_scores
53,0.9552996
53,0.8638287
55,0.80521953
