detection_classes,detection_scores
55,0.8773491
57,0.8573125
57,0.62231535
57,0.3446709
55,0.34043378
55,0.32002285
57,0.30773428
