detection_classes,detection_scores
53,0.907686
53,0.63009715
53,0.44471404
53,0.35585648
53,0.30057323
