detection_classes,detection_scores
60,0.9965688
1,0.93003964
60,0.5079087
