detection_classes,detection_scores
55,0.49602804
56,0.48622414
51,0.3838814
56,0.34073356
