detection_classes,detection_scores
53,0.63200885
53,0.6292002
55,0.44901574
55,0.43392667
53,0.38925928
55,0.3432487
53,0.32532817
53,0.3203182
