detection_classes,detection_scores
56,0.9200061
56,0.8733392
56,0.817028
56,0.3723882
88,0.31331313
