detection_classes,detection_scores
52,0.54456586
64,0.41619286
86,0.40187627
53,0.38921016
53,0.3471717
52,0.33204806
