detection_classes,detection_scores
51,0.84341896
54,0.8103975
61,0.5740337
67,0.5244078
61,0.48470908
54,0.34635708
60,0.32908148
