detection_classes,detection_scores
53,0.91730005
37,0.8552476
53,0.8335153
13,0.827535
53,0.7114432
53,0.5111821
86,0.47983447
53,0.4429118
53,0.40349147
53,0.3101629
