detection_classes,detection_scores
60,0.93056244
52,0.7211323
60,0.64384717
52,0.5444888
52,0.4401369
52,0.39946395
67,0.33546126
67,0.3248866
