detection_classes,detection_scores
55,0.7174271
55,0.5272838
53,0.34008473
