detection_classes,detection_scores
55,0.87087774
55,0.6871105
53,0.5864491
57,0.43516827
55,0.3839302
57,0.3720966
55,0.32433036
