detection_classes,detection_scores
67,0.9342432
67,0.67710507
67,0.64791715
67,0.5947632
60,0.43390754
67,0.36779776
60,0.31491953
