detection_classes,detection_scores
51,0.9536416
60,0.8969445
51,0.79676384
56,0.6608787
51,0.36582783
51,0.3180429
