detection_classes,detection_scores
53,0.6567713
86,0.47634387
53,0.3606835
53,0.33135888
53,0.31828794
55,0.31226596
64,0.30429187
