detection_classes,detection_scores
1,0.8900211
88,0.84376144
61,0.6290527
61,0.58776206
60,0.42118654
61,0.3327801
