detection_classes,detection_scores
57,0.91748786
57,0.83280975
57,0.8009794
57,0.53757805
57,0.44201544
57,0.4018674
