detection_classes,detection_scores
56,0.9406415
56,0.86612976
56,0.7509181
56,0.5786001
56,0.47669518
56,0.45479193
32,0.4296915
51,0.3680851
56,0.31083798
