detection_classes,detection_scores
60,0.63455504
53,0.5394736
52,0.4650597
52,0.3268701
