detection_classes,detection_scores
56,0.9132225
57,0.52934873
56,0.44114283
56,0.37356114
67,0.35691273
56,0.31057665
