detection_classes,detection_scores
51,0.99485636
47,0.9917326
51,0.9910466
62,0.98982096
62,0.9724927
51,0.9704714
67,0.96235734
51,0.95090044
51,0.84312
50,0.81742865
56,0.6231402
67,0.6094918
67,0.5778603
62,0.57377267
56,0.47612238
62,0.46292296
67,0.44166157
49,0.3569099
56,0.34914955
51,0.31241038
