detection_classes,detection_scores
70,0.9029344
51,0.8444908
1,0.79958284
64,0.67617846
1,0.6738399
53,0.6017527
70,0.5897612
1,0.5325196
1,0.5257635
86,0.39386564
