detection_classes,detection_scores
1,0.9994261
53,0.77447903
53,0.73710805
53,0.47663045
53,0.47562942
