detection_classes,detection_scores
53,0.8236447
53,0.7927499
53,0.74521774
53,0.6127975
57,0.40708986
53,0.34970683
