detection_classes,detection_scores
16,0.91208965
55,0.37050584
64,0.30524924
