detection_classes,detection_scores
7,0.4844214
53,0.39071172
52,0.3494906
