detection_classes,detection_scores
57,0.96675885
56,0.9495195
57,0.94781005
53,0.82186955
57,0.63336575
57,0.5278539
56,0.50279
53,0.4550792
53,0.4137519
57,0.31606293
