detection_classes,detection_scores
86,0.87444603
52,0.7373522
52,0.64402044
52,0.5189993
56,0.5088109
56,0.4478737
52,0.33090553
67,0.31912577
56,0.30081162
