detection_classes,detection_scores
51,0.76919866
56,0.6635813
56,0.6363936
52,0.6047078
56,0.59791785
56,0.44412556
56,0.420936
52,0.3322486
56,0.32288703
