detection_classes,detection_scores
61,0.9894677
64,0.6634597
55,0.651619
61,0.57219917
56,0.5047382
