detection_classes,detection_scores
56,0.9702359
56,0.9118843
56,0.8902671
56,0.70602894
56,0.5856224
56,0.37341878
