detection_classes,detection_scores
56,0.9702496
56,0.43296465
56,0.37003765
