detection_classes,detection_scores
53,0.9137976
56,0.8999932
81,0.7182124
53,0.6336283
57,0.5738819
53,0.51732725
56,0.40701878
53,0.39360633
53,0.34217575
53,0.33973607
67,0.31787434
