detection_classes,detection_scores
57,0.8779997
57,0.84732807
55,0.4503169
58,0.39398745
55,0.3475539
61,0.34752038
