detection_classes,detection_scores
53,0.7347933
86,0.6146143
55,0.44179195
53,0.31820518
