detection_classes,detection_scores
42,0.8109472
1,0.5802288
53,0.52537864
52,0.32161683
