detection_classes,detection_scores
88,0.903869
37,0.80684566
53,0.42973867
