detection_classes,detection_scores
88,0.5404579
55,0.5297174
55,0.40802732
88,0.39867026
86,0.3851903
11,0.31533012
