detection_classes,detection_scores
49,0.93060875
53,0.80601436
67,0.7799309
60,0.350676
49,0.31409597
