detection_classes,detection_scores
52,0.8225195
56,0.58335257
86,0.35885316
