detection_classes,detection_scores
53,0.90842843
53,0.5821438
53,0.54609466
53,0.54213053
53,0.46628147
53,0.34543198
53,0.31784728
53,0.3006276
