detection_classes,detection_scores
57,0.8204111
51,0.59894735
57,0.34424004
57,0.3122595
