detection_classes,detection_scores
51,0.9720896
44,0.96060663
67,0.8100405
44,0.7943618
44,0.49670744
44,0.4880138
44,0.47583184
47,0.41847637
57,0.405221
