detection_classes,detection_scores
60,0.97994274
49,0.8999874
49,0.8184269
