detection_classes,detection_scores
67,0.8559199
60,0.63830715
15,0.592398
67,0.50375354
44,0.40572014
53,0.4043245
67,0.3421339
67,0.33889738
52,0.33100134
