detection_classes,detection_scores
55,0.579619
53,0.46783793
55,0.4331156
