detection_classes,detection_scores
61,0.56403065
55,0.55205816
55,0.34741202
54,0.34711173
61,0.30129367
