detection_classes,detection_scores
53,0.7476351
56,0.7257322
56,0.52529436
64,0.42827377
