detection_classes,detection_scores
53,0.9571335
67,0.8473521
51,0.5853384
50,0.4024729
