detection_classes,detection_scores
88,0.87102145
53,0.6407711
53,0.30849764
1,0.30010682
