detection_classes,detection_scores
57,0.4905523
52,0.4876044
52,0.43462425
52,0.37920845
67,0.3265176
