detection_classes,detection_scores
51,0.94300455
56,0.91364694
56,0.89131665
51,0.6955909
59,0.6644865
56,0.6380731
67,0.6306971
49,0.6054276
59,0.5699487
56,0.46066532
56,0.4461341
67,0.39338827
67,0.38709834
67,0.32559183
56,0.31232628
32,0.3108647
56,0.3101886
