detection_classes,detection_scores
52,0.8332503
52,0.8121446
86,0.5946705
67,0.46446958
