detection_classes,detection_scores
52,0.76562726
52,0.68937856
52,0.6797634
52,0.46437722
52,0.38433847
52,0.35143402
