detection_classes,detection_scores
60,0.7625978
59,0.6839328
60,0.6272348
53,0.55309623
