detection_classes,detection_scores
1,0.9974596
1,0.98909444
1,0.98460835
1,0.9836268
1,0.94935244
60,0.78958935
53,0.7786072
