detection_classes,detection_scores
1,0.7704884
86,0.6868078
67,0.49752614
61,0.4459799
81,0.3236799
57,0.30635658
