detection_classes,detection_scores
51,0.75265485
56,0.59279764
53,0.3767113
51,0.33233345
