detection_classes,detection_scores
53,0.9280057
53,0.9255449
53,0.6717325
53,0.54623854
53,0.47070152
53,0.4701493
53,0.41546088
53,0.3478524
53,0.34604934
53,0.33627045
53,0.33306497
53,0.3170978
53,0.3098259
