detection_classes,detection_scores
53,0.6380317
37,0.6086514
53,0.5052139
55,0.44185343
55,0.41548175
55,0.31115836
