detection_classes,detection_scores
53,0.6110029
60,0.5257583
58,0.4166178
