detection_classes,detection_scores
64,0.5482553
1,0.5004605
64,0.46962446
86,0.40066153
