detection_classes,detection_scores
53,0.96358424
60,0.81639034
53,0.737468
53,0.69041187
53,0.36206648
