detection_classes,detection_scores
88,0.77484596
88,0.76517063
88,0.61886305
60,0.43115237
60,0.3433077
88,0.33064243
