detection_classes,detection_scores
60,0.64897007
61,0.5913581
67,0.39347523
