detection_classes,detection_scores
67,0.6373732
57,0.47332337
61,0.4283323
59,0.41048115
57,0.38849252
54,0.3652035
51,0.33252957
52,0.33031023
