detection_classes,detection_scores
53,0.8812093
86,0.4242013
67,0.32493314
