detection_classes,detection_scores
53,0.943004
86,0.9362605
86,0.7873528
64,0.37926182
