detection_classes,detection_scores
67,0.63664055
67,0.57504237
55,0.55327314
67,0.532461
55,0.42114678
51,0.3815905
67,0.34932053
