detection_classes,detection_scores
53,0.9169448
53,0.891947
84,0.8482253
67,0.66055405
53,0.40896243
84,0.39034745
52,0.36510617
53,0.36308768
53,0.3557166
