detection_classes,detection_scores
1,0.99230254
84,0.96671385
51,0.7259096
56,0.61830205
84,0.5779093
67,0.5156515
84,0.41121146
67,0.34387532
