detection_classes,detection_scores
52,0.99308574
55,0.8676931
52,0.6974041
52,0.3608449
