detection_classes,detection_scores
1,0.99976844
53,0.99156207
1,0.72250265
