detection_classes,detection_scores
53,0.92233163
1,0.8303394
53,0.49447265
58,0.40938482
