detection_classes,detection_scores
53,0.72389936
53,0.72296315
61,0.7024129
53,0.6901184
53,0.6470655
56,0.5938078
53,0.54989487
60,0.32897174
