detection_classes,detection_scores
52,0.93905073
53,0.713712
53,0.71363866
53,0.6347439
53,0.5179184
53,0.44383007
53,0.4424865
