detection_classes,detection_scores
56,0.8315287
52,0.4531233
16,0.38575375
56,0.32140604
