detection_classes,detection_scores
67,0.76223916
1,0.6982655
55,0.6603878
55,0.6382632
44,0.54961735
60,0.48749617
67,0.4609311
52,0.3030129
