detection_classes,detection_scores
53,0.7411772
56,0.6520035
53,0.52946323
57,0.42336318
