detection_classes,detection_scores
53,0.84014386
53,0.7126318
55,0.47443926
53,0.44816172
