detection_classes,detection_scores
56,0.7524567
51,0.40389365
53,0.3335008
56,0.3166959
