detection_classes,detection_scores
51,0.985182
51,0.98175484
67,0.80475676
56,0.3976294
67,0.32725993
