detection_classes,detection_scores
60,0.7860112
60,0.62210935
53,0.44232413
67,0.38366556
60,0.32193014
53,0.31214243
