detection_classes,detection_scores
56,0.5769632
67,0.4229973
51,0.3133444
