detection_classes,detection_scores
52,0.73384404
52,0.59135187
53,0.46352693
52,0.39293534
52,0.32043976
52,0.30151993
