detection_classes,detection_scores
51,0.9087829
56,0.50470334
81,0.35091534
