detection_classes,detection_scores
51,0.82834935
67,0.52386045
53,0.41799125
