detection_classes,detection_scores
55,0.8162341
1,0.6448459
52,0.48613107
1,0.42010996
32,0.35049343
88,0.34290448
53,0.34250614
64,0.32160443
