detection_classes,detection_scores
86,0.6204418
86,0.42512384
16,0.36246184
57,0.33590505
