detection_classes,detection_scores
53,0.8605279
52,0.8305464
52,0.7877076
60,0.3120705
