detection_classes,detection_scores
60,0.9201146
61,0.37252986
60,0.30237034
67,0.30144775
