detection_classes,detection_scores
67,0.89580065
53,0.7480957
53,0.7322663
67,0.63714653
52,0.53458095
