detection_classes,detection_scores
1,0.52765626
1,0.4636311
61,0.33090425
