detection_classes,detection_scores
44,0.98099846
55,0.8970575
55,0.75040966
53,0.73377866
