detection_classes,detection_scores
53,0.6990272
60,0.46299037
53,0.39110696
53,0.385945
60,0.30011806
