detection_classes,detection_scores
53,0.48264563
53,0.47169572
53,0.37719968
60,0.32555115
