detection_classes,detection_scores
1,0.9139671
53,0.70242494
55,0.4595511
84,0.4548328
64,0.44709614
1,0.3865766
1,0.3741025
