detection_classes,detection_scores
53,0.9121176
53,0.6366753
60,0.5162532
53,0.47275436
53,0.40987968
51,0.38572735
53,0.3325947
