detection_classes,detection_scores
16,0.98204225
16,0.9140549
16,0.83700466
16,0.38933635
52,0.31318074
