detection_classes,detection_scores
52,0.53815764
53,0.43189088
51,0.38475165
55,0.33949086
