detection_classes,detection_scores
67,0.9158923
44,0.8767693
57,0.67775863
53,0.30499825
