detection_classes,detection_scores
52,0.8865551
53,0.74622476
58,0.36217865
