detection_classes,detection_scores
53,0.86802155
51,0.8249995
52,0.80711955
53,0.6449891
53,0.6432052
67,0.63928473
53,0.59837884
55,0.45190787
53,0.42780015
51,0.3862697
53,0.38323674
