detection_classes,detection_scores
64,0.8417478
31,0.62534994
86,0.35896578
