detection_classes,detection_scores
39,0.9460962
37,0.63626987
88,0.4227766
