detection_classes,detection_scores
53,0.68810415
1,0.48551285
55,0.3725358
55,0.37049446
53,0.3317978
52,0.31531066
