detection_classes,detection_scores
60,0.7930126
55,0.75062245
61,0.7003678
1,0.50749475
67,0.4135651
60,0.40526673
60,0.39790866
