detection_classes,detection_scores
53,0.5916133
53,0.39405742
53,0.3504575
53,0.3504027
53,0.33206788
51,0.31735373
