detection_classes,detection_scores
56,0.76956487
53,0.49891824
53,0.38953674
