detection_classes,detection_scores
53,0.9329158
53,0.8490657
52,0.8316951
53,0.8002366
52,0.59639066
52,0.5631689
60,0.39887452
54,0.37659848
50,0.36356235
60,0.3269634
