detection_classes,detection_scores
37,0.90311295
53,0.74816823
52,0.66758054
53,0.45856166
53,0.4043603
53,0.38002095
55,0.37015045
53,0.34076032
