detection_classes,detection_scores
55,0.99740297
55,0.98715484
55,0.97793955
55,0.92285955
55,0.913977
55,0.88318187
55,0.83425283
55,0.80966616
55,0.7724829
55,0.69769335
55,0.5040603
55,0.33272558
