detection_classes,detection_scores
59,0.95831954
61,0.66524726
60,0.46741667
