detection_classes,detection_scores
53,0.80497634
61,0.6182918
53,0.41008288
67,0.40718248
