detection_classes,detection_scores
32,0.92044955
1,0.9007169
32,0.78216964
32,0.6454018
58,0.54492426
1,0.373004
57,0.35631835
32,0.324025
32,0.31289977
