detection_classes,detection_scores
1,0.8919765
53,0.81089425
53,0.7494185
52,0.74814224
52,0.718712
1,0.6373048
1,0.50940275
52,0.39790803
