detection_classes,detection_scores
53,0.93872744
53,0.46858817
53,0.3517125
