detection_classes,detection_scores
53,0.8971744
53,0.7137683
53,0.48447868
53,0.45053145
53,0.4066202
52,0.36172378
52,0.35394344
