detection_classes,detection_scores
52,0.93937135
52,0.93754655
52,0.9138921
60,0.58982855
67,0.51453084
52,0.43199533
51,0.38624373
