detection_classes,detection_scores
50,0.99160624
51,0.9475425
51,0.66752493
67,0.6394067
56,0.37790745
56,0.30954185
