detection_classes,detection_scores
53,0.8905452
55,0.68318254
53,0.64908236
55,0.5977171
53,0.5875738
55,0.53673756
55,0.52068555
55,0.45205766
53,0.42702374
55,0.35012114
55,0.30068052
