detection_classes,detection_scores
52,0.975049
55,0.9664669
55,0.9595341
53,0.9579593
55,0.9466938
55,0.93395215
53,0.9301831
53,0.86904556
53,0.8446548
53,0.84365207
55,0.8339304
55,0.63146806
