detection_classes,detection_scores
47,0.8901293
47,0.7446653
67,0.733267
44,0.7215885
53,0.6674208
44,0.42773455
86,0.3652565
