detection_classes,detection_scores
53,0.6994065
53,0.69840896
53,0.51645476
56,0.41569373
53,0.4110405
