detection_classes,detection_scores
51,0.86001337
51,0.78959554
53,0.45490608
