detection_classes,detection_scores
56,0.9243916
52,0.88653284
52,0.70213574
56,0.31607804
