detection_classes,detection_scores
1,0.99471575
1,0.93626034
1,0.8813851
1,0.7706566
86,0.37100998
