detection_classes,detection_scores
53,0.91141707
52,0.7222741
52,0.69135034
67,0.471249
53,0.3965597
52,0.3536759
67,0.3155775
