detection_classes,detection_scores
88,0.7041227
47,0.50699985
88,0.4508212
49,0.34260565
