detection_classes,detection_scores
56,0.63483286
56,0.56479937
56,0.39750305
51,0.3924146
56,0.3154763
