detection_classes,detection_scores
51,0.94423306
53,0.9002136
53,0.4690066
55,0.4006001
52,0.31227785
51,0.30088022
