detection_classes,detection_scores
86,0.8072386
1,0.77497953
1,0.7100758
53,0.66839176
48,0.52292615
53,0.46207443
