detection_classes,detection_scores
53,0.8745206
53,0.87140363
53,0.79387885
53,0.7563017
53,0.740624
53,0.58135253
53,0.4517268
53,0.3939775
55,0.37174547
53,0.32947114
53,0.32041746
53,0.3110023
