detection_classes,detection_scores
3,0.97272724
1,0.9571582
60,0.5266588
88,0.49129197
84,0.3162266
