detection_classes,detection_scores
53,0.8569879
53,0.77397627
53,0.5223136
53,0.43127954
53,0.36800617
53,0.31001887
