detection_classes,detection_scores
52,0.9602021
56,0.87421846
90,0.6344371
86,0.36479083
90,0.35365295
52,0.33776948
