detection_classes,detection_scores
53,0.9892384
52,0.83896315
52,0.7393754
53,0.68415296
52,0.38811284
