detection_classes,detection_scores
47,0.9749713
51,0.84994715
51,0.79708254
64,0.7743525
51,0.6882613
64,0.6615129
51,0.6174837
57,0.5689945
47,0.5617071
47,0.5524324
47,0.5226312
47,0.50804317
57,0.42574084
47,0.4246766
47,0.38234398
51,0.37325156
67,0.3675481
47,0.35139868
64,0.32928103
47,0.31238756
56,0.3047851
