detection_classes,detection_scores
53,0.7630633
56,0.6882771
67,0.3751665
56,0.31461424
