detection_classes,detection_scores
52,0.74325025
61,0.67255825
51,0.3353023
