detection_classes,detection_scores
55,0.9993492
55,0.9988675
55,0.8766147
