detection_classes,detection_scores
53,0.9308337
56,0.8662562
51,0.725002
