detection_classes,detection_scores
56,0.8855773
56,0.8674579
53,0.73791844
56,0.4198138
