detection_classes,detection_scores
51,0.7161345
55,0.6683667
67,0.39419976
53,0.34850165
55,0.30132365
