detection_classes,detection_scores
46,0.9869648
51,0.8903862
67,0.8446963
46,0.8348053
56,0.83191466
67,0.45571375
51,0.40233818
56,0.37698495
