detection_classes,detection_scores
53,0.8435146
53,0.80433697
53,0.64664686
65,0.5692077
53,0.448742
79,0.3993696
51,0.35738742
65,0.32406044
