detection_classes,detection_scores
55,0.6427347
55,0.6154083
55,0.5140845
55,0.48917484
55,0.43790728
55,0.40725735
57,0.40324873
57,0.39121673
57,0.37704232
