detection_classes,detection_scores
53,0.7749279
53,0.7660565
55,0.70409906
55,0.38310972
53,0.3099011
