detection_classes,detection_scores
55,0.4898622
53,0.42491898
53,0.311259
