detection_classes,detection_scores
1,0.98569185
56,0.8217392
1,0.43107274
