detection_classes,detection_scores
56,0.69287974
56,0.64391816
56,0.50997645
59,0.33266512
