detection_classes,detection_scores
56,0.45129707
1,0.3224931
64,0.3046684
