detection_classes,detection_scores
53,0.9933201
52,0.6330432
53,0.6199942
53,0.6061786
53,0.5747408
53,0.5107196
53,0.4554667
