detection_classes,detection_scores
52,0.7091154
52,0.51111025
52,0.4781378
53,0.4413541
52,0.34745574
52,0.33572027
53,0.31351393
