detection_classes,detection_scores
52,0.7316459
86,0.51800454
86,0.46655494
86,0.44128945
67,0.42139426
52,0.39183518
