detection_classes,detection_scores
64,0.73712075
57,0.55831134
64,0.36490625
53,0.3035679
