detection_classes,detection_scores
53,0.8070553
51,0.54962224
53,0.4617947
53,0.41713822
53,0.38713345
