detection_classes,detection_scores
56,0.8282879
86,0.37395367
56,0.32742196
