detection_classes,detection_scores
53,0.62094575
55,0.4925829
86,0.45640546
