detection_classes,detection_scores
56,0.722806
86,0.6847197
56,0.6129622
56,0.41198266
