detection_classes,detection_scores
62,0.7087122
53,0.6131965
61,0.520426
53,0.41840637
55,0.39969835
53,0.36731973
67,0.30637464
