detection_classes,detection_scores
53,0.7932931
55,0.7778152
53,0.6937907
53,0.60392666
53,0.5813523
53,0.55375797
53,0.49076816
53,0.4488361
53,0.39969733
53,0.39517608
53,0.37458965
