detection_classes,detection_scores
64,0.5983564
16,0.48546827
86,0.4257661
16,0.37266064
16,0.33777717
64,0.31676692
