detection_classes,detection_scores
51,0.62509644
60,0.5444272
60,0.5382764
60,0.5374485
60,0.46592122
60,0.45688617
60,0.44413376
60,0.44100705
60,0.40136957
60,0.38921145
60,0.38638407
60,0.35128668
60,0.3411349
60,0.30388498
