detection_classes,detection_scores
55,0.93901753
55,0.5169345
55,0.3815814
53,0.36226317
