detection_classes,detection_scores
55,0.8846255
55,0.8342484
55,0.7365317
53,0.45366883
53,0.38301307
