detection_classes,detection_scores
64,0.7676996
86,0.5812868
67,0.5295464
