detection_classes,detection_scores
53,0.91879565
60,0.88649625
60,0.8247131
61,0.5570115
61,0.32407367
