detection_classes,detection_scores
56,0.8727293
3,0.7670453
61,0.64884907
61,0.5136736
56,0.4045076
61,0.35498288
