detection_classes,detection_scores
56,0.7697032
67,0.41541344
53,0.3777189
18,0.3384918
