detection_classes,detection_scores
52,0.89798915
53,0.8815824
53,0.5903028
52,0.33619708
55,0.3023383
