detection_classes,detection_scores
61,0.68143094
52,0.38525802
60,0.3601156
67,0.311195
