detection_classes,detection_scores
61,0.9205025
67,0.7355678
61,0.36898944
