detection_classes,detection_scores
53,0.942724
53,0.8086824
88,0.78064984
88,0.60977167
53,0.55431396
