detection_classes,detection_scores
56,0.7294073
53,0.4977144
57,0.34309542
