detection_classes,detection_scores
55,0.81128067
67,0.6227845
55,0.49427122
65,0.47463554
55,0.44389617
