detection_classes,detection_scores
51,0.9032923
55,0.8866132
67,0.6336059
67,0.43287632
61,0.4081723
53,0.3594017
60,0.33383322
61,0.31962937
