detection_classes,detection_scores
55,0.9730249
55,0.96124244
55,0.9500404
55,0.6670978
