detection_classes,detection_scores
51,0.93047065
53,0.7441368
53,0.630911
53,0.56521636
53,0.5316333
53,0.4274723
53,0.41688082
