detection_classes,detection_scores
58,0.89653736
58,0.51905936
52,0.48869613
58,0.45955607
52,0.39030534
57,0.3044706
