detection_classes,detection_scores
53,0.98022926
86,0.81009585
67,0.33026534
