detection_classes,detection_scores
1,0.9989795
1,0.992645
1,0.8639876
88,0.67934763
49,0.322798
