detection_classes,detection_scores
51,0.9460923
67,0.889932
67,0.65591776
