detection_classes,detection_scores
53,0.91374874
52,0.36356795
86,0.32335806
60,0.32243925
