detection_classes,detection_scores
53,0.8899393
51,0.67516625
67,0.6383735
53,0.59308815
53,0.46335563
