detection_classes,detection_scores
53,0.9604
53,0.70336676
53,0.6567092
37,0.56346637
55,0.54473764
53,0.5289447
