detection_classes,detection_scores
86,0.8578515
67,0.71885705
52,0.3355892
