detection_classes,detection_scores
53,0.73515904
53,0.6606414
53,0.5885777
56,0.48558807
53,0.30541673
