detection_classes,detection_scores
53,0.5341225
55,0.4587603
53,0.36309633
