detection_classes,detection_scores
56,0.9084969
56,0.87139994
56,0.8687706
56,0.85786927
56,0.8190128
56,0.6178844
56,0.59509224
56,0.51261795
56,0.46948317
56,0.4453827
56,0.42589504
56,0.39900216
56,0.3016836
