detection_classes,detection_scores
62,0.73923135
52,0.67468506
67,0.66124743
51,0.54708344
49,0.35565248
67,0.35530227
