detection_classes,detection_scores
86,0.5824129
67,0.40466046
61,0.34841436
