detection_classes,detection_scores
90,0.9058264
52,0.54922944
50,0.4887655
90,0.4666428
52,0.39560866
