detection_classes,detection_scores
52,0.9043175
56,0.7167834
56,0.64961165
56,0.5473494
