detection_classes,detection_scores
86,0.82486403
67,0.6080999
53,0.41050443
53,0.36285704
