detection_classes,detection_scores
60,0.6789407
53,0.6301922
53,0.43799487
53,0.31677544
