detection_classes,detection_scores
1,0.95124656
53,0.7703531
59,0.49071994
53,0.30518988
