detection_classes,detection_scores
53,0.9774445
52,0.9058415
86,0.46049625
