detection_classes,detection_scores
67,0.6050388
56,0.52019083
67,0.33452302
