detection_classes,detection_scores
53,0.7893685
1,0.74781406
53,0.6731658
53,0.54894793
53,0.47551805
53,0.4109182
