detection_classes,detection_scores
56,0.48264277
67,0.38263118
56,0.3201755
