detection_classes,detection_scores
1,0.9954768
1,0.88275623
1,0.6779261
1,0.65975446
1,0.35904056
