detection_classes,detection_scores
55,0.8171796
51,0.72248334
51,0.65348595
51,0.52917415
55,0.37040722
47,0.3216498
