detection_classes,detection_scores
1,0.8630216
1,0.7625859
1,0.7503844
60,0.5534245
1,0.48799422
60,0.48571292
60,0.35524714
86,0.34491956
