detection_classes,detection_scores
86,0.9616902
53,0.82643753
53,0.68183315
28,0.6360487
56,0.4756561
53,0.34825474
