detection_classes,detection_scores
57,0.7239666
57,0.6950631
57,0.599924
56,0.5963969
57,0.57228935
56,0.5449749
57,0.46537748
56,0.41312468
57,0.4054252
