detection_classes,detection_scores
53,0.8961805
53,0.8166012
53,0.68777114
53,0.6370841
53,0.59977525
64,0.5239963
53,0.42135185
53,0.34746212
