detection_classes,detection_scores
64,0.92262197
53,0.7892786
53,0.71140784
53,0.46026886
