detection_classes,detection_scores
1,0.6614191
67,0.4406248
52,0.30962268
