detection_classes,detection_scores
53,0.9001761
67,0.8288611
67,0.5023111
53,0.3437241
