detection_classes,detection_scores
67,0.83599377
51,0.5497803
49,0.4561449
