detection_classes,detection_scores
61,0.7406219
53,0.66506374
51,0.33767557
