detection_classes,detection_scores
53,0.9323377
28,0.85530716
67,0.48302522
1,0.4432702
