detection_classes,detection_scores
37,0.88675964
53,0.70728856
53,0.66527593
53,0.52171284
53,0.38434884
53,0.37443718
53,0.3286836
