detection_classes,detection_scores
53,0.8720857
86,0.85678524
86,0.77948624
64,0.6868892
55,0.35082614
