detection_classes,detection_scores
51,0.92024696
56,0.37304303
59,0.3200374
56,0.31993473
51,0.3144817
