detection_classes,detection_scores
1,0.99937904
53,0.5302113
1,0.38367906
84,0.3171155
84,0.30999994
