detection_classes,detection_scores
55,0.812265
53,0.68940425
55,0.6497918
53,0.64086056
52,0.54217696
55,0.5398802
55,0.44140938
53,0.43450052
53,0.39208564
53,0.35938248
55,0.33885348
53,0.3017186
