detection_classes,detection_scores
67,0.9021885
51,0.80951166
61,0.68723416
60,0.57219887
51,0.3767757
