detection_classes,detection_scores
61,0.93646026
55,0.7515297
61,0.7229128
61,0.4298861
61,0.42117164
67,0.41278622
88,0.37923217
61,0.3456408
61,0.31317464
