detection_classes,detection_scores
55,0.7083531
55,0.6648816
55,0.66025436
55,0.39562422
52,0.34905958
