detection_classes,detection_scores
53,0.97895813
53,0.9766193
53,0.7946955
53,0.75654423
53,0.69690585
53,0.6394498
53,0.62260026
53,0.4766444
53,0.42894113
