detection_classes,detection_scores
1,0.96851426
1,0.8717943
1,0.8118877
1,0.55004454
53,0.53150576
1,0.53111005
28,0.5248934
55,0.4701452
53,0.4154884
28,0.39529318
1,0.36282042
