detection_classes,detection_scores
64,0.6294726
52,0.5267722
64,0.3117751
