detection_classes,detection_scores
88,0.77361387
67,0.68259984
88,0.6821431
88,0.49823156
88,0.39514676
88,0.35640937
