detection_classes,detection_scores
61,0.65675414
54,0.40438077
61,0.39197338
