detection_classes,detection_scores
53,0.9709036
53,0.9377371
53,0.9315317
53,0.8697983
53,0.669037
56,0.57785213
