detection_classes,detection_scores
55,0.72705525
61,0.6613133
59,0.65218675
1,0.47274232
54,0.32569888
