detection_classes,detection_scores
60,0.5608991
67,0.32216054
60,0.31634036
