detection_classes,detection_scores
60,0.4782936
54,0.36102155
51,0.35644147
57,0.30143628
