detection_classes,detection_scores
18,0.99864024
33,0.6786891
18,0.60947025
18,0.53762615
34,0.33642837
27,0.31726062
