detection_classes,detection_scores
1,0.78322613
1,0.74887705
1,0.69445246
64,0.6713054
1,0.3767509
