detection_classes,detection_scores
53,0.91326565
53,0.81923693
53,0.7118156
58,0.605958
56,0.47815508
53,0.43877563
53,0.3614413
