detection_classes,detection_scores
52,0.78152215
67,0.6659592
52,0.31303
