detection_classes,detection_scores
3,0.8586552
86,0.7963501
86,0.6948764
1,0.657389
64,0.39016503
27,0.30246982
