detection_classes,detection_scores
67,0.6247084
60,0.6035717
61,0.51650995
61,0.43239018
60,0.42717418
54,0.42702633
58,0.3280766
58,0.30662927
