detection_classes,detection_scores
53,0.93826985
53,0.90031844
53,0.71321124
53,0.6249892
53,0.6154534
53,0.59815013
53,0.410525
53,0.3537029
