detection_classes,detection_scores
53,0.94947964
37,0.77899885
55,0.55629575
53,0.39221764
53,0.302092
