detection_classes,detection_scores
1,0.9990086
1,0.9537627
61,0.6213185
60,0.6170424
1,0.56900775
1,0.3990834
1,0.33781868
