detection_classes,detection_scores
61,0.58254164
67,0.41568035
60,0.40373993
61,0.34175652
