detection_classes,detection_scores
57,0.9871029
57,0.9319053
56,0.8889548
52,0.81803906
57,0.8154955
57,0.6695387
53,0.60109365
1,0.40027004
