detection_classes,detection_scores
51,0.90544105
56,0.69544756
51,0.6090449
56,0.5454998
56,0.44996458
