detection_classes,detection_scores
53,0.850532
53,0.8429402
67,0.8361451
53,0.6599554
53,0.63875836
55,0.40522376
55,0.37862796
55,0.32983938
