detection_classes,detection_scores
56,0.7134086
56,0.6043039
56,0.5170946
56,0.4979431
56,0.46640584
56,0.4012837
56,0.39735648
56,0.36782268
