detection_classes,detection_scores
53,0.70906717
53,0.6990918
53,0.610008
64,0.4745566
53,0.46030793
