detection_classes,detection_scores
55,0.59709686
53,0.38639873
55,0.38371503
