detection_classes,detection_scores
56,0.77388245
56,0.7282101
51,0.59348536
56,0.50958747
56,0.3848747
53,0.36536774
56,0.35149866
56,0.34044084
