detection_classes,detection_scores
56,0.6824353
56,0.5857253
51,0.5396369
56,0.5239926
56,0.42142224
67,0.4208793
