detection_classes,detection_scores
53,0.8941427
52,0.42226884
60,0.4192285
