detection_classes,detection_scores
55,0.84289026
55,0.82726544
55,0.6563783
