detection_classes,detection_scores
56,0.72816455
60,0.6680725
56,0.42538247
56,0.38900125
