detection_classes,detection_scores
55,0.9373529
52,0.44028294
53,0.32585394
