detection_classes,detection_scores
1,0.83998084
63,0.64072055
63,0.45486137
65,0.41354033
88,0.3922414
