detection_classes,detection_scores
53,0.65935504
53,0.4168569
60,0.37237525
