detection_classes,detection_scores
53,0.95617443
67,0.695926
67,0.39265808
