detection_classes,detection_scores
51,0.98913705
57,0.9645016
51,0.92400897
57,0.8979858
57,0.74765056
56,0.5255172
57,0.5215236
57,0.4729925
57,0.45132175
67,0.38852522
