detection_classes,detection_scores
53,0.9039403
53,0.8819743
86,0.5342216
