detection_classes,detection_scores
16,0.9416319
1,0.8130492
1,0.41803464
