detection_classes,detection_scores
52,0.9809435
86,0.66968083
52,0.33061597
