detection_classes,detection_scores
52,0.8704644
57,0.6636637
56,0.6243668
51,0.5978191
57,0.5669748
67,0.42283815
57,0.41499934
52,0.40892032
53,0.36857453
