detection_classes,detection_scores
53,0.9143768
55,0.64545095
53,0.45096457
