detection_classes,detection_scores
52,0.91248107
52,0.8866974
52,0.8671554
52,0.8153328
53,0.6612745
53,0.6141163
52,0.4632912
52,0.45977113
52,0.387728
53,0.3829058
52,0.3475899
