detection_classes,detection_scores
48,0.908904
51,0.6149231
67,0.5428355
47,0.3898095
