detection_classes,detection_scores
86,0.44027525
57,0.4028325
57,0.3905944
86,0.34549043
