detection_classes,detection_scores
86,0.95037764
86,0.9356072
86,0.78264475
53,0.67185324
64,0.5085438
86,0.43812713
