detection_classes,detection_scores
55,0.49271768
61,0.4360112
61,0.32563376
