detection_classes,detection_scores
88,0.83022416
55,0.65102684
53,0.3986276
