detection_classes,detection_scores
56,0.9689999
52,0.9413936
53,0.79951745
53,0.77811736
53,0.7776501
55,0.7500576
55,0.57148504
53,0.5331971
53,0.40722826
53,0.36858186
53,0.3263977
