detection_classes,detection_scores
64,0.44832024
52,0.4140852
52,0.39136013
