detection_classes,detection_scores
56,0.87754124
67,0.653438
51,0.45599508
51,0.3391432
