detection_classes,detection_scores
53,0.9532287
53,0.7591541
53,0.73425025
53,0.72022915
53,0.6781065
53,0.6067448
64,0.48356298
53,0.4682677
53,0.43037364
53,0.41067865
53,0.38780773
53,0.3674449
53,0.34771946
53,0.3338559
53,0.33082706
53,0.32702583
