detection_classes,detection_scores
51,0.9433175
56,0.92541444
51,0.7684793
56,0.6149846
56,0.5752771
51,0.38671955
56,0.33741656
