detection_classes,detection_scores
34,0.8918762
52,0.8111279
86,0.7707074
52,0.71551037
61,0.37734303
51,0.30542743
