detection_classes,detection_scores
53,0.4567987
53,0.3980249
53,0.36450776
53,0.3392436
