detection_classes,detection_scores
51,0.50949615
52,0.35511053
56,0.35283878
67,0.30900627
52,0.3006273
