detection_classes,detection_scores
28,0.8441205
61,0.40724483
60,0.34202302
61,0.32885414
