detection_classes,detection_scores
1,0.98667204
1,0.9828546
1,0.7291734
28,0.58920646
1,0.54983115
62,0.32149702
