detection_classes,detection_scores
60,0.8169832
61,0.67462707
61,0.5836074
67,0.53232324
60,0.40333772
