detection_classes,detection_scores
50,0.8246208
49,0.769816
55,0.75531685
55,0.49229863
53,0.4825755
