detection_classes,detection_scores
1,0.97756326
60,0.9195183
1,0.899374
62,0.67745936
1,0.66107845
44,0.48655668
