detection_classes,detection_scores
65,0.6530335
65,0.47769696
56,0.4727949
61,0.33903697
