detection_classes,detection_scores
51,0.8298726
49,0.5853039
53,0.54271555
37,0.49940193
49,0.49896288
49,0.4205064
53,0.37584507
44,0.3693559
