detection_classes,detection_scores
1,0.99942625
1,0.94210833
1,0.92728966
1,0.9224412
53,0.7990228
1,0.64743745
1,0.4998888
