detection_classes,detection_scores
56,0.92924255
56,0.7043445
56,0.34693146
67,0.34119934
