detection_classes,detection_scores
61,0.91793823
67,0.57744896
61,0.48531294
60,0.44899738
59,0.33967152
57,0.32899138
