detection_classes,detection_scores
52,0.8871719
52,0.80077904
52,0.7691742
52,0.71436983
52,0.58937365
52,0.5586238
52,0.4662283
52,0.4044605
52,0.37388834
52,0.35170493
52,0.33505613
52,0.3307477
