detection_classes,detection_scores
52,0.95302325
56,0.8612189
52,0.79381436
52,0.7102982
56,0.48605627
56,0.4305079
56,0.4035205
56,0.35637254
56,0.32149655
