detection_classes,detection_scores
90,0.89093876
67,0.46369705
90,0.42312136
90,0.35906923
