detection_classes,detection_scores
53,0.80646455
67,0.67746276
53,0.6559906
53,0.5460828
60,0.52616644
53,0.49285692
55,0.47101095
55,0.4339661
52,0.43081343
55,0.38227472
51,0.36609474
55,0.338103
