detection_classes,detection_scores
46,0.9860314
48,0.85534066
44,0.83746034
51,0.78853256
67,0.74101174
46,0.6203897
53,0.51306856
51,0.42728248
51,0.38850832
47,0.3655717
53,0.36196676
67,0.34494194
67,0.3252782
86,0.31156147
