detection_classes,detection_scores
53,0.93624455
53,0.9172379
67,0.90972847
51,0.51526636
67,0.38058096
