detection_classes,detection_scores
67,0.74645483
58,0.70046765
54,0.5964308
56,0.47983807
56,0.47609296
67,0.35136887
67,0.30817047
