detection_classes,detection_scores
53,0.7548806
53,0.63704455
37,0.39615962
