detection_classes,detection_scores
57,0.933976
52,0.77967775
55,0.60203433
53,0.4589663
53,0.44196734
53,0.39576718
53,0.37675947
55,0.34440178
