detection_classes,detection_scores
53,0.9590295
37,0.8491923
67,0.75189716
64,0.72047937
67,0.69097114
53,0.4890058
53,0.40283078
67,0.36553183
84,0.34107754
67,0.30260533
