detection_classes,detection_scores
51,0.8010267
55,0.61536974
67,0.5063446
55,0.36668625
