detection_classes,detection_scores
67,0.84786856
51,0.65573215
47,0.6383391
56,0.59741926
67,0.48628727
51,0.43503562
44,0.41813195
49,0.33794346
52,0.3348638
67,0.30462372
