detection_classes,detection_scores
1,0.82547474
61,0.5253774
53,0.43429723
64,0.34613422
