detection_classes,detection_scores
67,0.8580686
67,0.6880115
67,0.6404675
47,0.61308926
67,0.6061548
44,0.5816709
57,0.49367335
61,0.46552408
49,0.3003522
