detection_classes,detection_scores
88,0.74121404
88,0.5594644
53,0.42702675
88,0.36990157
53,0.35096034
