detection_classes,detection_scores
52,0.8328129
67,0.42425603
52,0.41478294
54,0.3543459
