detection_classes,detection_scores
67,0.68968385
61,0.40858003
61,0.34742764
