detection_classes,detection_scores
53,0.9511606
53,0.88579583
53,0.71195024
53,0.63869816
53,0.5053388
