detection_classes,detection_scores
53,0.8341138
53,0.7310723
53,0.6947691
53,0.47802597
53,0.38443354
53,0.34791476
53,0.3403995
