detection_classes,detection_scores
53,0.82074684
53,0.6842406
53,0.54870635
67,0.40236342
