detection_classes,detection_scores
90,0.63837653
52,0.48080844
57,0.4563428
44,0.42698032
86,0.40955082
