detection_classes,detection_scores
52,0.68899196
52,0.6650763
52,0.599179
52,0.4862786
52,0.47303027
52,0.4385681
52,0.39208898
56,0.38576102
52,0.38421494
52,0.37117445
52,0.35282677
