detection_classes,detection_scores
53,0.35334644
64,0.34757018
64,0.3373571
