detection_classes,detection_scores
1,0.9871293
60,0.95612735
1,0.8224779
62,0.690832
62,0.6835322
1,0.65184337
67,0.6378087
1,0.59329104
1,0.5360924
67,0.45231175
1,0.4337144
61,0.42397138
62,0.32161248
1,0.31269914
54,0.30115002
