detection_classes,detection_scores
1,0.99807787
64,0.96923894
86,0.5787828
1,0.5683765
3,0.5380592
1,0.5337661
3,0.41929737
