detection_classes,detection_scores
44,0.9355896
67,0.67862695
47,0.63700867
44,0.61968714
67,0.4041445
47,0.3939943
61,0.36400884
47,0.35359967
