detection_classes,detection_scores
1,0.98750997
1,0.9231226
62,0.90898657
47,0.8650355
44,0.81497294
62,0.8113308
67,0.6328175
60,0.56788206
67,0.4798019
67,0.44744545
1,0.40810242
62,0.32852486
