detection_classes,detection_scores
57,0.4603087
67,0.40136904
61,0.38865128
