detection_classes,detection_scores
53,0.9914908
53,0.98186827
53,0.7150141
86,0.34124628
