detection_classes,detection_scores
1,0.71293855
16,0.6632942
52,0.34360233
86,0.34151685
