detection_classes,detection_scores
57,0.7229171
57,0.6753065
57,0.6747144
57,0.66932315
55,0.66629285
57,0.48901978
57,0.47617468
57,0.40937048
55,0.40492588
55,0.36253342
57,0.35146475
55,0.3483959
57,0.34304255
55,0.33545944
57,0.30082822
