detection_classes,detection_scores
53,0.9825859
53,0.98058313
53,0.75755495
53,0.38950452
