detection_classes,detection_scores
51,0.87077534
52,0.6981218
52,0.5527808
52,0.5364092
53,0.3718682
55,0.3494272
