detection_classes,detection_scores
44,0.9632483
56,0.86938447
86,0.7895064
57,0.6256197
60,0.47986495
67,0.34913635
