detection_classes,detection_scores
16,0.8044603
64,0.703976
52,0.36244047
86,0.31829906
