detection_classes,detection_scores
1,0.9851023
67,0.86362755
49,0.82157445
56,0.7773988
67,0.752778
56,0.52228826
67,0.3124005
