detection_classes,detection_scores
52,0.700903
52,0.54194695
52,0.4490465
