detection_classes,detection_scores
53,0.91635394
53,0.8739784
53,0.64836377
53,0.6298561
88,0.62968534
60,0.42053375
53,0.37159374
88,0.34377915
