detection_classes,detection_scores
51,0.9832617
53,0.890058
67,0.6969298
53,0.6852743
53,0.6316637
53,0.5951705
53,0.52391446
