detection_classes,detection_scores
53,0.8366558
67,0.7842472
51,0.3619808
