detection_classes,detection_scores
55,0.98339474
55,0.9823987
55,0.93739426
55,0.84061736
55,0.5464942
