detection_classes,detection_scores
56,0.89527285
53,0.48516715
16,0.34591904
