detection_classes,detection_scores
53,0.82116365
56,0.80038655
46,0.7278254
56,0.5515191
46,0.33915237
56,0.33360082
