detection_classes,detection_scores
53,0.8439237
52,0.77675736
53,0.6282227
53,0.47377178
