detection_classes,detection_scores
53,0.7839114
53,0.76991147
52,0.7187395
52,0.67206275
52,0.5056996
53,0.4836174
52,0.4590998
53,0.31292942
