detection_classes,detection_scores
1,0.9782858
53,0.8362332
47,0.68636876
62,0.35858586
