detection_classes,detection_scores
53,0.93539447
53,0.92500925
60,0.9205916
60,0.87548286
53,0.84137696
53,0.77711546
53,0.6152387
53,0.5335715
53,0.504413
55,0.50182515
53,0.43057975
53,0.3489833
53,0.330182
53,0.3228315
56,0.32032833
56,0.30616558
