detection_classes,detection_scores
53,0.90698844
53,0.5212657
53,0.34001786
