detection_classes,detection_scores
61,0.65785015
67,0.6410428
1,0.5793518
65,0.3530312
1,0.34214994
