detection_classes,detection_scores
52,0.97338676
86,0.8844463
56,0.7697507
52,0.7343315
56,0.68388593
57,0.38539812
67,0.34050402
64,0.3181638
