detection_classes,detection_scores
1,0.78187245
65,0.60514176
61,0.53480357
67,0.33121246
