detection_classes,detection_scores
53,0.97421753
53,0.88897735
37,0.80878633
53,0.66668063
60,0.5273958
