detection_classes,detection_scores
88,0.86536884
55,0.44683906
64,0.39324445
55,0.3757604
55,0.3310589
