detection_classes,detection_scores
52,0.97679
52,0.75490016
64,0.58304113
1,0.53734905
64,0.35602397
