detection_classes,detection_scores
64,0.72816473
1,0.53808504
1,0.38641804
