detection_classes,detection_scores
64,0.6936146
64,0.6703377
67,0.5413301
86,0.49479577
86,0.42638925
