detection_classes,detection_scores
53,0.8608908
55,0.66261274
52,0.32435986
