detection_classes,detection_scores
53,0.9353839
53,0.877246
53,0.80413574
53,0.7158374
53,0.3501527
53,0.34099343
67,0.32319424
56,0.31647244
