detection_classes,detection_scores
52,0.9095448
52,0.5421282
52,0.41887516
56,0.30446127
