detection_classes,detection_scores
1,0.99608827
67,0.78789175
51,0.6478544
52,0.57840425
51,0.57600933
67,0.52043074
56,0.30227438
