detection_classes,detection_scores
53,0.9061581
53,0.8418561
52,0.7232015
53,0.69726187
53,0.5054008
52,0.47109357
53,0.4180555
53,0.4019692
