detection_classes,detection_scores
53,0.5802449
64,0.5085453
60,0.37923378
53,0.33977157
53,0.33180425
55,0.32230905
