detection_classes,detection_scores
53,0.79545134
53,0.75177175
55,0.6700669
53,0.5723188
53,0.32695273
