detection_classes,detection_scores
56,0.98229307
56,0.9764899
61,0.31257427
