detection_classes,detection_scores
52,0.69415545
56,0.3935014
56,0.37536356
56,0.32524318
