detection_classes,detection_scores
53,0.9306987
86,0.85813653
53,0.84935665
61,0.31902507
47,0.30902845
