detection_classes,detection_scores
56,0.9834763
52,0.77314514
56,0.7240939
56,0.62980384
