detection_classes,detection_scores
53,0.85722655
53,0.47649738
55,0.40952596
67,0.32470918
