detection_classes,detection_scores
58,0.5165171
51,0.45785567
51,0.45398846
67,0.43182024
57,0.40415946
