detection_classes,detection_scores
57,0.93734837
58,0.87417394
51,0.7036268
1,0.66959906
1,0.53159094
67,0.52338946
57,0.5116138
57,0.40012383
57,0.36142257
57,0.30508953
