detection_classes,detection_scores
73,0.9978666
62,0.99249953
67,0.8836387
67,0.7231307
84,0.5938921
87,0.420707
67,0.33146432
67,0.32577443
