detection_classes,detection_scores
51,0.99752706
53,0.4335341
67,0.3919278
67,0.30018
