detection_classes,detection_scores
61,0.6008434
61,0.3580876
88,0.32438216
