detection_classes,detection_scores
53,0.6426034
55,0.63867074
53,0.61549777
53,0.5663453
53,0.48466304
53,0.3771828
64,0.33949533
53,0.3308956
51,0.30899665
