detection_classes,detection_scores
55,0.82325906
55,0.7903618
53,0.5195519
55,0.34391582
