detection_classes,detection_scores
52,0.74742067
56,0.5622292
51,0.54178333
55,0.5360294
55,0.44192445
53,0.41872728
57,0.39107704
53,0.38815126
57,0.3426408
