detection_classes,detection_scores
61,0.8325167
60,0.6232778
67,0.42947447
