detection_classes,detection_scores
51,0.8519264
56,0.8495721
51,0.5425479
47,0.50824726
51,0.48879364
62,0.45871097
56,0.4174899
56,0.36378953
56,0.3239101
56,0.3139452
