detection_classes,detection_scores
56,0.9828166
64,0.897785
47,0.8870717
67,0.8608952
3,0.7706775
86,0.56841236
51,0.5531782
67,0.3407635
