detection_classes,detection_scores
51,0.9172194
60,0.44863483
67,0.30270198
