detection_classes,detection_scores
67,0.8250638
51,0.7009873
53,0.5971663
67,0.41856694
