detection_classes,detection_scores
51,0.96124697
61,0.9453999
51,0.8085791
51,0.6236729
55,0.37929615
53,0.32525697
61,0.30766737
