detection_classes,detection_scores
52,0.7357831
86,0.6148611
53,0.5508072
