detection_classes,detection_scores
60,0.5418995
88,0.44705063
88,0.4181556
