detection_classes,detection_scores
52,0.7781767
52,0.6094294
67,0.5124641
