detection_classes,detection_scores
1,0.7592166
3,0.72405726
1,0.6592015
1,0.56573576
1,0.46573815
18,0.4650804
16,0.44249687
1,0.3225097
