detection_classes,detection_scores
56,0.9432892
53,0.788148
53,0.44232586
53,0.4300661
51,0.38489753
53,0.35391596
