detection_classes,detection_scores
88,0.47407055
53,0.38344544
61,0.3454084
