detection_classes,detection_scores
60,0.63208157
67,0.40224606
64,0.38936934
