detection_classes,detection_scores
55,0.7105254
57,0.624354
55,0.48437843
