detection_classes,detection_scores
61,0.9773039
61,0.9365892
67,0.7018578
61,0.6059497
60,0.38010392
61,0.34520054
55,0.3217578
60,0.30146265
