detection_classes,detection_scores
56,0.78483117
56,0.7024372
53,0.6844149
56,0.4727615
56,0.43513855
56,0.41193628
56,0.33122537
56,0.33036205
