detection_classes,detection_scores
2,0.78427786
2,0.77611965
55,0.4630271
53,0.45956656
88,0.44381666
60,0.30868813
