detection_classes,detection_scores
60,0.89725035
55,0.63636184
57,0.50289094
