detection_classes,detection_scores
88,0.5971273
52,0.49686867
61,0.38989902
67,0.3637245
