detection_classes,detection_scores
55,0.94754136
55,0.92977506
55,0.92269987
55,0.8790337
55,0.8678285
55,0.7996731
55,0.7925788
55,0.5521838
55,0.40840527
57,0.40265283
53,0.35896528
