detection_classes,detection_scores
52,0.74038506
55,0.5775184
52,0.4738365
