detection_classes,detection_scores
46,0.7935187
61,0.4811128
60,0.4799178
60,0.3622991
47,0.34190324
61,0.3148929
61,0.30761465
