detection_classes,detection_scores
53,0.61987
60,0.61429566
53,0.5123573
53,0.4290848
53,0.40222323
