detection_classes,detection_scores
1,0.9965077
1,0.98417133
44,0.7575599
1,0.7501429
77,0.5298458
1,0.4536637
52,0.37324134
1,0.36249083
86,0.34641266
86,0.3421308
