detection_classes,detection_scores
51,0.9924097
67,0.7276263
53,0.5718945
67,0.5454863
51,0.35810944
