detection_classes,detection_scores
60,0.9485368
60,0.65701425
60,0.50877
61,0.4441818
60,0.41663322
61,0.35572734
61,0.31871164
