detection_classes,detection_scores
56,0.8996854
56,0.72727287
56,0.63178056
56,0.531416
56,0.4798186
56,0.46739542
56,0.41588444
56,0.38505352
53,0.3474237
