detection_classes,detection_scores
53,0.95898485
53,0.95133406
53,0.8906811
53,0.7389011
53,0.6825791
53,0.64432067
53,0.5257243
53,0.4940857
16,0.3696457
53,0.36611
53,0.34854925
53,0.32141215
