detection_classes,detection_scores
51,0.9627494
51,0.9105888
51,0.90042
67,0.59812164
51,0.48730156
