detection_classes,detection_scores
57,0.9626188
57,0.86268175
57,0.85771984
57,0.8467308
57,0.5717376
57,0.47686037
57,0.45454854
55,0.4063329
61,0.32161885
55,0.31306005
