detection_classes,detection_scores
67,0.669478
52,0.548006
64,0.5214648
52,0.5111145
53,0.49297133
53,0.35828692
52,0.31197676
