detection_classes,detection_scores
52,0.96111405
52,0.54166675
1,0.5207524
