detection_classes,detection_scores
52,0.57997084
58,0.40408713
55,0.37378323
52,0.3491245
