detection_classes,detection_scores
67,0.5968992
54,0.40494305
56,0.3181387
