detection_classes,detection_scores
53,0.78234285
53,0.76777905
53,0.6332932
