detection_classes,detection_scores
53,0.94450754
53,0.5818482
62,0.39592144
53,0.3183147
