detection_classes,detection_scores
50,0.81420183
61,0.6701351
11,0.45489058
10,0.31716448
