detection_classes,detection_scores
1,0.9954645
62,0.99039865
57,0.8041271
62,0.67661697
62,0.5731617
53,0.44943243
67,0.36832806
52,0.34806013
