detection_classes,detection_scores
56,0.49429786
53,0.48650363
56,0.42332932
52,0.30669633
