detection_classes,detection_scores
53,0.6438204
55,0.509061
53,0.3779161
