detection_classes,detection_scores
53,0.7801915
53,0.64449465
1,0.49532816
61,0.46074563
84,0.311833
