detection_classes,detection_scores
47,0.7507286
64,0.736804
64,0.49141526
64,0.47069994
86,0.43321472
86,0.32432294
