detection_classes,detection_scores
1,0.9755692
1,0.87645435
1,0.69305646
61,0.519887
1,0.4184879
1,0.33498102
