detection_classes,detection_scores
64,0.6755631
53,0.47980833
55,0.39014223
53,0.34241158
