detection_classes,detection_scores
56,0.83809936
56,0.6816795
56,0.61010146
56,0.60289866
56,0.5729778
56,0.474079
