detection_classes,detection_scores
86,0.8666521
50,0.5212825
64,0.44743583
86,0.40492648
