detection_classes,detection_scores
52,0.74924976
56,0.71980107
52,0.47220188
54,0.3749146
56,0.37412062
