detection_classes,detection_scores
1,0.45154068
88,0.389333
16,0.3180152
