detection_classes,detection_scores
53,0.734213
86,0.5609263
51,0.3015963
