detection_classes,detection_scores
51,0.46448565
61,0.45417595
52,0.37573445
52,0.33224306
53,0.30774477
