detection_classes,detection_scores
60,0.8683922
60,0.797144
60,0.7943142
49,0.7428978
60,0.6778343
67,0.5990989
