detection_classes,detection_scores
56,0.9326744
51,0.9247694
56,0.88629335
56,0.87371206
51,0.8604225
56,0.73326814
52,0.6370378
56,0.6258278
56,0.5825778
56,0.46421215
51,0.44685987
56,0.3937213
51,0.33889425
