detection_classes,detection_scores
53,0.40328643
52,0.39394397
55,0.3927162
53,0.31579277
