detection_classes,detection_scores
61,0.8343041
60,0.7762582
55,0.66853034
1,0.4768616
53,0.43119895
53,0.3848164
1,0.326648
60,0.32137182
61,0.30059043
