detection_classes,detection_scores
51,0.98485744
51,0.69706094
53,0.61493826
67,0.5988172
52,0.53844106
53,0.5122672
52,0.4941945
53,0.4017002
52,0.39639863
51,0.35449415
