detection_classes,detection_scores
57,0.9076588
57,0.89190656
57,0.83007026
57,0.7250162
57,0.71950495
57,0.70160663
57,0.6972339
57,0.6924649
57,0.67265546
57,0.6446508
57,0.5813846
57,0.48365185
57,0.46681547
57,0.42673326
57,0.37461007
57,0.334199
57,0.3106658
