detection_classes,detection_scores
67,0.9819713
1,0.7185241
61,0.6745406
67,0.5135504
67,0.46466509
64,0.4014897
