detection_classes,detection_scores
55,0.86758626
56,0.5000901
57,0.49900416
55,0.42808393
53,0.37995926
53,0.30963752
