detection_classes,detection_scores
55,0.72033435
51,0.71655035
60,0.6948872
51,0.485397
55,0.46983203
51,0.44262525
53,0.35206488
55,0.34692258
56,0.3342947
