detection_classes,detection_scores
88,0.91526914
88,0.8332919
64,0.7067534
