detection_classes,detection_scores
64,0.6975338
86,0.6716741
64,0.61300766
64,0.33789098
86,0.3168801
