detection_classes,detection_scores
53,0.65676713
64,0.43275157
55,0.34303555
