detection_classes,detection_scores
57,0.6903895
57,0.50354636
57,0.35845184
52,0.3434553
