detection_classes,detection_scores
56,0.8419598
56,0.7421621
56,0.7398477
51,0.7327183
56,0.5319858
67,0.4883508
