detection_classes,detection_scores
61,0.95696557
61,0.7421983
61,0.5601041
67,0.35061818
61,0.3159188
