detection_classes,detection_scores
64,0.80644995
53,0.58019733
86,0.41667718
55,0.3633158
64,0.3457587
