detection_classes,detection_scores
53,0.9349741
53,0.89576995
53,0.8002447
53,0.63542587
