detection_classes,detection_scores
52,0.9708274
52,0.8192636
60,0.5462355
55,0.40863058
67,0.33511794
