detection_classes,detection_scores
53,0.89742994
86,0.66488814
52,0.44810888
