detection_classes,detection_scores
53,0.89644045
53,0.7462866
53,0.6781806
53,0.6526354
53,0.58538294
53,0.5001676
53,0.49301356
53,0.4137052
53,0.30682778
