detection_classes,detection_scores
86,0.9012207
64,0.6278453
64,0.50133103
64,0.39478496
