detection_classes,detection_scores
53,0.6235644
53,0.555514
57,0.47960523
53,0.45418134
55,0.44560146
55,0.44359657
57,0.34735724
