detection_classes,detection_scores
52,0.8651113
67,0.57918906
57,0.52783144
53,0.47563383
