detection_classes,detection_scores
55,0.9949049
55,0.98655474
56,0.896908
55,0.82522607
55,0.78032243
55,0.75577784
