detection_classes,detection_scores
52,0.46355757
52,0.40521184
52,0.3848236
