detection_classes,detection_scores
88,0.42775896
64,0.36441806
88,0.30181584
