detection_classes,detection_scores
53,0.96891046
53,0.8608437
53,0.7199173
53,0.63489574
53,0.6341033
53,0.6318638
53,0.61323786
53,0.61177605
57,0.6104927
53,0.5780755
53,0.5199451
53,0.38338384
53,0.34965214
