detection_classes,detection_scores
55,0.53842163
60,0.43364647
55,0.36313245
