detection_classes,detection_scores
88,0.7922766
62,0.5780606
88,0.5094723
88,0.40826464
60,0.34732053
