detection_classes,detection_scores
61,0.5888509
88,0.58673733
53,0.5793662
88,0.39415252
37,0.3600612
