detection_classes,detection_scores
57,0.8033187
57,0.6720599
57,0.66296357
57,0.57254016
57,0.5711497
57,0.56884825
57,0.5486862
57,0.5437358
57,0.523618
57,0.47722837
57,0.42453083
57,0.39555874
57,0.38509166
57,0.35352594
57,0.35188544
55,0.3293119
53,0.317992
57,0.31656668
57,0.3056574
