detection_classes,detection_scores
60,0.92227036
60,0.55498004
67,0.3855385
