detection_classes,detection_scores
64,0.5741499
53,0.515108
53,0.43714026
53,0.3472006
