detection_classes,detection_scores
53,0.86329794
86,0.69397175
1,0.59569335
1,0.50429046
53,0.45019415
53,0.4138153
