detection_classes,detection_scores
55,0.97360015
55,0.96009725
55,0.94422424
55,0.8351162
60,0.66806793
67,0.5143628
67,0.3036689
