detection_classes,detection_scores
64,0.5492036
86,0.4968503
52,0.33893
