detection_classes,detection_scores
51,0.984213
60,0.7578804
53,0.56439537
