detection_classes,detection_scores
1,0.98853827
86,0.5565649
64,0.5317146
84,0.47562805
64,0.41282943
81,0.36871806
64,0.31148094
