detection_classes,detection_scores
53,0.41670176
53,0.3772714
53,0.33188805
53,0.32304305
53,0.3176881
