detection_classes,detection_scores
55,0.75992036
53,0.41786215
52,0.31265184
