detection_classes,detection_scores
61,0.7027917
61,0.5598034
60,0.32866183
53,0.3142747
