detection_classes,detection_scores
61,0.97274
61,0.870834
67,0.75073624
67,0.31089482
