detection_classes,detection_scores
56,0.70060235
52,0.45434153
52,0.37202078
52,0.36355782
56,0.304793
