detection_classes,detection_scores
53,0.9717737
52,0.57473344
53,0.42698136
