detection_classes,detection_scores
61,0.8652405
88,0.5579758
61,0.49531323
88,0.4416112
88,0.3591486
88,0.30486563
