detection_classes,detection_scores
56,0.92209256
56,0.7873764
65,0.59415895
88,0.59264135
56,0.549997
65,0.41182747
57,0.3965603
