detection_classes,detection_scores
61,0.7904878
61,0.78356564
61,0.7758887
