detection_classes,detection_scores
56,0.5913257
55,0.47198504
16,0.36038077
56,0.3176448
