detection_classes,detection_scores
52,0.90685254
55,0.74153924
52,0.72464466
53,0.590002
52,0.57880396
53,0.575431
55,0.4856944
55,0.40807512
53,0.40101722
55,0.3446277
52,0.30670783
