detection_classes,detection_scores
67,0.42084572
53,0.3825025
86,0.3660054
