detection_classes,detection_scores
53,0.9749774
53,0.92036116
53,0.7966348
53,0.6723138
53,0.6519129
53,0.55736935
53,0.35175115
