detection_classes,detection_scores
67,0.5257722
61,0.3955556
61,0.31557176
