detection_classes,detection_scores
56,0.7068061
16,0.683873
52,0.32895195
