detection_classes,detection_scores
51,0.8238807
52,0.8157634
52,0.6755468
52,0.5569763
53,0.53569996
52,0.43617234
52,0.37508303
53,0.32769278
