detection_classes,detection_scores
56,0.75651807
56,0.49460268
56,0.4622123
56,0.42906046
56,0.42083737
51,0.37119475
56,0.36524892
48,0.33721426
