detection_classes,detection_scores
1,0.8622912
50,0.56007653
53,0.4416624
52,0.43193924
52,0.4232991
53,0.3825672
52,0.35569185
53,0.32526085
52,0.31005505
