detection_classes,detection_scores
1,0.94591117
1,0.85251266
1,0.7087268
61,0.6625903
1,0.5708124
1,0.4605986
1,0.45620212
51,0.33475107
