detection_classes,detection_scores
44,0.7359728
44,0.7160106
67,0.7055203
53,0.7029288
44,0.59339887
47,0.5227921
79,0.4608633
88,0.33755535
