detection_classes,detection_scores
52,0.9217693
53,0.53420067
86,0.43548924
49,0.3360535
