detection_classes,detection_scores
53,0.7286314
53,0.62879026
53,0.5583015
55,0.46342117
55,0.3269357
53,0.310518
