detection_classes,detection_scores
88,0.85690236
88,0.84000295
88,0.65501237
60,0.48897558
60,0.47852275
88,0.3821169
55,0.36131826
