detection_classes,detection_scores
53,0.852004
53,0.7770119
53,0.63899213
67,0.30942097
