detection_classes,detection_scores
53,0.8894391
53,0.8347565
53,0.7674635
53,0.44657323
53,0.4051354
53,0.37964055
53,0.3566969
