detection_classes,detection_scores
49,0.98840404
51,0.6110708
67,0.45916542
56,0.40689844
47,0.3589567
47,0.34856367
61,0.33953118
