detection_classes,detection_scores
53,0.87890613
55,0.6507733
53,0.56542087
55,0.55106634
67,0.48305848
53,0.43776283
51,0.4009933
55,0.36370972
