detection_classes,detection_scores
52,0.8918848
52,0.61538905
52,0.37343678
