detection_classes,detection_scores
53,0.8590286
53,0.7075131
56,0.67011446
55,0.6656628
86,0.47885633
55,0.38953266
