detection_classes,detection_scores
53,0.8836786
86,0.5633017
11,0.3885824
