detection_classes,detection_scores
55,0.47298524
55,0.4665575
84,0.31697294
67,0.30451447
