detection_classes,detection_scores
1,0.9328716
67,0.6862488
1,0.6681641
53,0.49667826
1,0.49471423
