detection_classes,detection_scores
55,0.8891428
55,0.733096
61,0.45910415
53,0.3964515
55,0.3129146
