detection_classes,detection_scores
56,0.8864123
56,0.73776877
56,0.73742545
56,0.6720594
56,0.5841893
56,0.34531838
