detection_classes,detection_scores
58,0.8313857
67,0.6803732
54,0.41409138
76,0.41124058
51,0.4018835
