detection_classes,detection_scores
61,0.94612336
51,0.36900616
61,0.35698712
67,0.34610388
