detection_classes,detection_scores
57,0.75905365
55,0.6952958
55,0.6614255
55,0.59099853
57,0.585001
55,0.57018495
55,0.5685633
55,0.5539637
55,0.5226417
55,0.5022972
55,0.49879354
55,0.4742408
55,0.44875884
55,0.4455773
55,0.42712355
57,0.42266437
55,0.41317752
55,0.40061057
55,0.39590442
57,0.3885309
55,0.37049505
55,0.36808082
55,0.35792616
55,0.30154288
