detection_classes,detection_scores
53,0.9757706
53,0.8616661
52,0.7660655
53,0.7026789
52,0.6765909
53,0.39628786
