detection_classes,detection_scores
1,0.9920515
1,0.9203591
1,0.8694349
1,0.8675632
