detection_classes,detection_scores
55,0.87725943
51,0.84467
67,0.8383399
53,0.59729296
55,0.4772678
53,0.4069821
51,0.30731097
55,0.30374095
