detection_classes,detection_scores
53,0.6936466
53,0.5475297
53,0.46824712
55,0.43233597
