detection_classes,detection_scores
60,0.85019726
1,0.7394796
1,0.66998506
1,0.5161242
1,0.43442586
59,0.3802573
1,0.3773513
61,0.30119172
