detection_classes,detection_scores
53,0.9290614
55,0.86377823
53,0.4751021
53,0.3302805
67,0.32562143
