detection_classes,detection_scores
1,0.8499103
53,0.8260068
1,0.68854403
1,0.63406485
1,0.6217799
1,0.56109864
1,0.36236522
