detection_classes,detection_scores
51,0.8124939
57,0.62359345
55,0.5910978
51,0.57478064
57,0.5354844
53,0.46303096
57,0.44934428
51,0.44179568
51,0.40998673
55,0.36360297
57,0.32558155
