detection_classes,detection_scores
61,0.9028852
49,0.58207786
50,0.4433695
67,0.39853087
54,0.35684818
