detection_classes,detection_scores
53,0.7229549
53,0.60692644
53,0.52095944
53,0.4593423
57,0.45829925
53,0.43143144
51,0.42390004
53,0.3780897
55,0.3606269
55,0.30698964
