detection_classes,detection_scores
52,0.61570215
53,0.53992873
53,0.38394442
52,0.3349426
55,0.3261936
