detection_classes,detection_scores
53,0.84214836
37,0.72972745
53,0.6121872
53,0.40769452
53,0.3192234
