detection_classes,detection_scores
56,0.83231866
52,0.4342327
52,0.3177606
