detection_classes,detection_scores
53,0.71784765
53,0.6427255
64,0.6407827
53,0.5444724
64,0.43629408
53,0.38116613
53,0.35273328
