detection_classes,detection_scores
86,0.6521427
67,0.40604886
64,0.3175273
