detection_classes,detection_scores
61,0.8714024
61,0.8254947
61,0.5339235
1,0.5024137
88,0.38920546
61,0.30459088
