detection_classes,detection_scores
56,0.73292816
56,0.6039385
56,0.48067626
56,0.45287192
56,0.42931837
56,0.38252962
56,0.356462
