detection_classes,detection_scores
53,0.8289078
53,0.77306414
53,0.5101483
53,0.38663816
53,0.3601109
