detection_classes,detection_scores
60,0.9883428
61,0.57345414
61,0.5296815
60,0.44458595
61,0.4011046
60,0.35846093
67,0.35234255
