detection_classes,detection_scores
53,0.7336088
53,0.72169816
51,0.6904093
53,0.6168652
51,0.5918751
58,0.5780432
53,0.5037728
53,0.5001455
67,0.35925773
52,0.343425
52,0.32344508
52,0.30260873
