detection_classes,detection_scores
53,0.96857834
53,0.8383856
86,0.5354254
53,0.38488623
16,0.31346172
