detection_classes,detection_scores
1,0.9733883
1,0.682732
1,0.58078206
1,0.34425613
88,0.30777448
