detection_classes,detection_scores
53,0.84541005
60,0.6019978
67,0.49332276
61,0.3174748
