detection_classes,detection_scores
53,0.6058882
88,0.39642203
55,0.38684538
53,0.30333886
