detection_classes,detection_scores
57,0.9833371
57,0.9405504
57,0.9081467
57,0.7304141
57,0.65772647
57,0.6558043
55,0.652912
55,0.3189272
49,0.31820217
48,0.3045965
