detection_classes,detection_scores
61,0.9568637
61,0.8960886
61,0.8888196
61,0.88744384
61,0.7467518
60,0.42022353
67,0.3421819
