detection_classes,detection_scores
60,0.9654731
60,0.91731167
60,0.91662896
60,0.8845861
60,0.8153761
60,0.7421182
60,0.69551516
60,0.6459027
60,0.5250837
60,0.44557366
