detection_classes,detection_scores
53,0.86111546
51,0.67169887
56,0.6200665
53,0.5680684
53,0.3041575
