detection_classes,detection_scores
52,0.7463561
52,0.7070537
56,0.5997109
53,0.5545139
52,0.4337864
