detection_classes,detection_scores
59,0.9663648
53,0.9295419
55,0.44714156
53,0.4284844
53,0.4228409
60,0.4078794
61,0.38201407
53,0.30535737
