detection_classes,detection_scores
57,0.9226296
57,0.8970987
57,0.8646802
57,0.7621096
57,0.67875105
57,0.6751398
55,0.6432362
55,0.63916546
57,0.616584
55,0.52858776
55,0.47673434
57,0.46500102
57,0.46000424
56,0.43490425
57,0.42114544
57,0.3027555
