detection_classes,detection_scores
53,0.7409999
53,0.51807827
86,0.31981584
