detection_classes,detection_scores
1,0.99440503
67,0.8008924
1,0.7830047
1,0.7137895
88,0.7115466
61,0.5900383
67,0.4499917
51,0.4212998
1,0.3678389
