detection_classes,detection_scores
60,0.9569289
60,0.946437
60,0.92127556
53,0.5395116
