detection_classes,detection_scores
1,0.9704981
64,0.59417844
62,0.3966509
