detection_classes,detection_scores
57,0.7240403
56,0.6751991
57,0.5710976
56,0.5082574
56,0.43714455
56,0.39733046
60,0.38516396
56,0.3160321
56,0.30600026
