detection_classes,detection_scores
67,0.8988801
81,0.81871724
53,0.62399775
67,0.5101046
67,0.35564882
64,0.30934426
