detection_classes,detection_scores
51,0.8925784
67,0.6922353
57,0.6164933
67,0.32240283
