detection_classes,detection_scores
61,0.9980354
1,0.99585956
1,0.99064016
67,0.957789
67,0.70366585
58,0.56523883
1,0.44896212
59,0.35426173
67,0.311832
