detection_classes,detection_scores
53,0.56568617
52,0.5019549
64,0.338833
86,0.31377867
