detection_classes,detection_scores
88,0.8011977
60,0.6688571
60,0.65477026
88,0.38716933
