detection_classes,detection_scores
56,0.99620146
57,0.99370354
56,0.99336195
57,0.9888058
56,0.8356189
57,0.8162177
57,0.7426448
55,0.7119716
56,0.6287204
57,0.56305075
57,0.5332376
55,0.5110293
53,0.39540657
56,0.376284
55,0.3326704
57,0.33137354
53,0.32091013
53,0.30837762
56,0.3010198
