detection_classes,detection_scores
1,0.8383665
53,0.664104
53,0.4829071
61,0.4555826
53,0.42066538
53,0.39962986
