detection_classes,detection_scores
60,0.68877834
60,0.6484307
60,0.5835292
55,0.57156914
60,0.47890973
61,0.37272537
60,0.32978493
