detection_classes,detection_scores
56,0.91833526
56,0.7324337
56,0.62037086
56,0.6047981
56,0.5791734
56,0.53046846
56,0.44895232
