detection_classes,detection_scores
46,0.98598087
67,0.8826988
62,0.60405535
57,0.5302548
67,0.3554074
51,0.35420242
