detection_classes,detection_scores
57,0.9204769
57,0.8556355
57,0.5968
57,0.5534572
55,0.37702766
57,0.37443286
57,0.3215478
