detection_classes,detection_scores
61,0.7933345
67,0.6080523
59,0.5751643
53,0.4320584
