detection_classes,detection_scores
55,0.7125496
53,0.5854106
55,0.5331342
55,0.53156036
53,0.47213498
53,0.3488887
53,0.3466115
53,0.31644404
53,0.30928132
55,0.30543333
