detection_classes,detection_scores
57,0.85425806
57,0.8412701
57,0.6647011
57,0.57804894
55,0.5692931
1,0.50835896
57,0.4929839
57,0.46770984
57,0.4010065
56,0.38976437
57,0.36558548
57,0.36169574
57,0.31569627
