detection_classes,detection_scores
51,0.83581454
53,0.62961507
53,0.6003798
53,0.58824223
51,0.58089507
53,0.56488466
53,0.4971766
53,0.46405506
51,0.398365
88,0.35826916
53,0.31928277
