detection_classes,detection_scores
61,0.9745774
60,0.76878566
61,0.49493372
