detection_classes,detection_scores
55,0.4909475
60,0.43758312
55,0.40946567
55,0.36001128
88,0.30671126
