detection_classes,detection_scores
86,0.97380006
53,0.67760074
53,0.65563816
53,0.34775212
