detection_classes,detection_scores
86,0.57068235
52,0.53281844
55,0.3432219
