detection_classes,detection_scores
67,0.46936607
67,0.46909496
56,0.30718935
