detection_classes,detection_scores
1,0.88397324
1,0.6812455
64,0.67462695
