detection_classes,detection_scores
57,0.91104114
57,0.8862868
53,0.8292363
53,0.8032636
57,0.7737335
50,0.72842973
53,0.68940324
53,0.66461414
53,0.65436876
57,0.5542293
57,0.44872057
51,0.38624102
57,0.32997677
53,0.3256162
53,0.31149444
