detection_classes,detection_scores
56,0.73742133
52,0.4579118
67,0.3046705
