detection_classes,detection_scores
28,0.9632114
53,0.79203063
52,0.7271992
