detection_classes,detection_scores
60,0.822317
61,0.77259994
61,0.7365296
60,0.64069194
61,0.53780794
61,0.5271602
60,0.5209
55,0.4954867
61,0.483626
60,0.31149504
