detection_classes,detection_scores
55,0.66685426
58,0.4925881
52,0.39189687
