detection_classes,detection_scores
64,0.50039107
1,0.35427022
1,0.3084183
