detection_classes,detection_scores
67,0.60868925
53,0.59303504
52,0.55105376
84,0.5211778
53,0.31530067
