detection_classes,detection_scores
86,0.90942293
52,0.86509615
52,0.6188929
52,0.61088127
52,0.5997908
52,0.38831085
52,0.32036662
52,0.31012908
