detection_classes,detection_scores
55,0.8575158
55,0.8281244
55,0.5811529
53,0.50546795
55,0.37696362
55,0.34653458
