detection_classes,detection_scores
53,0.8260687
53,0.81623304
53,0.7212198
53,0.71718025
53,0.6737947
53,0.6721213
53,0.668711
53,0.5339697
52,0.49958667
