detection_classes,detection_scores
56,0.72191185
67,0.63291276
56,0.5221336
56,0.4589211
51,0.42179883
67,0.37912872
56,0.33974633
56,0.3212741
51,0.3179321
56,0.3116884
67,0.3099704
