detection_classes,detection_scores
53,0.935794
60,0.81466895
53,0.6070925
53,0.51368773
