detection_classes,detection_scores
53,0.6388595
55,0.36623117
55,0.32407883
57,0.3234348
