detection_classes,detection_scores
86,0.73653823
60,0.6169355
56,0.415962
67,0.35086387
53,0.30165848
