detection_classes,detection_scores
52,0.9654018
61,0.9102794
52,0.602681
34,0.32660833
