detection_classes,detection_scores
86,0.9711042
28,0.6572663
64,0.5219771
56,0.3714262
