detection_classes,detection_scores
56,0.99576664
57,0.65874714
51,0.5389909
67,0.35661808
47,0.3455941
