detection_classes,detection_scores
52,0.5193897
53,0.5115363
56,0.4718492
