detection_classes,detection_scores
64,0.39136404
64,0.36713493
64,0.3483995
