detection_classes,detection_scores
53,0.8618834
53,0.62079555
53,0.58553535
53,0.44093904
53,0.437256
53,0.36103973
53,0.33442557
53,0.32849008
