detection_classes,detection_scores
88,0.83244026
88,0.6853107
61,0.6121268
