detection_classes,detection_scores
60,0.8981944
60,0.8455265
44,0.79786724
60,0.64216214
60,0.5090228
60,0.475054
60,0.4433918
60,0.41498145
47,0.32180676
51,0.30175382
