detection_classes,detection_scores
52,0.92157745
52,0.74732226
52,0.60670674
