detection_classes,detection_scores
53,0.8609717
52,0.5786294
53,0.37505612
52,0.3428712
