detection_classes,detection_scores
57,0.9189579
57,0.90500253
57,0.83461654
57,0.7423725
57,0.70569855
57,0.69742477
57,0.6537565
57,0.58880854
57,0.48716104
57,0.46334648
57,0.456075
57,0.36842903
57,0.32799715
57,0.30261338
