detection_classes,detection_scores
56,0.7116935
52,0.6836739
62,0.39752492
