detection_classes,detection_scores
53,0.5621654
52,0.3727113
51,0.35990262
