detection_classes,detection_scores
53,0.6379278
53,0.5055259
16,0.3528759
