detection_classes,detection_scores
56,0.83826613
56,0.6293626
56,0.62214494
53,0.5535107
56,0.42879245
56,0.4034504
