detection_classes,detection_scores
61,0.79690295
53,0.67428637
53,0.57318085
60,0.44894278
