detection_classes,detection_scores
53,0.92744094
53,0.8972135
53,0.78529245
53,0.7769979
53,0.7705965
53,0.70157444
53,0.54438776
53,0.4429119
53,0.41080236
