detection_classes,detection_scores
53,0.67065847
53,0.5668511
53,0.5457809
