detection_classes,detection_scores
56,0.9426601
57,0.8260959
56,0.6219889
56,0.59294856
