detection_classes,detection_scores
56,0.7343994
52,0.536121
52,0.52062464
57,0.47456422
55,0.42300326
51,0.38311931
