detection_classes,detection_scores
88,0.8835679
60,0.8699506
88,0.77636164
60,0.77576053
60,0.63478637
60,0.5239584
61,0.52169937
53,0.4298767
60,0.30438495
