detection_classes,detection_scores
51,0.952028
61,0.75164527
60,0.64553684
57,0.5953197
60,0.52806026
51,0.41789663
67,0.34345412
