detection_classes,detection_scores
16,0.49171
90,0.3134189
67,0.30900753
