detection_classes,detection_scores
52,0.980415
52,0.91028315
84,0.89232254
51,0.35969573
