detection_classes,detection_scores
53,0.9445435
53,0.8167512
53,0.5755241
60,0.5591085
1,0.5069277
60,0.45237365
53,0.4198851
53,0.4049401
60,0.3924878
55,0.3747462
