detection_classes,detection_scores
53,0.9901586
53,0.47229373
37,0.35826802
