detection_classes,detection_scores
52,0.6409937
60,0.59450126
52,0.52416795
60,0.51765513
53,0.51159716
52,0.433657
