detection_classes,detection_scores
53,0.84509194
53,0.5815783
53,0.57841843
52,0.54534256
52,0.30500972
