detection_classes,detection_scores
52,0.96558404
52,0.9565359
52,0.6668415
52,0.6515442
52,0.65131295
52,0.6148026
51,0.54868346
52,0.37910834
52,0.36975023
