detection_classes,detection_scores
86,0.78515345
56,0.7755229
56,0.33873948
52,0.33168146
