detection_classes,detection_scores
60,0.9510932
60,0.7227942
60,0.664454
60,0.5013808
60,0.44316977
60,0.44027373
61,0.3963623
60,0.39040008
60,0.35929725
60,0.3110613
