detection_classes,detection_scores
53,0.9768777
53,0.97381544
53,0.905741
53,0.6586057
53,0.53707117
53,0.39843157
55,0.31340283
