detection_classes,detection_scores
67,0.72958004
86,0.54898906
74,0.5239427
51,0.47147778
