detection_classes,detection_scores
52,0.7820418
52,0.66993093
52,0.46712714
52,0.40796447
52,0.37980935
52,0.32070553
