detection_classes,detection_scores
51,0.7082892
53,0.50097775
52,0.47442648
52,0.44115174
55,0.41274765
51,0.40609935
52,0.33793813
