detection_classes,detection_scores
60,0.50143975
53,0.31849232
53,0.30118433
