detection_classes,detection_scores
53,0.9106912
53,0.8900387
51,0.8830081
51,0.7349096
53,0.731348
53,0.70792556
53,0.70269865
53,0.6779975
53,0.6307517
53,0.5877521
53,0.5463384
53,0.5351932
53,0.5314411
51,0.5313276
53,0.52894175
53,0.5270972
53,0.51300234
53,0.5009166
53,0.49370557
53,0.47451732
53,0.46207955
51,0.42521244
51,0.412491
51,0.3988564
51,0.38749874
55,0.36799344
53,0.36153543
53,0.36062506
53,0.35153106
53,0.34629977
53,0.34231827
51,0.32616824
53,0.31401378
53,0.3137616
