detection_classes,detection_scores
53,0.6454128
67,0.53184485
51,0.30744946
53,0.3068611
53,0.30623087
