detection_classes,detection_scores
60,0.8320998
86,0.6093914
61,0.45630315
