detection_classes,detection_scores
53,0.9328535
53,0.7859075
53,0.67748934
53,0.60066545
53,0.43414614
53,0.37827545
53,0.3696319
53,0.35702285
53,0.3044965
