detection_classes,detection_scores
55,0.69334155
88,0.43470633
88,0.38680905
61,0.3191569
