detection_classes,detection_scores
88,0.68387634
39,0.6095743
88,0.41852847
