detection_classes,detection_scores
51,0.9987748
67,0.74386823
51,0.6544923
56,0.39809853
