detection_classes,detection_scores
52,0.9647048
53,0.8357934
53,0.7934943
52,0.7575373
53,0.7513242
53,0.55056614
53,0.49764743
52,0.49211672
