detection_classes,detection_scores
53,0.6439034
52,0.3710763
55,0.34691083
