detection_classes,detection_scores
53,0.8921146
53,0.8489465
67,0.6743055
51,0.52141696
55,0.30540484
