detection_classes,detection_scores
53,0.7796524
64,0.58222246
53,0.46670422
