detection_classes,detection_scores
67,0.9550318
56,0.8109969
67,0.80526084
67,0.48683825
49,0.38638905
