detection_classes,detection_scores
60,0.9780676
53,0.91394633
60,0.785129
53,0.7742956
51,0.68448603
60,0.54940075
53,0.43378586
53,0.33092487
