detection_classes,detection_scores
53,0.89622724
53,0.85059977
53,0.49076673
