detection_classes,detection_scores
67,0.8538977
61,0.7986919
60,0.56075484
53,0.51893693
60,0.3224297
