detection_classes,detection_scores
53,0.99419856
61,0.6051438
56,0.53241897
