detection_classes,detection_scores
60,0.58981997
55,0.5448246
57,0.5087086
55,0.48829094
55,0.35440266
60,0.3362224
