detection_classes,detection_scores
53,0.8233702
60,0.5309066
55,0.49451745
55,0.46618384
51,0.4309868
67,0.39852917
1,0.3874807
55,0.37817425
