detection_classes,detection_scores
53,0.82336944
53,0.49835262
64,0.48398885
53,0.31667626
