detection_classes,detection_scores
1,0.9762422
50,0.44749454
57,0.30739263
