detection_classes,detection_scores
53,0.9313608
60,0.7518622
53,0.46235415
51,0.42540082
53,0.31855872
