detection_classes,detection_scores
55,0.7775665
55,0.36684066
61,0.35122696
