detection_classes,detection_scores
1,0.9711603
1,0.9396379
1,0.91228
1,0.8059795
81,0.47721985
17,0.47337115
56,0.37745032
