detection_classes,detection_scores
57,0.40573245
56,0.36489034
55,0.3622597
