detection_classes,detection_scores
56,0.7463523
56,0.63957024
67,0.3515972
