detection_classes,detection_scores
43,0.80046153
43,0.6871664
61,0.56710625
13,0.4957751
61,0.46825397
