detection_classes,detection_scores
55,0.8230767
55,0.6043078
56,0.3342383
