detection_classes,detection_scores
51,0.86302453
51,0.6245776
53,0.43306476
67,0.390705
55,0.33916214
