detection_classes,detection_scores
53,0.9895012
53,0.9849466
53,0.6413408
53,0.63595676
53,0.56847066
53,0.4082337
53,0.39376387
