detection_classes,detection_scores
44,0.85737437
55,0.81079113
61,0.64263505
55,0.59688354
60,0.57382065
67,0.56591415
55,0.5414253
47,0.36012414
