detection_classes,detection_scores
61,0.8164793
67,0.6036098
61,0.56416905
65,0.30329606
