detection_classes,detection_scores
53,0.91606355
53,0.8956575
53,0.7925748
53,0.7896822
53,0.7507612
53,0.5798974
53,0.37100586
53,0.3028458
