detection_classes,detection_scores
53,0.9130352
53,0.8875966
55,0.54714304
53,0.482861
52,0.435908
