detection_classes,detection_scores
53,0.4772852
61,0.4768961
81,0.45445606
55,0.3505295
1,0.3160827
