detection_classes,detection_scores
61,0.9992092
61,0.9317601
61,0.8915491
61,0.5745256
61,0.4511858
