detection_classes,detection_scores
86,0.81687945
53,0.6872989
86,0.5962044
67,0.5152509
62,0.31663975
