detection_classes,detection_scores
86,0.6259879
64,0.6118279
67,0.5537842
86,0.3064109
