detection_classes,detection_scores
53,0.84674674
53,0.7585578
53,0.48467058
53,0.4488798
53,0.402433
53,0.3307604
53,0.3162218
53,0.30081287
