detection_classes,detection_scores
52,0.8670212
51,0.79448545
51,0.47981855
