detection_classes,detection_scores
1,0.9791915
86,0.96623933
64,0.5357691
53,0.4772931
