detection_classes,detection_scores
55,0.9414915
55,0.93818724
55,0.9217939
55,0.47381037
53,0.3294696
