detection_classes,detection_scores
64,0.90910864
64,0.8803833
64,0.69454104
64,0.42700657
15,0.41362563
64,0.3482207
