detection_classes,detection_scores
49,0.96879166
67,0.78481203
49,0.5543268
44,0.5060565
67,0.4110501
55,0.37492397
87,0.33965442
49,0.3175595
