detection_classes,detection_scores
61,0.8217608
60,0.75509703
61,0.6796533
67,0.66493356
61,0.5041635
