detection_classes,detection_scores
60,0.7850246
60,0.68894327
61,0.67625886
67,0.6479114
61,0.52718115
51,0.5118892
61,0.3171587
