detection_classes,detection_scores
67,0.9470354
49,0.8286642
52,0.67382
55,0.6369569
52,0.5654612
55,0.5553464
67,0.36895692
52,0.32347763
