detection_classes,detection_scores
53,0.8603705
53,0.7998392
53,0.7770211
53,0.46769953
53,0.3429373
37,0.33656693
