detection_classes,detection_scores
51,0.8681091
55,0.79742646
55,0.78498596
53,0.7357289
55,0.6868722
55,0.6188385
53,0.54582465
67,0.46005636
53,0.34979585
