detection_classes,detection_scores
57,0.92466825
57,0.7164188
67,0.50836337
