detection_classes,detection_scores
56,0.650735
56,0.5061742
56,0.3200205
56,0.31528926
