detection_classes,detection_scores
67,0.85404783
61,0.5086968
59,0.454861
59,0.32404608
