detection_classes,detection_scores
88,0.95042425
55,0.40409127
53,0.39814594
53,0.36299166
