detection_classes,detection_scores
67,0.6073571
1,0.60688263
44,0.4401477
51,0.4188502
49,0.30459484
