detection_classes,detection_scores
48,0.95226145
61,0.82784265
67,0.7062839
67,0.4526643
51,0.44201893
48,0.39387432
55,0.30862242
