detection_classes,detection_scores
53,0.7455345
53,0.7037053
28,0.45981407
51,0.3955702
