detection_classes,detection_scores
54,0.8680891
52,0.85721403
60,0.7771265
61,0.5809028
52,0.4813008
52,0.3409099
