detection_classes,detection_scores
1,0.99922824
1,0.9225209
1,0.86437756
79,0.8468128
67,0.5557678
