detection_classes,detection_scores
56,0.8830289
56,0.8150803
56,0.47493964
56,0.316415
