detection_classes,detection_scores
51,0.8705348
60,0.8613229
60,0.6854679
60,0.5990539
60,0.5641779
60,0.50448614
43,0.32887915
