detection_classes,detection_scores
61,0.9008253
61,0.8831205
61,0.75950867
67,0.52945316
61,0.47357583
