detection_classes,detection_scores
56,0.81582546
56,0.6693341
49,0.56441146
79,0.42990342
60,0.33071908
