detection_classes,detection_scores
48,0.8776323
67,0.80323255
51,0.67121077
67,0.471124
61,0.42872128
51,0.3349458
