detection_classes,detection_scores
55,0.48963174
85,0.44523016
88,0.34702754
55,0.30147237
