detection_classes,detection_scores
51,0.86485916
56,0.78466785
56,0.5538883
56,0.40126815
56,0.37620667
