detection_classes,detection_scores
44,0.9814928
53,0.82379013
55,0.71061957
54,0.34942704
67,0.3030787
