detection_classes,detection_scores
56,0.829711
56,0.6136305
56,0.5643318
56,0.55740005
65,0.33100924
