detection_classes,detection_scores
53,0.77858996
64,0.44731316
53,0.41622403
