detection_classes,detection_scores
56,0.7990283
51,0.6551668
62,0.3055765
