detection_classes,detection_scores
52,0.67323244
52,0.6328533
52,0.5842598
53,0.57493836
52,0.546769
52,0.45366505
52,0.4377052
52,0.36251196
53,0.3538739
