detection_classes,detection_scores
55,0.83556336
53,0.81571114
67,0.6440478
55,0.42663634
53,0.30494612
