detection_classes,detection_scores
51,0.9750856
53,0.89807713
52,0.6912825
49,0.60122
52,0.5481965
52,0.52457047
53,0.4823443
55,0.3215604
