detection_classes,detection_scores
48,0.68488383
50,0.3532762
56,0.34244663
