detection_classes,detection_scores
88,0.89817417
56,0.4736504
88,0.40250197
64,0.393613
86,0.38212115
86,0.36184114
86,0.35311607
64,0.30703107
