detection_classes,detection_scores
53,0.98863506
53,0.96580297
67,0.7224632
