detection_classes,detection_scores
51,0.8904253
51,0.7670875
50,0.49207476
67,0.331575
51,0.3004864
