detection_classes,detection_scores
53,0.9715116
53,0.8369147
53,0.7797497
53,0.5825576
53,0.5660137
53,0.48218265
52,0.44470224
