detection_classes,detection_scores
61,0.9023016
61,0.7072934
67,0.431159
