detection_classes,detection_scores
67,0.4230072
53,0.36906397
51,0.30492884
