detection_classes,detection_scores
88,0.72023046
51,0.5124973
67,0.382035
88,0.31867328
