detection_classes,detection_scores
55,0.8985757
60,0.39116865
55,0.34606516
57,0.34376273
