detection_classes,detection_scores
64,0.9456188
64,0.8868956
64,0.74400586
1,0.6601564
86,0.48551103
47,0.43959695
64,0.40632415
52,0.3785148
52,0.3461853
