detection_classes,detection_scores
60,0.74392194
55,0.5617772
60,0.55768543
53,0.43765834
