detection_classes,detection_scores
53,0.8991621
56,0.8953936
53,0.77149004
53,0.7617213
53,0.6581502
52,0.5601143
53,0.5174195
56,0.5126744
56,0.50635326
53,0.41402754
53,0.31143576
53,0.31125113
56,0.3012031
