detection_classes,detection_scores
55,0.74503016
53,0.39392215
55,0.38169384
56,0.34774753
55,0.3477437
55,0.3129476
53,0.311471
