detection_classes,detection_scores
53,0.7092582
58,0.64035124
53,0.5112894
