detection_classes,detection_scores
53,0.8342041
64,0.543145
88,0.32760492
