detection_classes,detection_scores
57,0.9023816
51,0.8507128
57,0.7860685
52,0.7506311
51,0.6464876
52,0.5943103
52,0.52868915
57,0.5172235
88,0.41454023
52,0.3685914
52,0.34399632
