detection_classes,detection_scores
51,0.95157
52,0.93046975
53,0.84034115
52,0.83479095
67,0.6321854
67,0.5938266
53,0.5546457
55,0.3173989
