detection_classes,detection_scores
53,0.9941052
86,0.9654157
16,0.3164715
