detection_classes,detection_scores
58,0.9190755
57,0.7352396
57,0.66935295
57,0.5798117
57,0.57332975
57,0.507838
57,0.43130803
57,0.42906117
57,0.40954772
56,0.38845858
57,0.36618167
58,0.35000858
57,0.32349777
57,0.31429717
