detection_classes,detection_scores
60,0.978613
60,0.92009217
67,0.79082155
58,0.4647002
