detection_classes,detection_scores
61,0.79957086
67,0.45134583
58,0.31601307
