detection_classes,detection_scores
1,0.9952685
1,0.8781099
52,0.8019517
1,0.5869
1,0.5702803
1,0.50906545
52,0.35337177
