detection_classes,detection_scores
16,0.7987305
16,0.7864117
52,0.476271
