detection_classes,detection_scores
52,0.98954123
52,0.9317813
52,0.8953057
52,0.742767
51,0.69921833
52,0.34616277
