detection_classes,detection_scores
51,0.998288
67,0.8299397
51,0.6424923
55,0.56105214
55,0.53498435
55,0.47535247
67,0.4604038
55,0.41881073
55,0.39855704
57,0.37003705
55,0.3688319
57,0.36738753
55,0.34985995
57,0.3383794
51,0.30853784
