detection_classes,detection_scores
52,0.9543733
52,0.85852855
53,0.5845553
53,0.43048316
