detection_classes,detection_scores
60,0.67317224
58,0.55964226
58,0.50404286
58,0.4545383
57,0.44395098
60,0.41114601
52,0.4053187
55,0.3583404
60,0.33364776
