detection_classes,detection_scores
67,0.7995883
60,0.5224694
60,0.35819894
60,0.31069118
60,0.30183724
