detection_classes,detection_scores
51,0.9413044
51,0.92068565
53,0.8319248
51,0.8016197
57,0.61414057
67,0.52266484
59,0.5224334
53,0.4683507
51,0.46801937
