detection_classes,detection_scores
72,0.98082066
60,0.92760116
60,0.58048946
67,0.36871228
61,0.36180574
