detection_classes,detection_scores
52,0.99278307
52,0.83646923
52,0.53105944
52,0.48058107
52,0.39825073
90,0.32514608
