detection_classes,detection_scores
59,0.903557
55,0.8716723
67,0.46218008
51,0.42690614
67,0.39504817
57,0.33654702
