detection_classes,detection_scores
51,0.7642835
70,0.31018332
1,0.3003644
