detection_classes,detection_scores
52,0.8478
60,0.6647201
60,0.5209859
52,0.40000093
52,0.37067342
60,0.35049438
52,0.33109158
