detection_classes,detection_scores
60,0.47370678
60,0.46638957
60,0.3747128
