detection_classes,detection_scores
60,0.98884624
60,0.90614885
16,0.8301618
86,0.75143814
60,0.7489423
40,0.6900122
60,0.6772233
1,0.6083443
60,0.49440342
60,0.4541634
60,0.37953976
