detection_classes,detection_scores
60,0.8572671
60,0.8327023
60,0.8172069
60,0.77098924
60,0.7526852
60,0.73691064
60,0.67932796
60,0.67594165
60,0.5586129
57,0.5494056
60,0.5435549
60,0.53452706
60,0.53298044
60,0.42462453
60,0.4020114
60,0.38781375
60,0.38140965
55,0.36850896
