detection_classes,detection_scores
1,0.8781047
1,0.84796077
1,0.6296476
1,0.40764385
64,0.30655694
