detection_classes,detection_scores
60,0.69125324
53,0.6188338
58,0.5999219
58,0.5810231
58,0.51896924
57,0.454087
53,0.44901082
60,0.4155089
60,0.329008
60,0.3106489
