detection_classes,detection_scores
76,0.8754542
76,0.7122166
52,0.44765386
32,0.40984103
52,0.3019461
