detection_classes,detection_scores
64,0.941103
64,0.67768615
86,0.34385914
