detection_classes,detection_scores
1,0.9937458
1,0.77243936
73,0.47168127
1,0.41993183
