detection_classes,detection_scores
53,0.7180487
53,0.68327
53,0.3148768
