detection_classes,detection_scores
50,0.9602165
67,0.7644426
67,0.56719553
50,0.40157592
