detection_classes,detection_scores
57,0.6530514
51,0.4547908
57,0.30080345
