detection_classes,detection_scores
42,0.37481302
41,0.33215123
1,0.318033
