detection_classes,detection_scores
49,0.9310983
57,0.809801
57,0.67548954
49,0.43955177
46,0.4387051
87,0.42073464
57,0.33083034
