detection_classes,detection_scores
52,0.5371154
52,0.46077454
52,0.39534444
52,0.3322458
