detection_classes,detection_scores
60,0.9234488
60,0.87429047
60,0.84765816
60,0.6125589
60,0.44980994
