detection_classes,detection_scores
52,0.97414815
52,0.9654847
52,0.65831655
51,0.65581083
52,0.6350246
52,0.542891
67,0.4320619
50,0.4099396
