detection_classes,detection_scores
57,0.7957344
57,0.64312357
52,0.5316361
55,0.5280241
57,0.49733475
53,0.38825732
55,0.3270579
52,0.3139552
53,0.31002173
