detection_classes,detection_scores
60,0.5008091
67,0.44291613
52,0.40592712
60,0.3863434
52,0.3757043
60,0.33245248
