detection_classes,detection_scores
52,0.9857848
55,0.9052719
53,0.70465857
55,0.63481337
53,0.46021655
53,0.44832435
56,0.4137277
53,0.41371724
53,0.39932463
56,0.38813034
55,0.38706324
55,0.38658485
52,0.37002555
55,0.36487368
55,0.34220076
50,0.31402585
56,0.30095762
