detection_classes,detection_scores
88,0.5759586
60,0.53243953
1,0.5240954
60,0.46086827
88,0.4365603
60,0.41048908
60,0.40787515
37,0.3805061
60,0.3557712
60,0.34530765
60,0.33267546
88,0.3164691
