detection_classes,detection_scores
55,0.91706187
55,0.9024512
55,0.8201736
55,0.7770937
57,0.74062365
57,0.6476848
57,0.53071004
57,0.4977479
55,0.47480243
51,0.4062601
55,0.39852834
56,0.3974744
57,0.33040974
57,0.32347697
