detection_classes,detection_scores
67,0.60228175
60,0.5068021
61,0.36439928
61,0.33724442
