detection_classes,detection_scores
60,0.98764056
60,0.94537985
60,0.87783897
60,0.8636898
60,0.807987
60,0.7978972
60,0.7858109
60,0.74571264
60,0.60192335
60,0.5539705
60,0.50598377
60,0.4520621
60,0.3496149
60,0.32844448
