detection_classes,detection_scores
57,0.80557895
57,0.7972098
57,0.79095393
57,0.6351981
86,0.60678065
57,0.59404176
57,0.58999324
57,0.5883501
57,0.5821497
57,0.49585938
57,0.44153464
57,0.43814066
57,0.43134195
57,0.4265196
57,0.4232101
57,0.394252
55,0.38993633
57,0.3489518
57,0.34324852
57,0.3218233
