detection_classes,detection_scores
60,0.89764315
60,0.851914
60,0.73884577
60,0.6411422
60,0.4648763
61,0.3760177
88,0.35877165
1,0.33339158
