detection_classes,detection_scores
90,0.96960706
1,0.7723858
90,0.6719773
90,0.5002462
90,0.40088406
