detection_classes,detection_scores
52,0.9832571
52,0.8210952
52,0.81067556
52,0.753188
52,0.50024295
52,0.45131734
52,0.36258695
52,0.35514113
