detection_classes,detection_scores
51,0.91524136
57,0.8150685
50,0.67501295
51,0.5494308
67,0.41475257
