detection_classes,detection_scores
16,0.58729637
56,0.49337927
52,0.45425564
52,0.41617426
56,0.31312877
