detection_classes,detection_scores
1,0.87169105
1,0.5350121
60,0.48267648
61,0.4352538
1,0.39408273
65,0.33810267
