detection_classes,detection_scores
49,0.7377902
58,0.67482924
67,0.5600062
