detection_classes,detection_scores
1,0.78433603
56,0.67120165
64,0.41154778
