detection_classes,detection_scores
67,0.928509
67,0.77462214
52,0.6838343
53,0.5534382
