detection_classes,detection_scores
1,0.996414
53,0.7333891
1,0.49807292
