detection_classes,detection_scores
52,0.924643
57,0.91817605
1,0.8045226
55,0.7172563
53,0.62919766
57,0.56014955
52,0.41818878
55,0.36879855
57,0.3467858
