detection_classes,detection_scores
67,0.9383736
60,0.8518191
60,0.77016395
60,0.67225754
74,0.4981018
