detection_classes,detection_scores
60,0.8180895
60,0.43523723
60,0.37819454
60,0.3466417
