detection_classes,detection_scores
84,0.8885459
67,0.82998115
51,0.7856793
84,0.7571552
84,0.5957574
51,0.5133306
77,0.49551916
