detection_classes,detection_scores
67,0.8671346
61,0.71864265
84,0.51032454
17,0.4914383
32,0.41797724
55,0.3756865
51,0.35005805
84,0.30499667
1,0.30439115
