detection_classes,detection_scores
56,0.68186474
51,0.62806207
51,0.30304697
