detection_classes,detection_scores
59,0.9817131
53,0.81480557
67,0.57041144
55,0.557035
53,0.54383767
67,0.3249367
57,0.30626175
