detection_classes,detection_scores
44,0.98597056
51,0.97935915
44,0.9754666
51,0.9715271
1,0.94545084
51,0.92695373
1,0.81805885
67,0.7832536
1,0.7817875
47,0.7169142
51,0.48726058
51,0.4472888
59,0.4440551
1,0.35267922
51,0.31348833
