detection_classes,detection_scores
16,0.7428423
57,0.6438605
74,0.48441172
58,0.38159785
