detection_classes,detection_scores
51,0.99650747
67,0.7826941
55,0.7376097
51,0.69230753
55,0.6036953
57,0.5220096
55,0.4853276
53,0.43871003
57,0.36435124
57,0.36306575
57,0.32021412
