detection_classes,detection_scores
52,0.7464842
52,0.68199146
52,0.52194023
52,0.49945116
52,0.49608403
