detection_classes,detection_scores
67,0.93086404
53,0.91701406
51,0.45907235
86,0.4126832
