detection_classes,detection_scores
52,0.88330287
52,0.6125623
60,0.60658044
52,0.45396245
52,0.40895066
52,0.40169773
52,0.37125364
52,0.3612556
52,0.33906236
52,0.301039
