detection_classes,detection_scores
67,0.91634953
49,0.89642596
51,0.878881
51,0.660912
57,0.55948216
67,0.43409178
49,0.42263776
