detection_classes,detection_scores
67,0.7855283
59,0.6880375
52,0.64385927
67,0.33996186
57,0.30713108
