detection_classes,detection_scores
67,0.9199976
84,0.47002134
52,0.46108684
74,0.43184456
67,0.37921706
84,0.32767254
33,0.3272324
