detection_classes,detection_scores
61,0.84018534
1,0.6793539
1,0.4582593
88,0.42498574
61,0.40236354
65,0.34658366
