detection_classes,detection_scores
64,0.7624547
47,0.7005293
62,0.4173169
52,0.3352077
