detection_classes,detection_scores
51,0.78434086
60,0.6392953
67,0.45606834
