detection_classes,detection_scores
53,0.9744519
53,0.9719561
53,0.928698
53,0.846717
53,0.7690502
53,0.71242875
53,0.65607107
53,0.6536932
53,0.5645799
53,0.55670285
53,0.54198617
53,0.5392479
53,0.46613
53,0.41430643
53,0.39935428
53,0.3504406
53,0.34436575
