detection_classes,detection_scores
51,0.95716023
51,0.7798918
56,0.58220357
53,0.30161142
