detection_classes,detection_scores
52,0.7333926
60,0.71958315
51,0.5267112
52,0.38621455
