detection_classes,detection_scores
57,0.80978364
57,0.79294246
57,0.7925385
57,0.71970755
48,0.7127791
57,0.64101285
57,0.6271622
56,0.5660856
67,0.52222776
57,0.5147525
57,0.39130005
53,0.3021239
