detection_classes,detection_scores
67,0.9548774
67,0.76865876
67,0.67035043
67,0.5182503
67,0.49144837
51,0.4804254
67,0.38254544
67,0.3056113
