detection_classes,detection_scores
60,0.9938406
60,0.8140258
67,0.68169177
