detection_classes,detection_scores
51,0.99653625
51,0.6574822
57,0.46662763
51,0.3561006
