detection_classes,detection_scores
56,0.99081916
56,0.8021171
56,0.38478246
56,0.34561282
