detection_classes,detection_scores
51,0.9990995
67,0.7756092
67,0.34650752
67,0.31167182
