detection_classes,detection_scores
1,0.96348864
52,0.7956284
64,0.48286048
53,0.38943386
52,0.31469822
