detection_classes,detection_scores
54,0.7399864
59,0.52019584
67,0.38077962
52,0.35469088
51,0.32483405
