detection_classes,detection_scores
67,0.5886274
56,0.46265808
67,0.41793758
59,0.3613189
