detection_classes,detection_scores
58,0.7229208
51,0.6268105
67,0.59290105
