detection_classes,detection_scores
58,0.78243685
58,0.59729743
58,0.5778133
58,0.509148
61,0.4509419
57,0.43046084
58,0.3967777
61,0.38777593
88,0.33555472
61,0.30220777
58,0.30060524
