detection_classes,detection_scores
60,0.9180394
60,0.90449804
60,0.8506958
60,0.7943913
60,0.79111844
53,0.7896377
60,0.7378871
60,0.6684091
60,0.64513177
60,0.62645125
60,0.6230465
60,0.614341
60,0.6077692
60,0.491389
53,0.38704428
60,0.37930834
60,0.3749973
60,0.34611365
60,0.32669514
