detection_classes,detection_scores
52,0.98364073
52,0.65769386
52,0.42404214
52,0.38830099
52,0.34090835
52,0.3019185
