detection_classes,detection_scores
1,0.9947239
1,0.92774373
51,0.873388
86,0.82335794
51,0.6748213
51,0.6708309
86,0.61628175
