detection_classes,detection_scores
51,0.98396957
1,0.9822072
1,0.9608203
1,0.93442166
1,0.86237335
1,0.5976347
1,0.5345521
33,0.3352633
1,0.33008835
1,0.32818627
