detection_classes,detection_scores
67,0.67029804
48,0.58129495
90,0.4571879
56,0.4375778
52,0.41956773
