detection_classes,detection_scores
51,0.9417162
51,0.92486846
51,0.89409304
51,0.89246356
51,0.7497078
51,0.7436505
67,0.6538248
51,0.5610634
51,0.55061835
60,0.5116785
51,0.4894675
57,0.39616647
51,0.38690984
60,0.3569037
67,0.35391358
53,0.33567515
