detection_classes,detection_scores
51,0.9939657
51,0.9747843
62,0.95157754
44,0.94276065
1,0.9057942
62,0.9021503
46,0.89737207
67,0.84166986
62,0.82935965
51,0.8153516
67,0.80639523
49,0.7001473
47,0.6591086
47,0.6346914
61,0.58463
62,0.4909836
67,0.49004683
61,0.46636546
67,0.4213549
62,0.41490632
48,0.39561048
47,0.3489739
50,0.33730942
46,0.33469915
51,0.31095836
60,0.3075291
