detection_classes,detection_scores
53,0.8851331
52,0.78836024
51,0.6489821
52,0.6384083
52,0.54392844
87,0.46146914
52,0.4262459
52,0.35771278
52,0.34233323
67,0.32558265
