detection_classes,detection_scores
1,0.9967272
51,0.6958614
67,0.51260984
61,0.46412647
