detection_classes,detection_scores
52,0.97580624
52,0.9746532
52,0.74321365
52,0.6132261
52,0.5270762
52,0.40459347
52,0.3385706
