detection_classes,detection_scores
1,0.978954
1,0.96798784
1,0.95556194
1,0.95318526
1,0.93224025
1,0.90944386
47,0.76628613
3,0.73556995
1,0.7100504
1,0.53264225
1,0.5257033
4,0.5080293
33,0.5018047
1,0.49717316
