detection_classes,detection_scores
32,0.54645646
32,0.52355814
32,0.51835674
32,0.43793768
32,0.391114
32,0.3570796
