detection_classes,detection_scores
61,0.73271334
55,0.5339442
52,0.45867202
60,0.39633733
60,0.3930129
67,0.31782466
81,0.31275463
