detection_classes,detection_scores
55,0.93294305
52,0.8310817
55,0.7881956
55,0.6776508
55,0.62263185
55,0.57721364
52,0.5433048
55,0.52528113
55,0.50368905
55,0.45036846
55,0.36885855
55,0.3286881
55,0.3280599
55,0.3177254
