detection_classes,detection_scores
51,0.99536514
51,0.9942889
51,0.9928437
51,0.99221367
50,0.9895745
47,0.9881123
67,0.9324479
49,0.6379964
57,0.5670512
67,0.41933516
67,0.35615185
