detection_classes,detection_scores
52,0.9788408
52,0.7805062
52,0.39694983
52,0.36201742
62,0.3480568
52,0.31466883
