detection_classes,detection_scores
53,0.7646849
57,0.662675
57,0.6599404
53,0.5966395
53,0.51331866
57,0.4665418
53,0.41897315
53,0.41182476
53,0.4100183
53,0.38197675
53,0.333014
53,0.31997937
