detection_classes,detection_scores
60,0.74095225
61,0.47240028
67,0.37202024
