detection_classes,detection_scores
60,0.95802885
60,0.6461365
60,0.49169743
60,0.34288952
67,0.33069235
