detection_classes,detection_scores
60,0.6942134
60,0.57700825
60,0.51095957
60,0.36768958
67,0.35726795
50,0.3385373
