detection_classes,detection_scores
1,0.9642416
90,0.9262054
1,0.8909558
1,0.6024877
52,0.57980484
1,0.56058323
1,0.5179493
