detection_classes,detection_scores
50,0.5352833
50,0.5250206
47,0.49702522
1,0.43090475
47,0.394016
47,0.3773712
60,0.36957783
61,0.34873426
61,0.3478028
61,0.3450823
