detection_classes,detection_scores
60,0.77537763
60,0.3258067
61,0.32312715
