detection_classes,detection_scores
52,0.8988752
52,0.5742686
52,0.39773262
67,0.3598631
1,0.3182797
