detection_classes,detection_scores
1,0.9677
28,0.7495979
59,0.61177087
1,0.54361784
28,0.45811224
53,0.42217764
61,0.35674214
