detection_classes,detection_scores
56,0.9529815
56,0.9199544
56,0.5676028
