detection_classes,detection_scores
52,0.9545641
52,0.6905492
64,0.473034
1,0.4302554
64,0.30583355
52,0.30113688
