detection_classes,detection_scores
65,0.9146332
65,0.5746945
65,0.5202199
65,0.37205315
