detection_classes,detection_scores
1,0.9753736
1,0.77511346
1,0.6757181
1,0.46417388
1,0.3850029
74,0.3799168
1,0.35134658
