detection_classes,detection_scores
52,0.47443834
60,0.4332729
53,0.3612805
60,0.32579276
60,0.31062824
