detection_classes,detection_scores
52,0.77350795
52,0.7169983
52,0.63536227
60,0.4931824
52,0.3912694
53,0.30847657
