detection_classes,detection_scores
51,0.97889245
67,0.9722012
51,0.9488068
51,0.9086815
59,0.8521639
51,0.81346434
62,0.80647796
59,0.7895507
59,0.63927114
67,0.6243967
51,0.61546755
47,0.5415558
59,0.5186538
61,0.455432
51,0.44940722
50,0.44904053
67,0.37486067
