detection_classes,detection_scores
51,0.97452205
51,0.8751443
67,0.83489597
57,0.72243
51,0.71499443
54,0.69422436
57,0.5638589
51,0.5054164
51,0.42437232
