detection_classes,detection_scores
51,0.9850559
56,0.96436566
67,0.45226714
