detection_classes,detection_scores
57,0.89341164
57,0.8776191
57,0.6839831
57,0.54066175
56,0.5347391
56,0.5272
57,0.46793526
57,0.46222892
57,0.45245185
56,0.44661534
56,0.4427399
56,0.43745077
56,0.34257892
59,0.34135595
57,0.3286581
56,0.32101017
51,0.31165683
