detection_classes,detection_scores
65,0.9331378
86,0.63515925
65,0.33177248
