detection_classes,detection_scores
52,0.97135586
52,0.8304509
52,0.31325018
52,0.3030877
