detection_classes,detection_scores
52,0.98788095
52,0.35936275
52,0.30046615
