detection_classes,detection_scores
51,0.95244557
86,0.88444257
86,0.8087323
76,0.75496113
51,0.37252688
