detection_classes,detection_scores
51,0.91709864
51,0.91661054
51,0.85907876
57,0.7342681
67,0.64129907
53,0.5568949
67,0.52443707
51,0.47612077
51,0.43847537
56,0.4120777
61,0.37359455
53,0.32154706
