detection_classes,detection_scores
56,0.88354087
56,0.8472958
56,0.67774135
56,0.64149594
56,0.5346432
67,0.48218805
56,0.43991065
56,0.43210855
56,0.33866102
56,0.33177835
