detection_classes,detection_scores
52,0.658019
50,0.60680044
53,0.6033768
55,0.5816444
67,0.57672435
55,0.53901017
50,0.32528314
