detection_classes,detection_scores
49,0.94669205
47,0.9138459
67,0.8248409
59,0.36106542
67,0.3570379
58,0.3500515
