detection_classes,detection_scores
1,0.6830108
16,0.5852073
53,0.5502269
28,0.43335828
53,0.41482812
