detection_classes,detection_scores
55,0.71523345
53,0.58744276
53,0.54298323
55,0.5104398
53,0.42930198
55,0.4146573
53,0.35605466
53,0.3102756
