detection_classes,detection_scores
52,0.9898553
52,0.8623059
52,0.71687824
52,0.6909745
52,0.66506815
52,0.41640753
