detection_classes,detection_scores
61,0.92385715
61,0.66440606
34,0.62393826
81,0.53547394
34,0.5285427
81,0.3152833
