detection_classes,detection_scores
51,0.74565065
67,0.71212125
59,0.41543937
