detection_classes,detection_scores
56,0.84325117
67,0.8243883
56,0.40152216
