detection_classes,detection_scores
67,0.5425275
60,0.42898497
67,0.31805187
