detection_classes,detection_scores
58,0.9361413
58,0.883458
60,0.6376072
60,0.60106885
60,0.57894546
1,0.5465469
60,0.46483317
60,0.39828664
