detection_classes,detection_scores
60,0.9264649
60,0.9238727
60,0.87504506
60,0.7429254
67,0.30611727
