detection_classes,detection_scores
56,0.882033
87,0.44673425
56,0.39434046
