detection_classes,detection_scores
59,0.5341655
61,0.49463022
56,0.46718442
51,0.35510463
56,0.34530452
