detection_classes,detection_scores
51,0.71719587
60,0.6573547
67,0.5383107
50,0.5191746
50,0.33730164
67,0.3045998
