detection_classes,detection_scores
67,0.762516
58,0.5147889
51,0.36390013
