detection_classes,detection_scores
51,0.5909953
67,0.5059741
60,0.47072208
51,0.46568918
34,0.3946546
51,0.31452236
50,0.31085813
