detection_classes,detection_scores
56,0.89940476
1,0.8042295
1,0.6526538
56,0.44445434
75,0.4399102
56,0.42354965
1,0.3800905
56,0.3121388
