detection_classes,detection_scores
1,0.9962459
1,0.49439222
61,0.46052998
60,0.31076187
