detection_classes,detection_scores
1,0.95002204
51,0.6021442
88,0.58009124
51,0.5384295
51,0.50767416
61,0.50384533
86,0.44421685
64,0.3810371
