detection_classes,detection_scores
58,0.60273457
58,0.4583925
58,0.38075987
60,0.37844563
61,0.32174742
