detection_classes,detection_scores
52,0.8127852
67,0.68545675
52,0.52730644
