detection_classes,detection_scores
57,0.8752743
51,0.7019905
57,0.6379793
53,0.6332778
57,0.62567735
56,0.49216846
67,0.42295042
57,0.36834496
57,0.33294564
57,0.32746145
