detection_classes,detection_scores
54,0.76251394
56,0.7329131
54,0.67223096
51,0.4127115
67,0.38036743
61,0.3776726
54,0.35348204
67,0.31844795
