detection_classes,detection_scores
60,0.93841386
60,0.822246
61,0.8114019
60,0.7919944
61,0.6679544
60,0.6410617
61,0.4762982
60,0.46010986
60,0.4296707
60,0.40286165
51,0.39150283
61,0.3602623
