detection_classes,detection_scores
51,0.8449405
50,0.8206478
51,0.81158084
51,0.80107147
51,0.79921573
51,0.76133174
47,0.58721316
67,0.57359284
47,0.5445013
51,0.4518064
