detection_classes,detection_scores
53,0.83598393
53,0.66678405
53,0.60145545
53,0.4091613
53,0.40707344
67,0.34654838
53,0.34005767
