detection_classes,detection_scores
60,0.8943881
53,0.599329
67,0.5688306
