detection_classes,detection_scores
16,0.8230913
60,0.6058601
60,0.4285643
