detection_classes,detection_scores
60,0.68585086
67,0.49353254
61,0.40014952
