detection_classes,detection_scores
67,0.51224875
52,0.40781632
51,0.33284342
