detection_classes,detection_scores
52,0.54217243
64,0.50271654
64,0.34273365
52,0.3271701
