detection_classes,detection_scores
60,0.8065509
60,0.444344
60,0.41894314
60,0.34384173
60,0.329139
