detection_classes,detection_scores
1,0.9179369
1,0.90151703
1,0.7976833
1,0.7771004
1,0.6920134
1,0.32225588
53,0.31832668
