detection_classes,detection_scores
87,0.77622336
55,0.38123605
86,0.31484526
