detection_classes,detection_scores
61,0.84903437
61,0.58337927
61,0.5367728
