detection_classes,detection_scores
60,0.6463293
55,0.42289767
60,0.41796476
60,0.38706815
55,0.35382703
