detection_classes,detection_scores
52,0.6453267
51,0.55742884
52,0.51448315
67,0.42861494
