detection_classes,detection_scores
57,0.69903165
57,0.6664659
57,0.49785843
57,0.48385867
61,0.4731727
57,0.4651467
57,0.4125903
58,0.3943568
