detection_classes,detection_scores
1,0.9956801
1,0.9876457
1,0.97671264
1,0.9233136
1,0.8234076
1,0.74611276
1,0.71161854
1,0.63578033
67,0.53904176
1,0.35782588
