detection_classes,detection_scores
1,0.9921084
1,0.95892733
1,0.88550305
1,0.77803063
1,0.73477376
1,0.60116905
1,0.52738744
1,0.4237598
