detection_classes,detection_scores
61,0.9620707
67,0.7203639
57,0.38426375
