detection_classes,detection_scores
52,0.98799217
52,0.7630242
52,0.7253321
52,0.49746564
