detection_classes,detection_scores
50,0.92648745
51,0.891033
47,0.7945316
34,0.7302121
51,0.44489807
47,0.30907115
52,0.30395696
