detection_classes,detection_scores
64,0.5327411
64,0.33091176
86,0.30691648
