detection_classes,detection_scores
50,0.94603056
60,0.68932223
60,0.5743281
67,0.46829674
