detection_classes,detection_scores
48,0.9965579
48,0.9672327
59,0.80032295
59,0.7524977
48,0.7278325
67,0.4932087
