detection_classes,detection_scores
60,0.70026827
60,0.62252957
60,0.5994877
61,0.58730185
60,0.543772
60,0.4672317
60,0.45240784
60,0.44588605
60,0.42395562
60,0.38557148
60,0.3472469
60,0.3291529
