detection_classes,detection_scores
51,0.95675206
58,0.92571765
57,0.899909
58,0.88675964
61,0.8535843
58,0.84224856
67,0.65680736
67,0.3351235
