detection_classes,detection_scores
57,0.98305064
64,0.8596768
84,0.8126352
57,0.60042584
57,0.57312036
57,0.567871
55,0.3935036
53,0.3767756
61,0.33632076
57,0.31610623
