detection_classes,detection_scores
56,0.47581905
64,0.37844557
52,0.3436818
