detection_classes,detection_scores
1,0.9899843
58,0.89062256
58,0.8733632
1,0.8558075
58,0.6567915
57,0.5902134
34,0.44855785
58,0.3834427
60,0.3554797
65,0.35055804
57,0.3285985
57,0.3173428
57,0.30793014
