detection_classes,detection_scores
56,0.9561722
56,0.91702366
56,0.6541438
