detection_classes,detection_scores
52,0.89781886
52,0.53734934
52,0.49911875
52,0.4725622
52,0.47220737
52,0.4263805
52,0.40652078
52,0.3990971
52,0.37410182
52,0.3041312
