detection_classes,detection_scores
57,0.7671385
57,0.75020194
57,0.71074396
57,0.70047927
57,0.6028574
57,0.5948122
56,0.5940828
57,0.52581435
57,0.5249467
57,0.48358804
57,0.48327824
57,0.4545801
57,0.36908314
57,0.31581518
57,0.31535956
57,0.3146461
56,0.303588
