detection_classes,detection_scores
52,0.7079656
64,0.6737542
86,0.3429009
