detection_classes,detection_scores
56,0.99359304
48,0.75518364
56,0.669189
56,0.3166051
57,0.3095563
