detection_classes,detection_scores
67,0.53080654
57,0.43761033
61,0.43543887
61,0.3871377
58,0.3575327
59,0.332607
53,0.31905004
