detection_classes,detection_scores
52,0.5662276
60,0.49171236
52,0.39266023
60,0.3729798
