detection_classes,detection_scores
1,0.9968989
18,0.9646297
18,0.75276446
19,0.71309835
21,0.5096678
21,0.46857628
34,0.34687114
