detection_classes,detection_scores
73,0.99578345
76,0.65409833
72,0.41973922
