detection_classes,detection_scores
16,0.97860605
16,0.9500885
16,0.9347454
16,0.9116978
16,0.4248754
38,0.40019873
