detection_classes,detection_scores
1,0.99778974
4,0.6845586
35,0.57739973
35,0.41675404
