detection_classes,detection_scores
1,0.9986297
2,0.9921225
27,0.93517756
