detection_classes,detection_scores
74,0.9968566
76,0.9938723
47,0.99027246
47,0.9717753
51,0.83624583
73,0.64693093
44,0.5880344
67,0.37061518
