detection_classes,detection_scores
1,0.9976622
28,0.992814
27,0.8830781
31,0.7270355
15,0.6081717
15,0.31683522
