detection_classes,detection_scores
9,0.9930394
1,0.90368503
1,0.79467344
