detection_classes,detection_scores
1,0.97981125
28,0.97850305
1,0.91084594
1,0.78131056
1,0.44166762
1,0.40157095
1,0.31163064
