detection_classes,detection_scores
7,0.99980026
10,0.7161193
10,0.39186805
10,0.39054632
