detection_classes,detection_scores
52,0.99212754
55,0.990436
52,0.880097
55,0.84224224
52,0.82998216
57,0.82100695
52,0.79673797
52,0.49615073
52,0.3056295
