detection_classes,detection_scores
19,0.9998423
19,0.9995486
19,0.9688056
