detection_classes,detection_scores
22,0.99985504
16,0.904958
16,0.8024835
