detection_classes,detection_scores
1,0.99838877
21,0.9979868
21,0.98582655
15,0.48778662
