detection_classes,detection_scores
21,0.9965071
1,0.99183935
21,0.9881676
1,0.9538972
19,0.71956646
1,0.584524
1,0.50501585
1,0.4343586
1,0.38926637
