detection_classes,detection_scores
75,0.9993629
75,0.99928635
75,0.99553347
75,0.99469614
75,0.99215335
