detection_classes,detection_scores
4,0.99487656
4,0.98477626
4,0.8463545
