detection_classes,detection_scores
72,0.9996916
74,0.99932003
76,0.99927956
78,0.9037613
84,0.5895694
84,0.53651977
84,0.4650318
84,0.38965195
