detection_classes,detection_scores
19,0.9998808
1,0.88085717
19,0.52571446
