detection_classes,detection_scores
73,0.8707879
59,0.65333337
47,0.3409028
67,0.32534626
