detection_classes,detection_scores
1,0.9974776
1,0.9974342
28,0.9971175
28,0.9607678
28,0.540657
28,0.4641118
