detection_classes,detection_scores
1,0.99454075
3,0.9878066
1,0.9769462
1,0.89155376
1,0.83705
3,0.7631643
10,0.62743425
1,0.4350387
33,0.42690435
