detection_classes,detection_scores
1,0.99725145
1,0.99561137
3,0.9895974
3,0.9849064
1,0.9755205
1,0.9459902
1,0.89727485
1,0.8889959
1,0.80290824
1,0.7343698
3,0.5910569
1,0.55111253
1,0.3242407
