detection_classes,detection_scores
19,0.99797076
62,0.55412185
31,0.41919255
31,0.3300097
1,0.3097076
