detection_classes,detection_scores
17,0.99663025
17,0.9002509
17,0.37080655
