detection_classes,detection_scores
74,0.9458344
75,0.89537287
75,0.8475812
74,0.83911645
74,0.7234392
75,0.58252275
75,0.55000365
76,0.5013487
74,0.3464442
47,0.33519143
