detection_classes,detection_scores
4,0.99668294
3,0.972098
3,0.96626806
64,0.32216302
