detection_classes,detection_scores
75,0.99915314
72,0.9984352
1,0.860291
82,0.41182405
