detection_classes,detection_scores
1,0.9990651
4,0.99784875
3,0.987364
1,0.9770666
1,0.9077419
3,0.89093196
3,0.724281
3,0.68813676
3,0.6338989
3,0.5995213
3,0.4855892
3,0.47153756
