detection_classes,detection_scores
52,0.96321803
52,0.94214016
52,0.892486
52,0.77448106
52,0.67978
52,0.6667226
52,0.586313
52,0.45248762
52,0.39571795
52,0.3850362
