detection_classes,detection_scores
18,0.9832977
1,0.93383455
1,0.58072823
1,0.40139654
1,0.39398885
1,0.35138738
1,0.3497044
