detection_classes,detection_scores
18,0.9987923
21,0.7194277
62,0.63159686
