detection_classes,detection_scores
4,0.9995209
4,0.9768216
50,0.96840155
4,0.91530794
62,0.64823246
4,0.6440364
84,0.6048069
4,0.5752199
4,0.5013017
84,0.48608884
3,0.43894982
4,0.37603402
4,0.37290522
