detection_classes,detection_scores
17,0.5399589
18,0.52526015
23,0.3937627
