detection_classes,detection_scores
1,0.99915886
15,0.7678281
49,0.4105057
15,0.38133216
