detection_classes,detection_scores
19,0.99980897
1,0.9987311
19,0.74478495
