detection_classes,detection_scores
72,0.99960214
17,0.9986534
17,0.9981053
33,0.34915602
27,0.33791438
33,0.322355
