detection_classes,detection_scores
19,0.9999535
19,0.9741805
19,0.9599659
