detection_classes,detection_scores
1,0.99483925
1,0.9924049
2,0.9766891
41,0.61447537
2,0.4390944
40,0.3228985
