detection_classes,detection_scores
55,0.99117345
55,0.97336143
64,0.63061523
