detection_classes,detection_scores
1,0.9920393
1,0.9248431
1,0.8678452
1,0.85069907
1,0.8448386
75,0.7989501
1,0.7864413
1,0.49195293
1,0.32669762
