detection_classes,detection_scores
1,0.99847037
1,0.70094997
27,0.44547117
38,0.33676732
38,0.32889134
1,0.30973613
