detection_classes,detection_scores
73,0.9989796
1,0.9983156
27,0.80273116
