detection_classes,detection_scores
52,0.9991794
52,0.9989133
55,0.9883095
55,0.98251545
86,0.68257314
67,0.47445664
67,0.39951393
