detection_classes,detection_scores
38,0.83568937
38,0.7966393
1,0.79659164
28,0.6575462
1,0.6532927
28,0.5407688
28,0.525827
1,0.41997972
38,0.4015147
38,0.39324003
38,0.34759906
28,0.34690458
28,0.3362638
9,0.3153131
