detection_classes,detection_scores
9,0.945939
42,0.87519133
1,0.87096304
1,0.83464134
1,0.53893816
9,0.43266368
1,0.41102746
1,0.38156515
1,0.35400116
9,0.33286074
