detection_classes,detection_scores
75,0.9996766
75,0.9996613
75,0.99869823
