detection_classes,detection_scores
72,0.9989235
74,0.99814045
76,0.98308325
84,0.48398232
