detection_classes,detection_scores
1,0.999587
1,0.9989316
1,0.9959847
15,0.98305154
15,0.78072965
3,0.6620956
15,0.64856255
64,0.38474727
