detection_classes,detection_scores
47,0.9755082
47,0.9215844
49,0.72325987
2,0.45222437
1,0.4053244
47,0.3538928
1,0.35319355
86,0.35167462
28,0.32862127
