detection_classes,detection_scores
28,0.99842036
1,0.9966306
1,0.99299204
28,0.94014496
1,0.61864144
28,0.59543234
1,0.31801707
1,0.30495727
