detection_classes,detection_scores
72,0.99558914
76,0.98321646
58,0.8110198
76,0.3581766
