detection_classes,detection_scores
1,0.99215966
1,0.9830823
1,0.9812367
18,0.8792305
19,0.8531543
1,0.5237147
1,0.44773915
1,0.43397024
1,0.3204483
1,0.31311294
