detection_classes,detection_scores
3,0.99153626
8,0.9885671
8,0.9881142
3,0.9787011
8,0.79267764
