detection_classes,detection_scores
17,0.9996853
63,0.90954363
15,0.4027432
65,0.38130367
