detection_classes,detection_scores
2,0.99373853
27,0.88264316
27,0.77486
2,0.7622648
2,0.3962667
78,0.38162217
