detection_classes,detection_scores
75,0.9995491
1,0.72308666
67,0.7025888
