detection_classes,detection_scores
8,0.9943811
1,0.9677327
3,0.96598977
8,0.8692633
3,0.7871276
3,0.689821
8,0.5842664
6,0.40629533
