detection_classes,detection_scores
48,0.99544746
48,0.9938074
49,0.9827016
57,0.96939486
50,0.9384031
52,0.9211959
67,0.80844
49,0.7043421
52,0.6954737
49,0.6475278
50,0.6361092
48,0.5931427
50,0.5160589
48,0.46403953
52,0.30238822
