detection_classes,detection_scores
1,0.96709186
21,0.8011347
19,0.6933467
2,0.56459403
15,0.30410358
