detection_classes,detection_scores
3,0.931184
3,0.8420238
3,0.71654534
3,0.65412897
3,0.59471035
3,0.5726187
72,0.47698024
3,0.39206308
8,0.34486273
