detection_classes,detection_scores
17,0.9894907
62,0.6324792
3,0.324502
