detection_classes,detection_scores
1,0.9996735
21,0.9687373
21,0.94104415
15,0.49319026
19,0.379484
15,0.32221094
19,0.30242053
