detection_classes,detection_scores
15,0.9974177
15,0.9670706
15,0.46150154
15,0.45699692
15,0.412462
