detection_classes,detection_scores
73,0.99570954
76,0.52965546
33,0.43225083
