detection_classes,detection_scores
73,0.9461432
1,0.86022043
1,0.35211265
73,0.3267964
72,0.3146004
33,0.31402448
