detection_classes,detection_scores
1,0.99945396
1,0.99059653
1,0.9892586
2,0.97118855
1,0.85488623
41,0.71945465
