detection_classes,detection_scores
55,0.85803306
55,0.71386385
55,0.68296504
55,0.53206766
55,0.5064666
55,0.5033804
55,0.4196354
67,0.41307545
61,0.38486794
55,0.38472125
