detection_classes,detection_scores
1,0.99922013
1,0.9956363
2,0.9414554
