detection_classes,detection_scores
1,0.99898916
16,0.8726093
16,0.7119826
43,0.68546647
