detection_classes,detection_scores
1,0.9911157
1,0.98911756
1,0.98261684
1,0.9801974
1,0.9444109
28,0.91684896
28,0.89294136
1,0.8814933
1,0.7846077
28,0.7578751
28,0.57115775
28,0.50475407
