detection_classes,detection_scores
7,0.96795446
1,0.83885074
1,0.761695
1,0.6831237
1,0.6653779
1,0.60923713
1,0.5871003
1,0.58092606
42,0.55483836
1,0.5336953
1,0.53117937
1,0.4973701
1,0.4562073
1,0.44162855
1,0.43747213
1,0.4321119
1,0.4203697
1,0.40241247
1,0.3820813
1,0.37764725
1,0.34401417
1,0.32944092
1,0.31660274
