detection_classes,detection_scores
1,0.99251795
1,0.98456347
32,0.8791868
47,0.8428315
73,0.77045643
72,0.5110825
