detection_classes,detection_scores
55,0.988149
55,0.9773362
55,0.96265495
53,0.95743436
55,0.7676961
67,0.52751994
55,0.46813238
