detection_classes,detection_scores
52,0.8793761
52,0.6938195
52,0.5849406
52,0.40806538
