detection_classes,detection_scores
74,0.99987674
77,0.68090075
73,0.61831075
72,0.5874165
73,0.43130812
