detection_classes,detection_scores
9,0.9770637
9,0.8786415
9,0.5712417
1,0.5048469
1,0.37679207
