detection_classes,detection_scores
73,0.9994704
44,0.9953792
1,0.9871365
44,0.97546375
27,0.907133
1,0.90366817
62,0.8621991
62,0.78962743
62,0.7801596
84,0.5959159
75,0.57397467
1,0.5296993
67,0.38095877
74,0.33117685
84,0.30208606
