detection_classes,detection_scores
18,0.99731547
63,0.6222654
33,0.32213995
63,0.3022683
