detection_classes,detection_scores
1,0.99718565
28,0.9966973
28,0.97443366
1,0.94433385
28,0.9422949
88,0.93632376
28,0.691819
1,0.6754876
31,0.665585
28,0.64895344
1,0.5764095
28,0.56833136
28,0.5680356
1,0.4904132
28,0.4548821
1,0.36599556
28,0.34656462
28,0.33327106
