detection_classes,detection_scores
1,0.99985063
1,0.99855155
1,0.9718302
1,0.9687914
1,0.9354631
1,0.902739
9,0.53994167
9,0.5146055
1,0.49417484
