detection_classes,detection_scores
1,0.99673957
73,0.9776604
62,0.9255342
62,0.90451306
1,0.8980745
1,0.8533436
51,0.848474
1,0.7160518
1,0.7086136
47,0.62336004
62,0.61360925
62,0.601526
62,0.5796837
1,0.5560397
1,0.5553455
1,0.53752536
1,0.48947778
1,0.36773148
1,0.33639959
1,0.315627
1,0.3103293
