detection_classes,detection_scores
28,0.9995541
1,0.9982572
31,0.4029155
