detection_classes,detection_scores
1,0.99347454
9,0.79122263
7,0.5194052
9,0.4481451
9,0.36112884
6,0.3023125
