detection_classes,detection_scores
28,0.99505377
28,0.9915872
28,0.96832365
28,0.9416449
28,0.87293565
28,0.6418594
28,0.6403759
