detection_classes,detection_scores
74,0.9987225
73,0.73948014
73,0.4291839
