detection_classes,detection_scores
73,0.99859136
1,0.7286758
76,0.5822436
77,0.46333045
