detection_classes,detection_scores
55,0.98353934
55,0.9725715
55,0.9672614
55,0.9590048
55,0.9163146
55,0.9092862
55,0.6930585
55,0.59688795
55,0.52103406
