detection_classes,detection_scores
18,0.97623944
17,0.44684467
72,0.3882893
