detection_classes,detection_scores
77,0.99580765
73,0.9897593
17,0.95636094
65,0.8909572
84,0.85331666
65,0.7213292
77,0.71678567
73,0.58280414
73,0.47028098
18,0.43680847
63,0.34555984
65,0.30412164
