detection_classes,detection_scores
15,0.96802115
20,0.96669465
87,0.63633925
18,0.6069186
23,0.36671546
