detection_classes,detection_scores
1,0.99873716
1,0.99381506
1,0.9929415
3,0.9697435
3,0.9490341
3,0.92520267
2,0.92409265
2,0.8344175
3,0.81286937
28,0.808054
3,0.78050286
1,0.77243614
3,0.63238335
28,0.44926205
31,0.39810944
32,0.31157443
