detection_classes,detection_scores
55,0.88923544
55,0.7705751
55,0.7622811
55,0.70678717
53,0.6836388
53,0.66557896
55,0.6468712
37,0.6465018
55,0.64209574
55,0.5659716
55,0.4936429
55,0.49013194
55,0.46401417
55,0.43241572
55,0.38892508
55,0.33590898
53,0.3224132
55,0.31808674
53,0.30980173
53,0.30518582
