detection_classes,detection_scores
7,0.99960786
1,0.6222448
6,0.42471322
