detection_classes,detection_scores
7,0.99992204
1,0.9996587
1,0.47607976
1,0.4437367
1,0.35576463
1,0.34007818
1,0.32458282
1,0.32123607
