detection_classes,detection_scores
9,0.9456805
9,0.9344678
1,0.920622
1,0.7211243
9,0.68403304
1,0.66309446
1,0.62822986
1,0.52772194
1,0.3592013
1,0.31212005
