detection_classes,detection_scores
1,0.9927477
1,0.78864884
1,0.7777767
1,0.7341091
1,0.657735
15,0.6263649
1,0.624329
1,0.55758274
15,0.44505978
1,0.41805634
1,0.3677867
