detection_classes,detection_scores
1,0.99582845
1,0.9726132
1,0.9408117
15,0.9362988
1,0.93320376
15,0.90117306
15,0.8035192
1,0.5089078
16,0.36965814
