detection_classes,detection_scores
75,0.9992341
75,0.998727
77,0.9984363
74,0.96075296
65,0.9275952
