detection_classes,detection_scores
8,0.9387772
3,0.8613071
3,0.8554459
3,0.45716417
6,0.42308608
7,0.33484566
