detection_classes,detection_scores
8,0.99855214
3,0.9638675
3,0.7713341
3,0.55584943
3,0.4714246
3,0.46098626
10,0.40300173
3,0.3492975
1,0.32823613
1,0.30251524
