detection_classes,detection_scores
72,0.9997427
73,0.9995592
64,0.98494
74,0.9761035
84,0.6610999
84,0.5656379
84,0.5551707
84,0.52069944
84,0.5029708
84,0.4955783
84,0.47871456
86,0.44252864
84,0.43059728
84,0.41404632
76,0.36884528
84,0.3597013
