detection_classes,detection_scores
3,0.982349
1,0.96298194
1,0.9155396
3,0.8830892
3,0.8198064
3,0.8177876
1,0.7430809
3,0.6419578
3,0.63170266
3,0.5655921
3,0.51165533
8,0.4358095
10,0.4263183
8,0.39426687
1,0.3642411
8,0.35451245
