detection_classes,detection_scores
1,0.9350662
38,0.72098964
38,0.664383
64,0.43208548
