detection_classes,detection_scores
17,0.99657935
1,0.9896221
32,0.7664071
32,0.68421286
