detection_classes,detection_scores
22,0.9997515
22,0.76287293
22,0.54131144
22,0.5159225
16,0.47074765
