detection_classes,detection_scores
1,0.9991763
84,0.86971515
20,0.4837677
15,0.32941213
20,0.31221718
