detection_classes,detection_scores
1,0.9898323
2,0.66570866
1,0.49396193
