detection_classes,detection_scores
52,0.8859619
52,0.86546904
52,0.6943333
52,0.658186
52,0.65445584
62,0.3769035
52,0.35340378
52,0.35123488
52,0.34989932
