detection_classes,detection_scores
76,0.7851773
74,0.6970361
85,0.6476112
41,0.617841
73,0.40008298
14,0.3641998
