detection_classes,detection_scores
4,0.9978532
1,0.9934876
4,0.9701329
1,0.96049523
4,0.9376536
4,0.9335435
4,0.73343855
4,0.64570546
4,0.49286902
1,0.4564209
1,0.41922927
2,0.4095341
4,0.3957991
33,0.37613454
4,0.30892503
4,0.30628163
