detection_classes,detection_scores
7,0.99976104
7,0.9967583
7,0.96951634
7,0.6442462
7,0.5741731
