detection_classes,detection_scores
1,0.8578136
1,0.752258
18,0.73752886
47,0.62363183
19,0.5119904
1,0.46371764
21,0.4089165
63,0.3923433
