detection_classes,detection_scores
73,0.99910754
73,0.99901116
73,0.9956156
73,0.9830232
72,0.9768391
73,0.873425
73,0.8293151
72,0.75602174
76,0.68061996
76,0.5778397
72,0.43335217
76,0.41410893
