detection_classes,detection_scores
72,0.99964714
72,0.9992077
76,0.9950734
74,0.9843462
44,0.8920735
51,0.52720964
