detection_classes,detection_scores
8,0.9528012
8,0.81791395
8,0.76851916
8,0.37887356
