detection_classes,detection_scores
5,0.9995572
5,0.9860422
5,0.9759557
5,0.46558273
