detection_classes,detection_scores
1,0.99898857
1,0.9959785
1,0.99056846
1,0.9709504
4,0.9615459
4,0.9252884
4,0.9012267
4,0.88736814
1,0.8691912
4,0.81492513
1,0.8093802
4,0.7750155
1,0.74722403
4,0.72156656
1,0.6267089
1,0.626204
4,0.58191466
1,0.54958206
1,0.47803506
41,0.45206538
27,0.42688295
1,0.42089722
1,0.3454783
1,0.30732822
