detection_classes,detection_scores
9,0.9897083
9,0.967025
9,0.95648634
9,0.8697258
1,0.8669584
9,0.8455822
1,0.8302221
1,0.82655805
1,0.7809816
1,0.7247993
1,0.7192832
1,0.5724192
1,0.46812016
1,0.36272034
42,0.34007317
