detection_classes,detection_scores
17,0.99957365
62,0.6748579
63,0.33046532
