detection_classes,detection_scores
3,0.9898213
3,0.95670485
3,0.9447937
3,0.85626054
10,0.82003
3,0.8111087
10,0.590551
3,0.55084574
3,0.45826057
10,0.39076334
10,0.35517216
