detection_classes,detection_scores
21,0.98169345
1,0.8592444
1,0.8507479
3,0.8437858
1,0.76686984
3,0.7652894
3,0.74268097
21,0.7406559
7,0.41149968
