detection_classes,detection_scores
1,0.9994505
6,0.82770175
3,0.8002736
1,0.79229057
1,0.7463838
1,0.67155427
1,0.59530234
1,0.49889
31,0.49365377
8,0.4623673
8,0.35685906
1,0.31388885
1,0.3076592
