detection_classes,detection_scores
1,0.9993298
28,0.98324263
28,0.32408386
