detection_classes,detection_scores
1,0.99405307
1,0.9832307
2,0.9745466
1,0.9546102
1,0.9168568
2,0.8890595
1,0.8536168
1,0.73659027
38,0.70342183
1,0.6540464
1,0.52003014
1,0.50698656
1,0.49995047
1,0.4919472
1,0.4837008
1,0.35778546
1,0.35158536
1,0.32397956
1,0.30560225
