detection_classes,detection_scores
22,0.99960345
22,0.8318634
64,0.40316522
