detection_classes,detection_scores
52,0.9991997
52,0.99891067
52,0.97782326
52,0.9767272
52,0.8461324
