detection_classes,detection_scores
1,0.9915297
1,0.8370604
1,0.66111714
