detection_classes,detection_scores
1,0.9992392
3,0.97527665
1,0.31058905
