detection_classes,detection_scores
72,0.99951446
74,0.99918264
74,0.9969318
73,0.9962876
76,0.9880668
72,0.9867181
76,0.97764015
76,0.52069163
72,0.4714098
76,0.3257242
