detection_classes,detection_scores
55,0.9944728
55,0.9916318
48,0.9010117
67,0.72880965
55,0.70025957
