detection_classes,detection_scores
4,0.99956733
1,0.99915874
4,0.88269854
3,0.8462445
4,0.8370881
4,0.6759325
85,0.4486589
