detection_classes,detection_scores
5,0.9985092
9,0.9921112
1,0.86059636
1,0.81636745
1,0.79711086
1,0.7580807
1,0.7472179
1,0.7397569
1,0.7341167
1,0.69606316
