detection_classes,detection_scores
1,0.9994055
1,0.9990915
2,0.96744823
2,0.8816564
27,0.48030725
27,0.445919
