detection_classes,detection_scores
7,0.99947935
7,0.6501451
67,0.35912967
