detection_classes,detection_scores
1,0.9411146
9,0.89424545
1,0.8897774
1,0.7436644
42,0.49451253
9,0.3086009
