detection_classes,detection_scores
11,0.7069492
49,0.58598167
31,0.43261674
27,0.30073702
