detection_classes,detection_scores
3,0.9948808
3,0.99163353
1,0.98432505
10,0.91634643
1,0.90813535
1,0.860636
8,0.82855016
3,0.40485013
3,0.33126754
