detection_classes,detection_scores
28,0.9972331
1,0.9955752
1,0.9817691
67,0.62906694
1,0.42129773
