detection_classes,detection_scores
75,0.99735427
75,0.99201125
75,0.9917231
75,0.97752315
75,0.83317894
