detection_classes,detection_scores
49,0.787603
28,0.63400716
32,0.4984662
84,0.46095645
86,0.32374156
