detection_classes,detection_scores
1,0.9302989
3,0.91067725
8,0.75166994
8,0.5062287
64,0.43541047
3,0.40904152
