detection_classes,detection_scores
1,0.99829704
75,0.9897139
1,0.97487664
1,0.95072705
1,0.36385372
65,0.35771564
75,0.35629776
49,0.3325279
