detection_classes,detection_scores
9,0.99516654
1,0.929676
1,0.9295079
