detection_classes,detection_scores
1,0.96676064
4,0.8667093
19,0.333353
