detection_classes,detection_scores
22,0.99997807
22,0.9311525
22,0.6572045
