detection_classes,detection_scores
76,0.99730945
74,0.9951957
1,0.9939393
73,0.9284125
73,0.61774325
49,0.536425
72,0.49410865
