detection_classes,detection_scores
1,0.99403536
55,0.9712052
1,0.51270956
64,0.43766007
