detection_classes,detection_scores
17,0.9982918
17,0.9962174
65,0.9721805
65,0.9170101
84,0.37257668
