detection_classes,detection_scores
28,0.99503785
1,0.99069756
1,0.989279
28,0.98691106
28,0.9635941
1,0.9602794
28,0.9256112
1,0.8930809
2,0.88066417
1,0.8767725
1,0.78605604
11,0.75952196
2,0.75847054
1,0.75448734
2,0.6851216
2,0.57666564
28,0.41598657
28,0.3800706
1,0.3432216
62,0.3106324
