detection_classes,detection_scores
1,0.9995881
4,0.7889393
2,0.51404303
