detection_classes,detection_scores
18,0.99858654
72,0.98816746
63,0.41084877
62,0.37615383
