detection_classes,detection_scores
75,0.93403816
18,0.7934491
17,0.626833
17,0.42742732
