detection_classes,detection_scores
1,0.99742174
1,0.98431706
1,0.96400815
31,0.4422993
42,0.31950742
