detection_classes,detection_scores
52,0.93101543
51,0.9121542
52,0.86364394
51,0.6600345
52,0.49527234
52,0.425625
52,0.32341123
