detection_classes,detection_scores
1,0.9887518
1,0.8366885
1,0.46153104
1,0.36429274
