detection_classes,detection_scores
1,0.98305273
1,0.96066487
1,0.95785284
4,0.9511409
1,0.9300343
4,0.9260089
1,0.918941
1,0.9108186
1,0.9038518
8,0.8834988
4,0.87135935
4,0.8476325
4,0.72458494
4,0.6765722
4,0.60885525
4,0.56686026
4,0.5098708
4,0.42230645
1,0.3357401
