detection_classes,detection_scores
1,0.96997917
1,0.8825558
15,0.8535053
62,0.8109587
73,0.37606245
15,0.31939265
