detection_classes,detection_scores
18,0.94153553
1,0.92112124
1,0.8565028
1,0.8288471
1,0.7974182
1,0.5867847
21,0.5856716
19,0.37695348
