detection_classes,detection_scores
1,0.9982461
4,0.9942919
1,0.9576583
