detection_classes,detection_scores
1,0.9904233
1,0.9722086
2,0.9064858
2,0.8117895
44,0.74728245
1,0.6694177
44,0.44685763
1,0.3137394
4,0.30490598
