detection_classes,detection_scores
76,0.9733148
72,0.9642709
76,0.9572317
74,0.9359532
74,0.87324446
74,0.7886919
62,0.59261686
72,0.45075667
62,0.44046083
75,0.42187852
72,0.39356163
76,0.38696897
78,0.35967705
