detection_classes,detection_scores
52,0.9969104
81,0.9734697
86,0.9500036
44,0.8705623
67,0.8376312
64,0.7418416
44,0.5710089
77,0.47551
72,0.34506398
