detection_classes,detection_scores
1,0.9998505
1,0.905092
1,0.88352215
1,0.82379085
1,0.80257535
21,0.7317195
1,0.6592891
1,0.6338943
1,0.5421923
1,0.5280011
21,0.5013304
1,0.47123697
1,0.4485105
1,0.39906606
1,0.38735676
19,0.37725016
1,0.3704961
1,0.35021818
1,0.33888513
1,0.33489108
1,0.32322487
