detection_classes,detection_scores
73,0.99919814
76,0.7244995
73,0.59524506
