detection_classes,detection_scores
4,0.99791175
1,0.9938882
4,0.9638427
1,0.87389874
1,0.82453793
1,0.7338733
1,0.68708634
1,0.6480324
1,0.52605253
62,0.4068479
