detection_classes,detection_scores
1,0.9994562
1,0.5428737
42,0.352714
