detection_classes,detection_scores
21,0.99640876
1,0.8466085
1,0.76020575
1,0.7019986
