detection_classes,detection_scores
7,0.9998654
1,0.9984609
3,0.96624506
33,0.58348495
1,0.44802904
7,0.37851474
8,0.36072668
8,0.30126038
