detection_classes,detection_scores
73,0.9990414
76,0.9672086
73,0.902078
72,0.6007166
73,0.5290058
84,0.33590612
67,0.31547144
73,0.31343117
