detection_classes,detection_scores
19,0.9995307
1,0.99071103
19,0.98483604
32,0.9453657
1,0.9255138
1,0.90179527
1,0.5875834
1,0.42290318
32,0.3448995
