detection_classes,detection_scores
76,0.98039484
76,0.97932976
76,0.9548114
87,0.4634099
