detection_classes,detection_scores
1,0.8856812
1,0.8782655
1,0.80970794
1,0.75371134
9,0.7429036
1,0.70116067
1,0.6978571
9,0.66181815
1,0.6369602
9,0.6323753
1,0.6232678
42,0.45931533
1,0.40331778
38,0.3978033
