detection_classes,detection_scores
17,0.9995565
17,0.99876285
17,0.9976109
84,0.57412666
84,0.56236136
84,0.49382892
62,0.4496715
