detection_classes,detection_scores
1,0.89432484
47,0.46903357
1,0.4574337
1,0.32859352
