detection_classes,detection_scores
17,0.9964011
1,0.9353386
1,0.68920755
1,0.54180145
82,0.30512518
