detection_classes,detection_scores
9,0.98584855
9,0.86008906
9,0.7224954
9,0.44677883
9,0.444509
9,0.35210264
