detection_classes,detection_scores
1,0.99823487
1,0.9974038
1,0.9952076
1,0.9947976
28,0.9586353
31,0.9350391
28,0.9284793
28,0.91198504
31,0.90534997
1,0.90472937
28,0.9028388
28,0.7887648
28,0.7725684
1,0.71154326
31,0.54606384
31,0.33011398
73,0.30113927
