detection_classes,detection_scores
1,0.97879446
3,0.8747837
8,0.84901917
3,0.7737523
