detection_classes,detection_scores
52,0.998314
52,0.99560505
52,0.99516547
52,0.8432332
52,0.81292045
52,0.6948337
52,0.66425097
53,0.58983713
53,0.4676053
53,0.34999263
