detection_classes,detection_scores
9,0.98954713
1,0.98008174
1,0.9784097
1,0.977424
1,0.9100347
1,0.90000343
1,0.82957476
1,0.54035014
1,0.5223657
9,0.51444316
1,0.49342808
10,0.47662586
1,0.4570236
1,0.4376686
1,0.39654335
1,0.3628094
10,0.3609295
1,0.35087427
1,0.34183583
1,0.3182251
