detection_classes,detection_scores
1,0.9991103
21,0.9951715
1,0.93967104
1,0.78094834
28,0.7304691
1,0.58148146
1,0.48491123
15,0.4132684
10,0.3626913
