detection_classes,detection_scores
73,0.9740426
72,0.8622546
76,0.72115225
76,0.5585249
