detection_classes,detection_scores
18,0.99410087
18,0.97792006
19,0.5097696
