detection_classes,detection_scores
1,0.7089339
1,0.6097429
21,0.5370734
42,0.33476946
19,0.33330125
