detection_classes,detection_scores
28,0.9885417
28,0.53870517
28,0.5004992
28,0.4062937
