detection_classes,detection_scores
7,0.99985564
7,0.6952175
1,0.44506684
64,0.32217863
