detection_classes,detection_scores
19,0.99958223
19,0.9988838
21,0.34776875
