detection_classes,detection_scores
1,0.993771
2,0.9740095
1,0.95780295
2,0.9493823
1,0.9175526
1,0.80282056
38,0.7218692
1,0.30517113
