detection_classes,detection_scores
1,0.95741624
52,0.9572543
52,0.5933925
1,0.39733386
