detection_classes,detection_scores
1,0.96826786
1,0.8925735
51,0.8326407
22,0.7508883
1,0.7318505
18,0.6829724
1,0.3387997
