detection_classes,detection_scores
4,0.97522753
4,0.9576661
4,0.75569457
4,0.71759367
4,0.6951075
4,0.62913823
1,0.61554384
4,0.42591554
4,0.34159523
4,0.30477667
