detection_classes,detection_scores
17,0.9997588
84,0.7990285
84,0.46951938
62,0.37737638
1,0.35465622
