detection_classes,detection_scores
21,0.99746466
21,0.9801122
21,0.905209
1,0.71024776
21,0.35673386
