detection_classes,detection_scores
1,0.99718434
1,0.9940502
1,0.98490506
76,0.9411955
75,0.52677053
67,0.4775058
73,0.40529686
