detection_classes,detection_scores
64,0.96796465
1,0.92151713
1,0.8339111
7,0.83178884
7,0.7603631
1,0.6323469
3,0.5431359
8,0.5383386
14,0.4585529
7,0.37447274
15,0.356274
6,0.3186353
2,0.3184294
