detection_classes,detection_scores
55,0.99481225
55,0.9614888
55,0.69796526
55,0.67118937
55,0.66385174
55,0.65978634
55,0.5792353
55,0.48761588
55,0.44747368
55,0.39007697
55,0.344461
55,0.32198521
55,0.3022019
