detection_classes,detection_scores
76,0.99858737
74,0.9959913
72,0.99450713
