detection_classes,detection_scores
1,0.99890375
1,0.9979367
2,0.82110023
2,0.3193087
