detection_classes,detection_scores
4,0.99923134
1,0.9707888
1,0.95647794
3,0.9154502
1,0.6836
1,0.52779645
3,0.50931364
1,0.40367252
3,0.339737
3,0.33034897
1,0.32033136
