detection_classes,detection_scores
5,0.9996049
8,0.8852428
5,0.6524339
