detection_classes,detection_scores
1,0.99936527
1,0.99920255
1,0.996558
1,0.96831405
1,0.9465613
1,0.92882
28,0.89889264
28,0.7783367
1,0.73034674
31,0.6696263
31,0.4594909
28,0.40614268
