detection_classes,detection_scores
3,0.99125797
3,0.9826362
3,0.9727079
3,0.93684036
1,0.9239142
1,0.86303085
1,0.8472464
1,0.82990503
1,0.79529035
1,0.78171194
1,0.72104913
1,0.716725
1,0.7159464
