detection_classes,detection_scores
21,0.9988996
21,0.9276311
21,0.49809352
