detection_classes,detection_scores
8,0.99916255
8,0.99788886
8,0.9374347
8,0.8593274
3,0.8253511
