detection_classes,detection_scores
1,0.68760794
41,0.5295319
41,0.34160653
