detection_classes,detection_scores
21,0.9963458
21,0.9730281
21,0.9110522
21,0.8912293
20,0.67543495
20,0.39319947
