detection_classes,detection_scores
16,0.973331
9,0.8771541
1,0.870487
16,0.4811194
42,0.4530122
1,0.35175228
1,0.30005857
