detection_classes,detection_scores
21,0.8056542
19,0.5005846
1,0.4997443
