detection_classes,detection_scores
1,0.9994042
9,0.43207508
9,0.33579072
