detection_classes,detection_scores
75,0.9590155
74,0.7551203
60,0.63876224
74,0.5757069
74,0.5160947
50,0.4323116
61,0.38338807
