detection_classes,detection_scores
5,0.9979219
1,0.9748098
8,0.96967465
8,0.9166051
1,0.80775833
15,0.6837344
8,0.44810408
