detection_classes,detection_scores
77,0.9904598
75,0.8930868
77,0.50364685
76,0.45656717
73,0.40263227
67,0.34768173
