detection_classes,detection_scores
19,0.9987618
19,0.39180797
21,0.363077
