detection_classes,detection_scores
3,0.99320847
3,0.9084423
3,0.855181
3,0.7292323
3,0.72616255
3,0.47829634
10,0.4552501
