detection_classes,detection_scores
4,0.9980817
1,0.99680823
1,0.97136295
