detection_classes,detection_scores
74,0.99895823
73,0.99880254
76,0.6602366
