detection_classes,detection_scores
75,0.9921056
75,0.79136765
75,0.6508131
