detection_classes,detection_scores
84,0.78577507
1,0.74112016
84,0.68997556
72,0.6638707
72,0.635722
1,0.6336357
75,0.56507343
72,0.48476526
1,0.47993383
73,0.46159065
84,0.37609258
72,0.34320804
1,0.3257357
