detection_classes,detection_scores
28,0.99912506
28,0.9943817
28,0.9266966
31,0.7970163
28,0.6726931
