detection_classes,detection_scores
1,0.9982527
18,0.9957754
15,0.9789803
1,0.9589249
15,0.65590394
15,0.5455689
15,0.4629946
44,0.32365632
44,0.30156985
