detection_classes,detection_scores
4,0.74865305
2,0.5431192
2,0.54252076
4,0.42382747
