detection_classes,detection_scores
1,0.99798524
15,0.9606346
15,0.9341994
15,0.8799646
