detection_classes,detection_scores
73,0.9987197
76,0.8751515
73,0.72814167
72,0.68230265
72,0.4739654
72,0.32881907
