detection_classes,detection_scores
21,0.714572
19,0.68426627
1,0.6643937
19,0.3873216
21,0.34851882
22,0.328388
