detection_classes,detection_scores
19,0.9997247
19,0.9935514
19,0.9775597
64,0.5667707
