detection_classes,detection_scores
8,0.99786454
8,0.9940739
8,0.93030566
7,0.48160374
