detection_classes,detection_scores
17,0.9992949
65,0.95715773
65,0.76881236
63,0.63461906
65,0.53636396
65,0.5244299
65,0.37448594
