detection_classes,detection_scores
22,0.999683
22,0.9953525
22,0.99130136
22,0.98845845
22,0.9822459
22,0.98192585
22,0.97413075
22,0.9693675
22,0.9488987
22,0.9019319
22,0.65632606
22,0.52885675
22,0.49675
22,0.48357454
22,0.43110526
22,0.36890912
