detection_classes,detection_scores
3,0.9942272
1,0.97038597
1,0.9488823
3,0.92557967
1,0.9054597
3,0.88949496
1,0.8146704
10,0.6048365
8,0.5657595
1,0.46519464
1,0.38216215
3,0.3372477
1,0.30452824
