detection_classes,detection_scores
17,0.9962435
84,0.69691414
84,0.6429164
84,0.6155365
67,0.6070068
84,0.5808039
84,0.5615355
84,0.32749406
