detection_classes,detection_scores
22,0.99531674
22,0.99227905
22,0.97555906
22,0.9530475
22,0.9506457
47,0.66226065
22,0.5170836
46,0.42420495
22,0.40653342
47,0.38866043
49,0.3052059
