detection_classes,detection_scores
53,0.97679555
1,0.9313957
55,0.90049565
52,0.8735106
1,0.60470057
55,0.57378036
31,0.3550022
