detection_classes,detection_scores
1,0.99867505
1,0.9970548
2,0.99622583
2,0.9959313
2,0.9908249
1,0.9813022
27,0.8840909
27,0.6771173
27,0.37848464
