detection_classes,detection_scores
1,0.998384
1,0.96993893
1,0.93528616
1,0.90671754
1,0.8854996
4,0.865686
1,0.8620563
1,0.7554644
39,0.52199304
1,0.5156864
2,0.30303842
