detection_classes,detection_scores
17,0.9994874
47,0.95820713
67,0.8547062
17,0.3756669
17,0.32168123
