detection_classes,detection_scores
52,0.9665745
52,0.9614976
55,0.770983
52,0.67943686
53,0.64465046
7,0.60507804
53,0.56892985
53,0.5466734
52,0.41307893
52,0.37530148
52,0.36156458
53,0.33774266
52,0.31000686
