detection_classes,detection_scores
17,0.99795294
17,0.97050065
84,0.3110021
