detection_classes,detection_scores
7,0.9995522
76,0.9350026
1,0.8749067
1,0.8488931
1,0.54211223
