detection_classes,detection_scores
4,0.9953967
1,0.9852588
1,0.8211684
1,0.7529225
1,0.7142
1,0.65892744
1,0.6561736
1,0.59272015
37,0.5816121
1,0.49270034
1,0.41642234
1,0.4067087
1,0.39491478
1,0.36929977
