detection_classes,detection_scores
19,0.9939169
8,0.71249664
3,0.4711572
5,0.40955424
1,0.343148
6,0.342838
