detection_classes,detection_scores
1,0.99540424
1,0.9135478
4,0.9070818
1,0.8775306
1,0.85570115
19,0.84925663
2,0.8445478
1,0.84354126
1,0.84091103
1,0.7851208
21,0.7502627
1,0.74450916
1,0.737519
3,0.7374319
1,0.70188946
1,0.68787664
8,0.68246776
1,0.6426176
19,0.6409687
1,0.61807024
1,0.5720808
3,0.5097356
3,0.44956198
1,0.44685805
1,0.4027616
1,0.37499842
3,0.31509003
