detection_classes,detection_scores
3,0.9948421
3,0.9946827
3,0.97692955
8,0.84287727
3,0.79470783
8,0.7616064
1,0.75433975
3,0.74155396
3,0.69270176
3,0.6374157
3,0.5531752
1,0.52335304
1,0.45333323
1,0.43534705
64,0.37666497
3,0.36825237
