detection_classes,detection_scores
4,0.9983442
4,0.8859736
1,0.46728966
