detection_classes,detection_scores
53,0.9970625
55,0.9948673
55,0.69300073
