detection_classes,detection_scores
1,0.9943106
28,0.9925211
32,0.97405744
28,0.37069207
