detection_classes,detection_scores
55,0.79442805
55,0.6619963
55,0.64225054
55,0.5459312
55,0.44787124
55,0.4462062
55,0.35786673
55,0.30239022
