detection_classes,detection_scores
17,0.99178505
63,0.6796606
63,0.52723867
65,0.47013277
