detection_classes,detection_scores
3,0.98244274
3,0.9807974
4,0.97058994
44,0.9675358
3,0.9575653
3,0.80674237
4,0.8061727
8,0.49051014
4,0.4904019
3,0.46148488
