detection_classes,detection_scores
5,0.9996718
3,0.86838347
3,0.43546954
3,0.36910984
3,0.333854
