detection_classes,detection_scores
7,0.99910885
7,0.9989672
7,0.9767333
7,0.71990454
3,0.45420748
7,0.3029981
