detection_classes,detection_scores
18,0.9903439
18,0.97482127
1,0.96850765
1,0.41104332
