detection_classes,detection_scores
7,0.9997459
1,0.96763915
7,0.90985084
7,0.46537572
