detection_classes,detection_scores
19,0.9987551
19,0.9873208
1,0.9831262
1,0.8278707
1,0.7448067
1,0.5660686
1,0.46688113
1,0.45850807
1,0.4313266
1,0.37854406
1,0.3619262
1,0.3107239
