detection_classes,detection_scores
55,0.9824737
62,0.7876746
64,0.7857631
47,0.5658407
62,0.40018007
64,0.38147044
72,0.31684506
