detection_classes,detection_scores
1,0.9360977
9,0.9277928
1,0.8950803
1,0.85927415
