detection_classes,detection_scores
75,0.9972899
75,0.9967488
75,0.995118
75,0.9880497
75,0.9835834
75,0.97981745
75,0.9771374
75,0.9762222
75,0.9320607
75,0.8943067
75,0.8149369
75,0.36819434
