detection_classes,detection_scores
52,0.9287667
52,0.91132015
52,0.9074908
52,0.71658295
52,0.68112427
52,0.59818125
52,0.5819644
52,0.5719118
52,0.50315034
52,0.47485372
52,0.45715535
52,0.45624068
52,0.4503021
52,0.42407843
52,0.39305684
52,0.37971997
52,0.32724258
52,0.32324642
