detection_classes,detection_scores
75,0.9998424
77,0.995726
75,0.992021
75,0.94183314
75,0.80584687
75,0.5307421
