detection_classes,detection_scores
3,0.98690885
3,0.9681494
3,0.81499624
10,0.81099284
3,0.7613132
13,0.6745022
8,0.62497705
3,0.49743137
3,0.4864762
3,0.42318085
3,0.38844445
1,0.38778836
