detection_classes,detection_scores
4,0.9804065
4,0.971316
4,0.96061325
4,0.955513
1,0.9478735
4,0.91660243
3,0.8578283
4,0.8516025
4,0.84899473
4,0.709428
4,0.63717514
4,0.6298001
4,0.5505322
1,0.53053695
4,0.5037654
1,0.35028195
4,0.30447102
