detection_classes,detection_scores
8,0.95852804
8,0.93608713
8,0.85315585
3,0.6129285
8,0.5694841
3,0.40540802
