detection_classes,detection_scores
1,0.9996032
15,0.85182506
15,0.68405855
