detection_classes,detection_scores
1,0.9994455
43,0.7156337
1,0.53880346
22,0.41016093
