detection_classes,detection_scores
1,0.99981445
73,0.99975795
72,0.97646296
1,0.55580515
72,0.4194614
