detection_classes,detection_scores
4,0.99699306
1,0.99669385
1,0.9931739
3,0.9903708
4,0.98568857
