detection_classes,detection_scores
21,0.99984217
21,0.9996654
9,0.83389527
9,0.48833415
21,0.48591217
9,0.37325743
