detection_classes,detection_scores
74,0.99176276
67,0.4283836
51,0.30003282
