detection_classes,detection_scores
52,0.9909251
52,0.71984035
52,0.5644068
52,0.5362337
52,0.5315982
52,0.32868862
52,0.31770056
