detection_classes,detection_scores
1,0.9994299
19,0.99716115
3,0.8430634
6,0.8312234
19,0.5610847
63,0.32128412
