detection_classes,detection_scores
1,0.9973736
2,0.9730829
41,0.58750564
1,0.38884544
1,0.37889686
