detection_classes,detection_scores
1,0.99912196
2,0.9762353
2,0.92466724
1,0.9139307
1,0.8631837
1,0.8492854
1,0.7339813
27,0.57197726
1,0.5233319
2,0.47055784
1,0.43800458
1,0.3004544
