detection_classes,detection_scores
76,0.9988869
76,0.9971675
72,0.99640614
72,0.990027
74,0.9528729
73,0.73480344
