detection_classes,detection_scores
50,0.63251764
74,0.60452056
67,0.5599454
74,0.4993163
73,0.44220778
50,0.4218233
75,0.32235175
