detection_classes,detection_scores
15,0.99943537
3,0.7771005
3,0.64914304
3,0.43583313
3,0.35974514
