detection_classes,detection_scores
1,0.9840052
4,0.9733792
33,0.95343214
3,0.9463284
3,0.61595434
4,0.5475583
1,0.53920966
3,0.52332777
33,0.48595777
