detection_classes,detection_scores
75,0.9426418
75,0.93783474
75,0.8971731
84,0.4041439
60,0.36588016
