detection_classes,detection_scores
3,0.9922766
3,0.98156905
3,0.8969149
8,0.64749503
