detection_classes,detection_scores
1,0.99257153
1,0.9749805
1,0.9693298
62,0.93565017
18,0.8348889
19,0.79668784
18,0.51836765
37,0.49940574
