detection_classes,detection_scores
1,0.9913025
21,0.9910534
21,0.9904456
21,0.84640837
1,0.84556913
21,0.6806406
20,0.5313221
21,0.48481235
21,0.47275752
1,0.33849815
21,0.3171925
