detection_classes,detection_scores
55,0.9886777
53,0.8189413
55,0.7033709
67,0.35915774
