detection_classes,detection_scores
17,0.99865794
72,0.97197455
51,0.8565379
47,0.7889408
64,0.753524
64,0.50783163
