detection_classes,detection_scores
28,0.9833688
28,0.96285564
28,0.93083173
62,0.91555184
1,0.75027984
7,0.73676586
62,0.6777755
62,0.5997136
64,0.5664076
1,0.54674125
28,0.44141808
31,0.38738832
64,0.35064626
