detection_classes,detection_scores
8,0.98761183
8,0.96753067
3,0.95514935
8,0.48669666
