detection_classes,detection_scores
8,0.99578345
8,0.9098694
8,0.61304563
8,0.3570303
