detection_classes,detection_scores
75,0.9893547
75,0.8345673
75,0.60901034
74,0.4682091
75,0.38918352
