detection_classes,detection_scores
19,0.9990945
1,0.96857274
1,0.9430389
1,0.56912273
1,0.4504198
19,0.4186293
19,0.39556605
19,0.36074093
1,0.32887286
