detection_classes,detection_scores
18,0.95815194
1,0.59451014
7,0.5793519
84,0.5034167
1,0.33116594
1,0.3119324
