detection_classes,detection_scores
75,0.95668215
84,0.47931638
84,0.46430013
44,0.31979024
84,0.31755114
44,0.30840027
82,0.30833933
