detection_classes,detection_scores
21,0.9996772
21,0.9985567
21,0.38750848
