detection_classes,detection_scores
5,0.99723345
3,0.90511966
3,0.8878587
3,0.8583075
9,0.8525517
3,0.81508994
3,0.79336244
3,0.69995916
3,0.59493273
8,0.49908307
3,0.4228662
3,0.40941128
3,0.38463682
3,0.37909177
3,0.35731456
6,0.3245925
3,0.30060822
