detection_classes,detection_scores
19,0.9997913
1,0.9950122
19,0.95176333
1,0.8678712
1,0.83149016
1,0.7813241
19,0.7574663
1,0.7445912
1,0.7169443
1,0.5976115
1,0.39511943
