detection_classes,detection_scores
74,0.99556124
1,0.99265325
73,0.98229295
62,0.94667935
67,0.8099791
62,0.56051904
73,0.3726852
