detection_classes,detection_scores
5,0.99967253
5,0.88028777
5,0.32106847
