detection_classes,detection_scores
8,0.970778
5,0.96449804
1,0.9408525
1,0.866616
3,0.7461444
8,0.7260296
8,0.65250915
7,0.5603665
8,0.4642401
8,0.40722314
1,0.40665764
6,0.36848238
8,0.3114097
1,0.31032956
