detection_classes,detection_scores
22,0.9996642
1,0.96965337
1,0.72488916
