detection_classes,detection_scores
5,0.9997131
6,0.84863806
6,0.805958
8,0.4300801
3,0.34452185
3,0.31772846
