detection_classes,detection_scores
55,0.97619516
55,0.9548228
55,0.845232
57,0.6379845
55,0.6225306
55,0.61252964
55,0.48568186
57,0.44861662
55,0.4476914
55,0.40343797
57,0.38954645
55,0.3614304
55,0.34912837
55,0.34772858
57,0.3349804
55,0.33335033
57,0.32787976
