detection_classes,detection_scores
1,0.9992405
21,0.97471356
22,0.88224393
19,0.6739438
21,0.34545717
22,0.32323667
