detection_classes,detection_scores
4,0.9946261
3,0.7634009
64,0.60066724
8,0.33614817
50,0.33202803
64,0.32911456
