detection_classes,detection_scores
17,0.99976474
65,0.9804734
17,0.96993756
1,0.9392841
65,0.5088738
62,0.46251088
