detection_classes,detection_scores
8,0.99419653
8,0.93574774
1,0.5019032
1,0.30164826
