detection_classes,detection_scores
76,0.99870634
74,0.9969236
72,0.9604523
1,0.67418694
44,0.6530209
90,0.6169042
1,0.51486015
44,0.4205825
67,0.4165948
77,0.38835046
74,0.34826735
73,0.34498766
