detection_classes,detection_scores
1,0.99808013
1,0.99741334
1,0.99556583
2,0.9790773
1,0.96931845
2,0.9667614
2,0.96618986
1,0.8955972
2,0.8672221
1,0.860799
1,0.7830172
1,0.7284404
1,0.7236739
