detection_classes,detection_scores
2,0.99764425
1,0.98695475
28,0.8911431
