detection_classes,detection_scores
75,0.99197173
75,0.8686866
34,0.51945835
