detection_classes,detection_scores
5,0.99989974
5,0.8710863
5,0.85913545
5,0.4460515
5,0.39826217
