detection_classes,detection_scores
55,0.9692497
52,0.90859926
51,0.50916725
67,0.3389941
