detection_classes,detection_scores
1,0.9877506
1,0.97801286
37,0.76237696
