detection_classes,detection_scores
22,0.99914753
22,0.80593944
22,0.3829754
