detection_classes,detection_scores
18,0.99849844
1,0.9964084
18,0.9805787
1,0.97021604
18,0.81614965
25,0.70288026
18,0.44668669
19,0.31947377
