detection_classes,detection_scores
3,0.9991153
3,0.9988374
3,0.9896689
3,0.97522813
8,0.77494645
64,0.7702138
64,0.7469497
1,0.7439463
3,0.6675803
1,0.57798654
8,0.34216
3,0.32983547
