detection_classes,detection_scores
55,0.99477154
55,0.7673568
55,0.7327588
