detection_classes,detection_scores
52,0.9895208
55,0.91358614
53,0.8848265
55,0.87434316
55,0.84137565
53,0.751896
55,0.72210443
53,0.61303705
53,0.5757865
53,0.5411289
55,0.48467755
53,0.46828294
52,0.46782777
53,0.38187507
53,0.31505284
53,0.31136468
