detection_classes,detection_scores
18,0.8831332
25,0.76709664
25,0.75212336
18,0.6614688
25,0.5354977
20,0.3450964
