detection_classes,detection_scores
5,0.99821424
38,0.71466255
10,0.60481673
10,0.5055243
10,0.47839928
