detection_classes,detection_scores
1,0.98389107
1,0.8327024
3,0.5047534
88,0.45360422
4,0.39865378
4,0.373523
3,0.35866973
16,0.3395582
