detection_classes,detection_scores
73,0.99875855
74,0.992124
1,0.98925346
72,0.82724756
76,0.7538106
