detection_classes,detection_scores
17,0.9976145
1,0.503651
1,0.40421695
1,0.37091762
1,0.3042586
