detection_classes,detection_scores
61,0.8701213
55,0.6612343
55,0.46006507
