detection_classes,detection_scores
18,0.99895227
18,0.9383357
18,0.80853266
18,0.7728314
28,0.61099434
1,0.4165442
63,0.4110767
63,0.33203006
