detection_classes,detection_scores
1,0.9998423
2,0.98620564
1,0.9151516
15,0.63526016
67,0.5795998
67,0.5729997
67,0.45211303
