detection_classes,detection_scores
21,0.9883739
19,0.6428105
1,0.54890966
20,0.38243464
