detection_classes,detection_scores
9,0.99928206
1,0.9453591
1,0.9346273
1,0.89885277
9,0.89484394
1,0.8221013
9,0.51321363
