detection_classes,detection_scores
17,0.9739508
18,0.8281525
17,0.73527527
55,0.45224166
17,0.4418983
