detection_classes,detection_scores
3,0.9892429
3,0.9555744
3,0.7067297
3,0.576824
3,0.3214245
3,0.31781283
