detection_classes,detection_scores
1,0.99927014
1,0.99854726
8,0.99197185
1,0.98404515
8,0.9737543
