detection_classes,detection_scores
1,0.9877609
88,0.58708423
72,0.31248608
