detection_classes,detection_scores
19,0.9997875
3,0.87527174
3,0.73218095
3,0.38764265
3,0.38081753
3,0.31577134
8,0.3123863
