detection_classes,detection_scores
1,0.9971468
1,0.99561644
9,0.96461886
1,0.86079085
3,0.41846037
9,0.35600743
1,0.32602036
