detection_classes,detection_scores
18,0.9994844
18,0.999385
18,0.5078127
