detection_classes,detection_scores
21,0.9998242
1,0.9955663
1,0.9902867
1,0.9642188
