detection_classes,detection_scores
1,0.999084
27,0.83416307
2,0.4091241
46,0.32377806
