detection_classes,detection_scores
72,0.9781994
74,0.78584445
72,0.5145403
84,0.46618214
84,0.4607701
84,0.3672226
84,0.31454867
