detection_classes,detection_scores
1,0.99482995
1,0.9841871
1,0.98224384
3,0.966729
3,0.9602272
3,0.95940614
4,0.9464844
1,0.93700254
1,0.92844653
3,0.92439264
1,0.8662508
1,0.849748
3,0.83658546
1,0.79360014
3,0.7221677
1,0.694962
3,0.6688716
1,0.58283126
3,0.5697519
1,0.5200471
1,0.4688123
8,0.45911872
3,0.4052597
3,0.3969854
3,0.383261
3,0.36412594
