detection_classes,detection_scores
76,0.9732046
84,0.8183348
81,0.6488256
74,0.5936172
70,0.5541758
84,0.5156251
84,0.44284716
84,0.38145941
90,0.35892552
