detection_classes,detection_scores
4,0.9053584
1,0.8563844
9,0.54862416
1,0.50396186
4,0.3824536
44,0.30431494
