detection_classes,detection_scores
1,0.9964154
4,0.9807796
1,0.9799299
1,0.9787909
1,0.9479638
4,0.911479
1,0.8646775
1,0.82437706
27,0.80772376
1,0.7082011
4,0.6428904
4,0.6303255
4,0.59440315
1,0.4761595
4,0.41216907
4,0.39911094
1,0.38137692
