detection_classes,detection_scores
1,0.9884653
53,0.9617107
55,0.9541604
55,0.93541825
53,0.7609869
1,0.7200021
55,0.619047
