detection_classes,detection_scores
22,0.9998103
22,0.40976658
22,0.30495045
