detection_classes,detection_scores
8,0.99949193
3,0.77258044
1,0.75528
3,0.63862175
3,0.45671684
8,0.30591214
