detection_classes,detection_scores
18,0.9988446
64,0.7163651
19,0.33122984
