detection_classes,detection_scores
15,0.98340917
15,0.8655847
15,0.8630671
2,0.42417854
62,0.380387
9,0.36291146
