detection_classes,detection_scores
1,0.99274504
1,0.9918651
1,0.9918207
1,0.9525022
1,0.8884779
9,0.8401068
1,0.7111065
9,0.66517323
9,0.63348126
1,0.49370125
42,0.3570461
