detection_classes,detection_scores
55,0.9967769
55,0.99355835
55,0.9629008
55,0.9495444
55,0.94659996
55,0.9192554
55,0.8792114
55,0.87682754
55,0.6793876
55,0.60510886
55,0.41652378
57,0.38832048
55,0.34325117
