detection_classes,detection_scores
2,0.99391115
1,0.98595434
43,0.85096884
2,0.81163466
2,0.6169266
2,0.33159098
