detection_classes,detection_scores
1,0.99918264
1,0.9968321
1,0.9952426
56,0.6654917
84,0.371186
1,0.3122232
