detection_classes,detection_scores
15,0.997152
15,0.96305126
15,0.6048795
7,0.30105457
