detection_classes,detection_scores
4,0.9980263
4,0.95935184
3,0.9378474
4,0.93652195
4,0.9241367
4,0.91156447
4,0.90821165
4,0.89983296
4,0.8772004
4,0.84599054
4,0.842321
1,0.62416726
4,0.61985856
4,0.59784645
4,0.48867103
3,0.37917498
4,0.36197358
1,0.3571327
4,0.33700436
