detection_classes,detection_scores
1,0.99922466
21,0.97748727
47,0.8490547
41,0.6983956
51,0.6832186
8,0.49845287
15,0.4074169
3,0.30924138
