detection_classes,detection_scores
55,0.9799612
55,0.9757751
55,0.9613518
55,0.9308275
55,0.91872454
55,0.9121282
55,0.78347534
55,0.7801307
55,0.6634291
55,0.5919315
55,0.57914144
55,0.51001704
