detection_classes,detection_scores
55,0.9997435
55,0.9932649
55,0.9904661
55,0.88393915
55,0.85824907
55,0.7097642
55,0.67406166
55,0.60536593
55,0.47265372
52,0.3728793
