detection_classes,detection_scores
3,0.99802077
3,0.9978048
3,0.95688444
3,0.9565413
3,0.9019219
3,0.81853175
3,0.76370597
3,0.75542885
1,0.72063094
1,0.5727774
3,0.48608062
3,0.45540464
10,0.45535338
1,0.37943393
3,0.3703045
3,0.3138322
