detection_classes,detection_scores
1,0.98533094
1,0.8081033
1,0.6564889
1,0.4513541
38,0.44190526
19,0.3878514
