detection_classes,detection_scores
52,0.9280675
52,0.88398564
55,0.83077157
67,0.52939016
51,0.50126874
52,0.44739294
52,0.4102323
62,0.40499738
52,0.3152792
52,0.30664843
