detection_classes,detection_scores
1,0.99851865
1,0.99760795
1,0.9974074
1,0.9964001
1,0.9962921
2,0.97570837
1,0.92846704
2,0.7856169
27,0.7116742
27,0.67850286
27,0.52514815
41,0.32064527
