detection_classes,detection_scores
22,0.99995124
22,0.9999229
22,0.6461774
