detection_classes,detection_scores
1,0.9997719
2,0.99098235
27,0.92004704
27,0.7632128
22,0.4692223
