detection_classes,detection_scores
55,0.99355423
55,0.9879148
55,0.9805006
55,0.9727473
55,0.5973699
55,0.5559071
55,0.35850057
