detection_classes,detection_scores
1,0.9986028
4,0.9289974
1,0.82135946
4,0.76479614
4,0.7018508
1,0.59373194
2,0.42644638
2,0.38908377
1,0.34715804
