detection_classes,detection_scores
9,0.98606086
1,0.8155175
1,0.745281
1,0.72002125
9,0.6331701
1,0.51349175
9,0.42922303
