detection_classes,detection_scores
1,0.99843997
1,0.9981346
1,0.99065745
1,0.9848024
1,0.9778398
52,0.8169761
52,0.7909796
52,0.75449497
1,0.7172724
52,0.709353
9,0.67186815
52,0.6672397
52,0.61704504
52,0.5987943
52,0.54344296
52,0.49199483
52,0.4743981
1,0.45555416
1,0.41781378
