detection_classes,detection_scores
21,0.993958
34,0.7282681
34,0.675437
