detection_classes,detection_scores
22,0.9975412
22,0.99709046
22,0.99349654
22,0.9932833
22,0.9913539
22,0.98992234
22,0.983606
22,0.9640496
22,0.4471996
22,0.4419131
22,0.38366517
