detection_classes,detection_scores
18,0.9723336
17,0.5713957
65,0.50310594
63,0.4424393
