detection_classes,detection_scores
22,0.99987185
31,0.6761358
1,0.56538665
22,0.3261911
