detection_classes,detection_scores
1,0.99409926
2,0.93109083
1,0.80022377
2,0.7581048
2,0.4120479
1,0.36787397
2,0.32317862
