detection_classes,detection_scores
52,0.9925383
55,0.7976486
55,0.5097679
52,0.34604758
52,0.34024596
