detection_classes,detection_scores
52,0.9976636
55,0.9762393
53,0.9626755
53,0.7501096
67,0.6165973
67,0.5708927
63,0.42079878
