detection_classes,detection_scores
7,0.99967015
1,0.89638984
1,0.78234255
