detection_classes,detection_scores
4,0.9976584
4,0.9739769
4,0.9666766
4,0.7269444
4,0.68872947
1,0.51932925
