detection_classes,detection_scores
75,0.8376115
65,0.4634293
76,0.34489796
