detection_classes,detection_scores
15,0.99917245
15,0.99764377
15,0.6563305
62,0.5314324
63,0.32208592
