detection_classes,detection_scores
7,0.999931
1,0.86842185
1,0.7676024
1,0.6914902
1,0.38056377
1,0.36086974
1,0.33262524
