detection_classes,detection_scores
77,0.99614346
72,0.9945985
76,0.99350375
74,0.96661747
75,0.9587321
47,0.9578745
74,0.91151917
