detection_classes,detection_scores
9,0.98320585
1,0.97604173
1,0.37593743
