detection_classes,detection_scores
7,0.99979204
64,0.941362
47,0.38347477
64,0.35085368
