detection_classes,detection_scores
1,0.9991916
18,0.98350257
18,0.6685624
25,0.49191606
