detection_classes,detection_scores
1,0.99931204
1,0.99693215
1,0.9701788
1,0.95963985
1,0.91263413
1,0.8562201
1,0.8309331
1,0.7632415
4,0.6869278
4,0.5564416
1,0.5045195
2,0.48458716
1,0.37880576
1,0.35271573
