detection_classes,detection_scores
55,0.96224505
62,0.7591492
67,0.661381
67,0.5303535
