detection_classes,detection_scores
75,0.99933404
75,0.9980964
75,0.9973363
75,0.9957995
75,0.9935876
75,0.9529723
75,0.9438972
75,0.8077607
75,0.63512325
75,0.4265061
67,0.3941747
77,0.32342884
