detection_classes,detection_scores
73,0.9931271
76,0.99201363
73,0.9718827
72,0.96453774
76,0.95978993
76,0.9536821
76,0.9207504
73,0.9192419
76,0.8819403
76,0.870784
76,0.72581553
78,0.67188334
74,0.6037876
73,0.525485
76,0.45462394
73,0.38890374
87,0.34691843
73,0.31731725
