detection_classes,detection_scores
1,0.9760743
22,0.719219
1,0.44602424
1,0.4237763
