detection_classes,detection_scores
17,0.997988
17,0.64003533
65,0.5132591
65,0.3769978
