detection_classes,detection_scores
1,0.9870564
76,0.9442548
74,0.87897915
77,0.8306875
79,0.7311776
76,0.6357883
76,0.41646814
75,0.40872923
