detection_classes,detection_scores
55,0.9978661
55,0.9865448
55,0.9735971
