detection_classes,detection_scores
52,0.99171937
52,0.99105656
52,0.9071578
52,0.86655897
52,0.8544574
52,0.4711733
