detection_classes,detection_scores
8,0.9380681
6,0.5169833
7,0.49730375
3,0.33040303
