detection_classes,detection_scores
73,0.99820256
74,0.9977422
62,0.99532276
77,0.738011
76,0.42455834
67,0.4123845
81,0.30463865
