detection_classes,detection_scores
1,0.97507155
10,0.5613368
11,0.46506447
74,0.3875633
