detection_classes,detection_scores
15,0.99947315
3,0.91543204
28,0.71024925
