detection_classes,detection_scores
3,0.98891544
3,0.98268014
3,0.9264892
1,0.7176426
1,0.57565504
3,0.35660234
