detection_classes,detection_scores
74,0.91628647
67,0.61712635
65,0.48241192
80,0.32009178
