detection_classes,detection_scores
9,0.98588437
1,0.8062086
1,0.60264474
1,0.3309761
