detection_classes,detection_scores
17,0.99852175
65,0.9317703
72,0.7279058
