detection_classes,detection_scores
8,0.99124813
8,0.93555
72,0.3593559
