detection_classes,detection_scores
19,0.99987817
1,0.8666481
1,0.44952825
1,0.36644903
1,0.32453924
1,0.32167208
