detection_classes,detection_scores
52,0.9718872
52,0.94236785
52,0.91924834
52,0.75554174
52,0.74013335
52,0.7161027
52,0.6931723
52,0.6240393
52,0.59364414
52,0.5813989
52,0.51110345
52,0.42014244
52,0.39155278
52,0.36456922
52,0.36047578
52,0.35095188
57,0.3248857
52,0.31481504
