detection_classes,detection_scores
5,0.9987054
1,0.9757213
1,0.96828175
1,0.95811594
1,0.8242676
31,0.489785
