detection_classes,detection_scores
21,0.99005884
19,0.88631225
20,0.4790868
21,0.4060097
