detection_classes,detection_scores
4,0.9919665
1,0.9911214
4,0.983294
4,0.96432567
4,0.7436328
62,0.723068
4,0.32879084
