detection_classes,detection_scores
84,0.994651
1,0.9411335
67,0.7485457
75,0.7239068
1,0.66977173
65,0.6665459
63,0.52066815
