detection_classes,detection_scores
52,0.9571193
67,0.89980495
52,0.7774072
47,0.7471504
47,0.6810587
49,0.65776
56,0.6149642
51,0.4686867
67,0.41752914
53,0.3403391
