detection_classes,detection_scores
3,0.93896025
3,0.90167403
3,0.88478196
3,0.75224835
