detection_classes,detection_scores
9,0.9979842
1,0.7603819
1,0.7559117
1,0.50836444
28,0.47869825
18,0.46640834
1,0.45564774
1,0.39726952
1,0.30788878
