detection_classes,detection_scores
15,0.9784453
15,0.7240121
62,0.42180267
