detection_classes,detection_scores
19,0.9998797
1,0.9990427
25,0.36467564
