detection_classes,detection_scores
73,0.99948657
65,0.98924375
88,0.87127584
84,0.7002494
31,0.4891239
84,0.46194953
76,0.41770485
