detection_classes,detection_scores
1,0.99854976
1,0.99479276
2,0.96212375
2,0.80459595
2,0.48931736
