detection_classes,detection_scores
1,0.99979657
2,0.99291855
1,0.97588104
1,0.95937365
1,0.9536321
1,0.9134287
1,0.8769367
1,0.8097346
1,0.7585926
1,0.61565393
1,0.5426664
3,0.47972065
1,0.46079433
1,0.3871407
1,0.34254864
1,0.33584595
