detection_classes,detection_scores
1,0.9984043
2,0.94188976
2,0.3264486
