detection_classes,detection_scores
18,0.9620427
65,0.8668157
65,0.8508645
63,0.63945144
63,0.47557744
63,0.4674509
65,0.33864647
18,0.30918777
