detection_classes,detection_scores
52,0.8243333
52,0.7891634
52,0.74894327
52,0.7452054
52,0.7446252
52,0.6425091
52,0.61860603
52,0.6047161
52,0.5997546
50,0.46455756
52,0.42829874
52,0.4222705
52,0.372096
52,0.33636346
52,0.31849238
52,0.31639883
52,0.30571532
