detection_classes,detection_scores
19,0.9997727
1,0.993885
1,0.842728
1,0.61853945
1,0.5281038
1,0.35916504
