detection_classes,detection_scores
52,0.9676702
53,0.90887755
52,0.89921224
53,0.87557966
52,0.86965096
53,0.8581737
53,0.777703
53,0.7145179
55,0.5042206
53,0.4829525
52,0.421736
53,0.38421986
53,0.33502716
52,0.3050298
