detection_classes,detection_scores
44,0.9896612
52,0.98320353
52,0.97207594
52,0.9709536
52,0.9264058
52,0.8970154
52,0.80574286
52,0.774887
52,0.7163972
52,0.59489566
52,0.5234449
52,0.4770632
52,0.38634753
52,0.33784828
