detection_classes,detection_scores
76,0.99072474
73,0.98654395
47,0.34672037
