detection_classes,detection_scores
7,0.9997323
7,0.99598795
7,0.9625086
1,0.59894925
6,0.5749106
1,0.32325083
