detection_classes,detection_scores
75,0.99861896
75,0.98004717
75,0.9784678
75,0.9766043
75,0.9209239
75,0.90114605
75,0.8358653
84,0.6123025
75,0.5930445
84,0.5514559
67,0.5047014
75,0.43057424
76,0.3906452
84,0.3722854
77,0.36606663
67,0.32461864
