detection_classes,detection_scores
1,0.97181714
1,0.9375992
4,0.88873225
1,0.799142
1,0.76646453
4,0.7323714
1,0.7136537
1,0.6858538
1,0.68148065
1,0.6718538
1,0.5380179
1,0.51341945
1,0.4702163
1,0.4608219
1,0.45996118
1,0.45465884
1,0.4405362
4,0.39543644
1,0.35693252
1,0.35377333
1,0.33478966
1,0.33437976
1,0.31885636
