detection_classes,detection_scores
1,0.9290631
1,0.5951457
4,0.37085232
11,0.329232
