detection_classes,detection_scores
52,0.88492095
52,0.8681525
52,0.8584596
52,0.77943987
52,0.6852794
52,0.68414754
52,0.62796694
52,0.6036073
52,0.59684306
52,0.5717148
52,0.5451953
52,0.54445
52,0.49740946
52,0.4781641
52,0.46769923
52,0.4251784
52,0.40257525
52,0.39412683
52,0.33191103
52,0.32543433
52,0.31765178
52,0.30806193
