detection_classes,detection_scores
1,0.6504883
22,0.58198893
19,0.557814
1,0.32154417
