detection_classes,detection_scores
55,0.8181041
54,0.7353511
48,0.56908566
61,0.3613974
55,0.31070268
