detection_classes,detection_scores
73,0.99819547
76,0.98832756
76,0.979599
74,0.8373931
62,0.6092674
73,0.30105454
