detection_classes,detection_scores
9,0.9988576
9,0.99871564
1,0.98321575
1,0.98014843
9,0.86043376
1,0.85258305
42,0.75628024
42,0.5274519
9,0.34838817
