detection_classes,detection_scores
7,0.9960951
7,0.8053672
1,0.43944663
8,0.30371046
