detection_classes,detection_scores
22,0.9787506
19,0.7982426
21,0.37536055
