detection_classes,detection_scores
75,0.9946068
75,0.99019694
85,0.72613966
75,0.659496
75,0.5297633
75,0.46197832
84,0.46174073
74,0.3309
