detection_classes,detection_scores
28,0.9948302
28,0.99229383
27,0.57452685
28,0.43229836
28,0.32992387
