detection_classes,detection_scores
73,0.9898183
72,0.8919481
76,0.8254317
73,0.66464937
