detection_classes,detection_scores
21,0.9996069
21,0.9993587
21,0.99575895
21,0.8165779
21,0.4030526
