detection_classes,detection_scores
1,0.9950912
18,0.8681492
31,0.6761624
