detection_classes,detection_scores
73,0.99778783
72,0.9108691
76,0.8411187
61,0.44677186
