detection_classes,detection_scores
28,0.92949057
38,0.8940827
38,0.81260306
38,0.8090987
38,0.6004146
28,0.57430613
28,0.30957153
28,0.3075472
