detection_classes,detection_scores
9,0.9378979
1,0.8315955
1,0.80408794
1,0.79704183
