detection_classes,detection_scores
76,0.9092761
74,0.8971287
76,0.82660055
76,0.7414373
76,0.73322475
75,0.6868828
76,0.65578705
75,0.65501845
74,0.5759277
76,0.4371933
75,0.38671777
74,0.33101234
