detection_classes,detection_scores
1,0.99950933
28,0.99895203
1,0.94955456
31,0.903406
31,0.89413136
1,0.84249693
28,0.755546
1,0.71276206
1,0.66325533
1,0.6443696
1,0.5865487
1,0.55130756
1,0.50694454
28,0.40995663
