detection_classes,detection_scores
1,0.94873667
1,0.8640604
15,0.8488213
62,0.8442741
1,0.83157396
1,0.6954138
62,0.60431165
62,0.54741406
1,0.4215366
