detection_classes,detection_scores
1,0.9998938
2,0.9689437
43,0.35226843
