detection_classes,detection_scores
9,0.97157985
1,0.91465724
1,0.70608634
1,0.6044095
1,0.56325257
1,0.5292426
1,0.4850393
