detection_classes,detection_scores
52,0.99716264
52,0.92911464
52,0.7366153
52,0.7175589
52,0.64226264
52,0.62795347
52,0.47802213
52,0.39136893
52,0.37722877
