detection_classes,detection_scores
22,0.99993014
22,0.9997389
22,0.79840803
22,0.7502143
22,0.6853932
22,0.36774233
