detection_classes,detection_scores
1,0.9756099
9,0.97510046
4,0.7338992
