detection_classes,detection_scores
73,0.9977684
62,0.6228799
62,0.38467172
3,0.33740604
