detection_classes,detection_scores
8,0.99560577
8,0.9141289
8,0.6284114
