detection_classes,detection_scores
3,0.9107815
3,0.9104514
8,0.90164226
1,0.6766458
1,0.62001574
3,0.60057694
1,0.536314
1,0.48783147
3,0.41117543
3,0.3553783
6,0.3491074
8,0.33736315
6,0.32859072
