detection_classes,detection_scores
28,0.9995165
1,0.9954259
1,0.9891149
44,0.9349273
