detection_classes,detection_scores
1,0.9988777
1,0.9966633
73,0.9902271
1,0.9883681
73,0.9364985
1,0.9057133
73,0.61610126
62,0.5242622
62,0.50277513
73,0.48490307
84,0.32754198
