detection_classes,detection_scores
75,0.992668
67,0.57571346
74,0.34299332
