detection_classes,detection_scores
22,0.9997359
22,0.7815861
1,0.59772056
