detection_classes,detection_scores
74,0.9918846
47,0.40729523
74,0.38877985
