detection_classes,detection_scores
1,0.9939037
3,0.9887439
3,0.98709095
28,0.9463032
