detection_classes,detection_scores
1,0.99801433
1,0.62017035
87,0.5505404
1,0.46384466
