detection_classes,detection_scores
3,0.99259573
1,0.9187875
1,0.7913883
3,0.65294874
1,0.5514875
