detection_classes,detection_scores
9,0.97913927
1,0.8910772
1,0.885887
9,0.74294657
1,0.6869279
1,0.37129378
