detection_classes,detection_scores
1,0.9996093
1,0.980609
15,0.32479402
