detection_classes,detection_scores
74,0.9998505
77,0.6630906
75,0.32340452
