detection_classes,detection_scores
7,0.9999485
1,0.9836759
1,0.9288778
10,0.7155989
31,0.37050456
27,0.30330506
