detection_classes,detection_scores
55,0.9800883
55,0.89684564
55,0.86757207
55,0.8379928
55,0.7788106
55,0.70079887
55,0.6992799
55,0.63360083
55,0.62523484
55,0.6174978
55,0.5652009
55,0.5643813
55,0.53485227
55,0.5228331
55,0.5213597
55,0.5084573
55,0.49552634
55,0.47683492
55,0.43703017
55,0.399395
55,0.36782274
55,0.327735
55,0.3169152
55,0.30836213
