detection_classes,detection_scores
3,0.9882763
1,0.94139165
3,0.8790164
1,0.7511246
1,0.746314
1,0.5016994
