detection_classes,detection_scores
73,0.994451
76,0.69429487
73,0.5083658
72,0.47150856
