detection_classes,detection_scores
73,0.9939803
76,0.54970425
72,0.51426965
