detection_classes,detection_scores
3,0.9350579
8,0.7766161
3,0.7717642
3,0.6938009
1,0.6026426
3,0.59293693
3,0.31460243
8,0.3034868
