detection_classes,detection_scores
18,0.9869811
1,0.98651266
1,0.85612166
19,0.7327909
19,0.65698636
21,0.4090421
1,0.39198014
21,0.3541828
