detection_classes,detection_scores
18,0.9984799
18,0.9046304
65,0.8913371
27,0.70863026
65,0.6065368
27,0.54000735
27,0.45871878
1,0.36596605
