detection_classes,detection_scores
7,0.9907865
1,0.99045545
1,0.84840757
16,0.3865221
1,0.35303444
6,0.34718987
