detection_classes,detection_scores
52,0.97630423
53,0.94799286
53,0.7422298
67,0.5465618
