detection_classes,detection_scores
2,0.8761182
2,0.58788365
49,0.42404568
87,0.35728946
