detection_classes,detection_scores
4,0.99724364
4,0.9914289
1,0.982704
4,0.98084545
4,0.884966
1,0.8657857
1,0.67567044
1,0.5315894
