detection_classes,detection_scores
8,0.97018707
8,0.8781555
8,0.7041133
8,0.60232264
8,0.45841143
5,0.37791345
