detection_classes,detection_scores
63,0.92141134
3,0.8262316
75,0.37020558
