detection_classes,detection_scores
17,0.97077876
17,0.9578475
17,0.59828174
