detection_classes,detection_scores
7,0.9998287
1,0.948071
1,0.85521185
1,0.74573934
1,0.6586465
1,0.63051385
3,0.51574886
1,0.504969
1,0.42697248
1,0.37519467
