detection_classes,detection_scores
55,0.9041961
51,0.90124476
53,0.8911821
52,0.8491283
53,0.81981003
55,0.8055607
55,0.80225235
51,0.7816823
55,0.7717251
55,0.74642277
55,0.717888
53,0.7097432
67,0.60918885
55,0.5771029
55,0.5540125
53,0.5512028
53,0.5423261
53,0.5048848
51,0.5030405
52,0.48533168
53,0.4347041
53,0.42758587
55,0.42323205
55,0.4085059
55,0.31828344
53,0.31198522
52,0.3107297
