detection_classes,detection_scores
1,0.99974245
21,0.96019804
1,0.9415272
1,0.88061804
1,0.7946537
19,0.73177993
1,0.7115046
1,0.63776094
1,0.5059231
1,0.47784337
1,0.47259632
1,0.42273906
1,0.42110348
1,0.355528
1,0.34343916
1,0.33372885
1,0.30437526
