detection_classes,detection_scores
9,0.99383545
1,0.9042537
1,0.7955524
1,0.7133099
1,0.64302254
9,0.4752493
1,0.39175096
