detection_classes,detection_scores
1,0.9903763
2,0.98567814
2,0.831116
64,0.5977459
1,0.4165361
