detection_classes,detection_scores
75,0.9949196
75,0.9900255
75,0.97840893
75,0.6569786
