detection_classes,detection_scores
74,0.9996562
17,0.9963117
76,0.9798093
62,0.900345
1,0.61128163
62,0.41932678
