detection_classes,detection_scores
7,0.99984026
7,0.9587662
7,0.58891785
