detection_classes,detection_scores
7,0.9988782
7,0.9199853
7,0.91887176
7,0.67071384
10,0.6418193
1,0.47450578
