detection_classes,detection_scores
1,0.9980117
1,0.9720996
3,0.8895291
1,0.80397224
3,0.63422775
1,0.55901396
3,0.49486092
8,0.43294358
8,0.4200208
1,0.4112173
1,0.3341903
3,0.32594585
