detection_classes,detection_scores
1,0.9980354
1,0.99707055
9,0.9925056
9,0.92658156
38,0.45185483
9,0.43228593
