detection_classes,detection_scores
52,0.986388
52,0.93671155
52,0.93461615
52,0.9249559
52,0.90438026
52,0.8970789
52,0.6735034
52,0.6387067
52,0.62993616
52,0.49164996
52,0.42638835
