detection_classes,detection_scores
55,0.996799
73,0.9888508
73,0.79135925
72,0.5343953
76,0.49646533
39,0.38656238
90,0.33143002
