detection_classes,detection_scores
1,0.9929432
1,0.9876651
1,0.98291934
1,0.9556033
1,0.90338176
1,0.79915005
1,0.7788464
52,0.62851334
52,0.58939755
52,0.44999003
52,0.30246595
