detection_classes,detection_scores
75,0.5665896
79,0.49156535
77,0.38050348
79,0.35470417
