detection_classes,detection_scores
19,0.99964666
1,0.99781406
39,0.97382486
39,0.81886137
