detection_classes,detection_scores
1,0.9974037
8,0.987425
21,0.978292
1,0.88397133
1,0.869966
44,0.82439995
31,0.77891546
33,0.66030186
2,0.3519095
28,0.33196548
2,0.30356717
