detection_classes,detection_scores
28,0.99255294
7,0.99208814
8,0.9872177
8,0.9473161
28,0.3201749
