detection_classes,detection_scores
55,0.9958687
67,0.80988246
74,0.51069367
50,0.48734546
