detection_classes,detection_scores
1,0.9980142
28,0.9453723
64,0.5740337
