detection_classes,detection_scores
18,0.99758685
74,0.99068165
65,0.7942556
63,0.36000517
