detection_classes,detection_scores
21,0.9920133
16,0.5207678
19,0.46956253
