detection_classes,detection_scores
19,0.99998045
1,0.9990637
8,0.7283149
3,0.46260267
19,0.32527336
