detection_classes,detection_scores
8,0.98550063
85,0.61978215
8,0.50554067
