detection_classes,detection_scores
17,0.97142833
28,0.95886254
17,0.8926663
28,0.74923974
17,0.65202254
20,0.48402292
64,0.46891388
17,0.3599774
20,0.3264973
64,0.31217456
86,0.30148777
