detection_classes,detection_scores
1,0.9925741
9,0.8835313
9,0.8314288
9,0.62563133
42,0.38512182
