detection_classes,detection_scores
17,0.9558831
63,0.7128219
1,0.6444343
63,0.6056932
1,0.43272915
62,0.3206859
63,0.31339234
63,0.31002805
