detection_classes,detection_scores
1,0.9981427
1,0.99800307
1,0.99742585
1,0.9942502
1,0.98301864
1,0.95000654
1,0.9266741
28,0.91915095
28,0.9037504
28,0.7603798
1,0.6941175
3,0.67579687
1,0.62408584
27,0.46324137
31,0.3026819
