detection_classes,detection_scores
3,0.9528874
72,0.40129673
73,0.31873164
8,0.30342105
