detection_classes,detection_scores
17,0.9846235
77,0.8945227
77,0.77017295
84,0.54010576
77,0.51526046
