detection_classes,detection_scores
76,0.9908213
74,0.98311365
90,0.6953039
76,0.3929568
67,0.35539678
