detection_classes,detection_scores
52,0.9992655
44,0.8958588
84,0.64186263
