detection_classes,detection_scores
1,0.9543354
3,0.81754375
10,0.77594113
8,0.76277655
10,0.6524362
1,0.35621876
