detection_classes,detection_scores
1,0.99854386
9,0.9876825
1,0.98515654
1,0.9207765
9,0.7148044
1,0.6381994
42,0.48900455
1,0.45842594
1,0.3299913
1,0.32178435
1,0.3040397
1,0.30276197
