detection_classes,detection_scores
3,0.9733085
3,0.624319
3,0.59854704
14,0.31400785
