detection_classes,detection_scores
4,0.9983309
85,0.99401337
46,0.5473007
62,0.33660707
