detection_classes,detection_scores
52,0.9431273
67,0.859329
52,0.8574641
53,0.64795977
51,0.5570208
61,0.4934404
67,0.43489635
