detection_classes,detection_scores
75,0.9933469
75,0.99214315
75,0.97884583
47,0.97212315
75,0.95204514
75,0.87734365
75,0.8376513
75,0.7879619
75,0.67804974
77,0.59405494
44,0.5436518
75,0.45146453
44,0.36898714
