detection_classes,detection_scores
1,0.9989477
73,0.9694717
1,0.9026551
72,0.6013649
1,0.3220342
