detection_classes,detection_scores
1,0.9551919
27,0.48021764
27,0.47540715
