detection_classes,detection_scores
55,0.99468994
1,0.97811687
55,0.86504984
60,0.76517504
55,0.6685059
55,0.5952138
1,0.5585597
55,0.5461315
55,0.541072
55,0.539619
55,0.5139896
55,0.4774638
55,0.4499394
55,0.41987866
51,0.41744083
55,0.40780383
55,0.39681208
55,0.3479182
55,0.3434205
55,0.3409057
55,0.30672905
