detection_classes,detection_scores
5,0.9985039
8,0.9799407
5,0.93381035
13,0.7417904
5,0.7339657
5,0.50017565
5,0.3662694
3,0.3401786
3,0.31029207
