detection_classes,detection_scores
1,0.9988733
21,0.9953799
1,0.99279433
1,0.977371
21,0.8432419
1,0.7436408
1,0.5945089
1,0.48829648
1,0.44293347
19,0.37902296
