detection_classes,detection_scores
1,0.99622464
1,0.993915
1,0.9446092
