detection_classes,detection_scores
3,0.99276876
3,0.98787934
3,0.9074186
3,0.89802176
3,0.79851115
3,0.74237543
3,0.67351025
3,0.6070515
3,0.5775167
3,0.5554568
3,0.47785005
3,0.39562878
3,0.35318998
3,0.3298489
3,0.32679537
8,0.30934817
