detection_classes,detection_scores
52,0.9991937
67,0.90248024
67,0.53664905
67,0.42342916
