detection_classes,detection_scores
1,0.9998235
1,0.99958783
1,0.9977266
28,0.99678314
28,0.9360745
28,0.9248591
