detection_classes,detection_scores
1,0.9976592
18,0.96435344
18,0.80059445
1,0.7473968
1,0.6280715
1,0.6266395
37,0.60422814
1,0.58737725
21,0.42776394
1,0.36292055
