detection_classes,detection_scores
1,0.99901605
75,0.62594795
77,0.45145124
65,0.4351447
63,0.36365816
