detection_classes,detection_scores
28,0.98974144
28,0.9711006
28,0.9662715
28,0.8768799
28,0.7113034
28,0.6640008
28,0.6193495
28,0.48001727
28,0.46766624
28,0.40139166
28,0.31423232
28,0.30430114
