detection_classes,detection_scores
15,0.9832529
15,0.97683686
67,0.4800539
15,0.32785
