detection_classes,detection_scores
52,0.97623026
1,0.7479058
52,0.7339998
52,0.6654471
52,0.6031822
52,0.5062632
52,0.48198348
52,0.45065254
52,0.43027624
52,0.32991177
