detection_classes,detection_scores
4,0.979454
4,0.7868278
4,0.5727656
85,0.4592714
14,0.3826464
