detection_classes,detection_scores
52,0.9970816
53,0.9884803
53,0.9882542
