detection_classes,detection_scores
73,0.9988018
76,0.51093435
73,0.44860125
73,0.34896818
73,0.34430024
72,0.31745312
