detection_classes,detection_scores
47,0.65384847
47,0.59694403
72,0.45846143
72,0.323304
1,0.3221584
