detection_classes,detection_scores
55,0.75045025
55,0.74394566
55,0.5825433
55,0.465035
55,0.31536704
55,0.30059147
