detection_classes,detection_scores
7,0.9995479
1,0.7461221
1,0.7243041
1,0.6554164
7,0.560786
1,0.53319144
