detection_classes,detection_scores
5,0.999734
8,0.9240389
62,0.4280794
15,0.36183375
