detection_classes,detection_scores
55,0.99416614
47,0.9772246
67,0.33714205
