detection_classes,detection_scores
75,0.99806565
75,0.9943376
75,0.99293596
75,0.9872327
75,0.98165554
75,0.9541259
75,0.94004023
75,0.7927631
75,0.59030014
75,0.5144219
