detection_classes,detection_scores
1,0.9545892
10,0.87952006
3,0.8482675
3,0.79625016
6,0.7205933
3,0.6849927
3,0.5466438
3,0.5003655
3,0.49319652
3,0.47405112
6,0.4457461
8,0.43147743
3,0.42742226
3,0.4264495
3,0.39805144
8,0.3710836
8,0.30835086
