detection_classes,detection_scores
75,0.99910295
75,0.99893314
75,0.99750406
75,0.9959507
67,0.85849947
47,0.5253033
