detection_classes,detection_scores
55,0.99834514
55,0.989737
55,0.9824086
55,0.97639376
55,0.9456463
55,0.87681824
55,0.7414522
55,0.6628234
55,0.46791613
55,0.32387346
