detection_classes,detection_scores
5,0.9961124
4,0.52538246
5,0.43557277
35,0.43429157
5,0.3564705
