detection_classes,detection_scores
5,0.9967068
8,0.9870639
15,0.49818704
8,0.44096723
