detection_classes,detection_scores
74,0.99760026
76,0.9901224
17,0.89866894
18,0.48514402
49,0.47987047
73,0.47803015
72,0.35084268
