detection_classes,detection_scores
1,0.99956554
2,0.9953473
2,0.90373766
