detection_classes,detection_scores
1,0.99906045
21,0.9945581
21,0.99002403
16,0.7786101
16,0.45904797
