detection_classes,detection_scores
1,0.99948263
19,0.99939156
1,0.99751043
