detection_classes,detection_scores
1,0.99488705
1,0.877357
41,0.51458895
61,0.41315824
