detection_classes,detection_scores
21,0.9989297
21,0.99802846
21,0.99561596
1,0.9877309
15,0.8389211
21,0.785851
1,0.767604
1,0.6830806
1,0.55816346
1,0.4673112
