detection_classes,detection_scores
2,0.9625951
1,0.946644
1,0.9302452
1,0.8717263
1,0.8578515
2,0.83654606
1,0.8009492
2,0.7605267
1,0.6645326
1,0.60203314
1,0.593957
1,0.58615124
1,0.5396839
1,0.534746
1,0.507867
1,0.44572046
1,0.43714315
1,0.43281135
1,0.41547918
1,0.3898571
1,0.384188
1,0.38022342
1,0.33180934
1,0.31992254
