detection_classes,detection_scores
1,0.9992367
2,0.956256
2,0.61566705
2,0.4296586
4,0.41729432
4,0.38077825
