detection_classes,detection_scores
1,0.9991167
1,0.9909197
15,0.98221636
15,0.9055078
64,0.63091636
1,0.627045
64,0.30923432
