detection_classes,detection_scores
37,0.9084942
1,0.88383585
9,0.7964509
1,0.7545167
3,0.7211881
1,0.6472679
1,0.6200791
1,0.58580774
1,0.57854015
1,0.53162986
9,0.5092043
1,0.4168232
3,0.35785657
1,0.33586925
