detection_classes,detection_scores
5,0.9995103
6,0.9946008
8,0.9897113
8,0.85127026
5,0.653868
3,0.5396792
8,0.45633826
8,0.4360258
8,0.3982219
8,0.31897512
