detection_classes,detection_scores
1,0.97530115
2,0.9630787
2,0.58225197
