detection_classes,detection_scores
76,0.9978976
72,0.9954293
73,0.9635235
73,0.85954684
74,0.5461272
73,0.4647188
