detection_classes,detection_scores
52,0.96316
52,0.91369987
52,0.90374744
52,0.5895848
67,0.3683688
