detection_classes,detection_scores
4,0.99521434
1,0.99099606
1,0.9297358
1,0.9196319
1,0.7042024
4,0.49606758
4,0.39743763
77,0.33948618
76,0.33427066
