detection_classes,detection_scores
4,0.99893016
1,0.998343
3,0.803082
3,0.6206484
67,0.499033
37,0.48623383
4,0.43005297
47,0.3999497
4,0.37412465
8,0.36257875
