detection_classes,detection_scores
38,0.787305
38,0.34237495
38,0.33932674
