detection_classes,detection_scores
55,0.99722266
55,0.9848092
55,0.96516156
55,0.96280354
55,0.58548695
