detection_classes,detection_scores
18,0.9926213
18,0.8009659
21,0.6432901
22,0.56523615
