detection_classes,detection_scores
15,0.9996308
1,0.88443
8,0.42218643
