detection_classes,detection_scores
5,0.99964607
8,0.844556
5,0.77424264
8,0.6981902
1,0.53857213
9,0.34211352
