detection_classes,detection_scores
55,0.99092686
43,0.6967616
55,0.36244595
