detection_classes,detection_scores
17,0.9917719
17,0.8183232
15,0.62630534
62,0.61802953
62,0.32325792
