detection_classes,detection_scores
9,0.99759114
1,0.816917
1,0.5967732
1,0.58093685
1,0.5455408
1,0.5355251
1,0.47523582
1,0.45635054
1,0.31604674
1,0.31444952
