detection_classes,detection_scores
42,0.95247346
1,0.36659265
1,0.33210412
9,0.32086766
1,0.300835
