detection_classes,detection_scores
22,0.9996755
16,0.9818812
16,0.96087456
16,0.9400686
16,0.9240224
16,0.67871207
16,0.61281604
16,0.5015667
20,0.4887405
