detection_classes,detection_scores
1,0.99813217
1,0.994589
2,0.98131335
2,0.9757652
2,0.7173537
2,0.6147483
2,0.5483471
2,0.4923191
