detection_classes,detection_scores
1,0.9988319
3,0.9956786
3,0.9942855
3,0.98546046
3,0.88462853
3,0.69992596
8,0.4006528
3,0.364043
