detection_classes,detection_scores
1,0.99887687
1,0.9906093
4,0.9765761
72,0.9089348
1,0.62154716
62,0.36523277
14,0.31409404
