detection_classes,detection_scores
4,0.99393636
4,0.9853817
4,0.9518164
1,0.9257155
3,0.7646881
33,0.67338014
4,0.5913602
3,0.4567229
64,0.37226486
8,0.3471528
4,0.3020185
