detection_classes,detection_scores
8,0.998252
34,0.7065895
38,0.30848265
10,0.3046745
