detection_classes,detection_scores
3,0.99871707
3,0.945176
3,0.9107499
1,0.7887651
1,0.66015154
1,0.3900348
