detection_classes,detection_scores
4,0.9995522
1,0.9353308
62,0.82687426
1,0.79983926
1,0.69919646
1,0.66394323
50,0.5817972
15,0.5572685
1,0.52545553
31,0.42375115
62,0.3622562
1,0.35998628
22,0.31408122
4,0.3024376
