detection_classes,detection_scores
46,0.99752015
44,0.9936405
51,0.969165
52,0.94146156
55,0.93115854
53,0.71444225
67,0.32489237
