detection_classes,detection_scores
15,0.9941478
15,0.9804904
15,0.8210786
15,0.57262594
