detection_classes,detection_scores
1,0.9966139
22,0.9581547
28,0.8459003
28,0.6586856
22,0.36107418
28,0.32545277
38,0.30999082
