detection_classes,detection_scores
1,0.9958852
2,0.97789705
1,0.97479564
1,0.9687413
1,0.94932395
1,0.9323325
1,0.9049081
1,0.90341467
1,0.89172894
1,0.8421193
1,0.80951864
1,0.78569514
1,0.7838296
1,0.77702534
1,0.76702297
1,0.76019084
1,0.73289484
1,0.6702769
1,0.48922566
