detection_classes,detection_scores
9,0.9733846
34,0.7252434
9,0.6234852
1,0.54686344
9,0.5173165
5,0.50483954
42,0.4642049
1,0.39036947
