detection_classes,detection_scores
7,0.71457714
9,0.6370481
8,0.4881656
62,0.46039617
9,0.42371103
8,0.33553162
3,0.3142583
8,0.30490732
