detection_classes,detection_scores
52,0.9791822
55,0.8938228
67,0.81949234
52,0.79642093
53,0.6215
53,0.3758466
51,0.30708954
