detection_classes,detection_scores
55,0.94207186
55,0.87632966
55,0.87413055
55,0.8712114
55,0.79914016
55,0.7885888
55,0.78087693
55,0.7722992
55,0.7655713
55,0.75198275
55,0.7495783
55,0.7067825
55,0.68820626
55,0.65844834
55,0.6551122
55,0.59011596
51,0.5505163
55,0.5295173
55,0.47824088
55,0.37031212
55,0.3239905
