detection_classes,detection_scores
7,0.9945668
7,0.5292737
1,0.3557511
