detection_classes,detection_scores
73,0.9977616
50,0.629569
76,0.5212759
