detection_classes,detection_scores
3,0.9696492
3,0.56740236
6,0.33316526
