detection_classes,detection_scores
4,0.9995358
4,0.55537367
4,0.37076122
31,0.366448
1,0.3253082
