detection_classes,detection_scores
4,0.9914663
4,0.42098334
2,0.40347186
