detection_classes,detection_scores
19,0.99408984
1,0.8281745
44,0.7802909
1,0.7192779
19,0.70840496
1,0.5898396
1,0.53509045
1,0.42314517
1,0.3497156
1,0.32563382
19,0.3086895
