detection_classes,detection_scores
15,0.98879015
15,0.9113617
16,0.7396777
15,0.3378568
