detection_classes,detection_scores
3,0.9109609
6,0.8156346
3,0.7645978
7,0.75020146
16,0.65350306
8,0.5930547
7,0.57439053
3,0.5521549
8,0.5251577
8,0.5142545
8,0.48765373
3,0.3813759
6,0.35395578
16,0.3201375
6,0.31969678
