detection_classes,detection_scores
74,0.9278269
31,0.3952254
16,0.37994358
88,0.3041252
