detection_classes,detection_scores
8,0.9856975
8,0.8069294
8,0.48868266
