detection_classes,detection_scores
28,0.9993911
1,0.9992999
72,0.38817623
