detection_classes,detection_scores
1,0.99205023
55,0.9788022
44,0.97042906
49,0.95365906
1,0.87996477
1,0.68753314
53,0.43642652
1,0.38099036
52,0.36527428
