detection_classes,detection_scores
52,0.99437547
52,0.9917133
52,0.9551819
52,0.9019393
52,0.57914907
52,0.5545285
