detection_classes,detection_scores
1,0.98606014
44,0.6344974
1,0.59422004
44,0.5404812
37,0.37478843
