detection_classes,detection_scores
1,0.99762124
3,0.97311515
47,0.3123827
