detection_classes,detection_scores
1,0.99666923
38,0.76306343
42,0.7057664
1,0.6439106
38,0.3030112
