detection_classes,detection_scores
3,0.99690396
3,0.99461395
3,0.99008477
3,0.98818237
3,0.97135305
3,0.82277894
1,0.45497465
1,0.36069342
