detection_classes,detection_scores
1,0.99987566
47,0.9880909
1,0.9015616
