detection_classes,detection_scores
3,0.8282256
8,0.636432
6,0.6287566
3,0.6245244
3,0.6142991
3,0.50932026
3,0.32205996
7,0.31194383
