detection_classes,detection_scores
1,0.99381447
21,0.990877
1,0.9889571
21,0.9888508
