detection_classes,detection_scores
73,0.9984158
72,0.79697424
77,0.6923552
73,0.5013678
