detection_classes,detection_scores
73,0.99914885
73,0.7112818
76,0.6457117
72,0.3942267
