detection_classes,detection_scores
22,0.99994636
22,0.7946991
22,0.41414368
