detection_classes,detection_scores
4,0.9953791
4,0.99249554
4,0.9916544
4,0.96885777
62,0.9561489
1,0.94491017
3,0.9107097
4,0.87548786
1,0.8488168
4,0.748487
1,0.6713918
1,0.6349695
62,0.62615466
1,0.5319584
1,0.49552578
1,0.41994867
62,0.41907093
1,0.33161044
1,0.31567797
