detection_classes,detection_scores
8,0.99967515
3,0.9853703
8,0.97472703
3,0.60752136
8,0.49416873
3,0.3471824
