detection_classes,detection_scores
74,0.9995821
72,0.9994165
72,0.993053
76,0.9926857
84,0.74682295
75,0.5246032
77,0.3324746
