detection_classes,detection_scores
1,0.99904686
18,0.99491477
18,0.9759679
1,0.9732011
1,0.43175143
19,0.30231276
