detection_classes,detection_scores
22,0.99985397
22,0.98669225
22,0.9744596
1,0.6003051
1,0.4757285
