detection_classes,detection_scores
17,0.9958877
17,0.91337514
74,0.7690857
47,0.5528461
86,0.44166702
17,0.43878037
