detection_classes,detection_scores
4,0.99947804
3,0.9673396
3,0.8154504
4,0.78881454
4,0.63611335
3,0.36285734
51,0.3223918
3,0.30450398
