detection_classes,detection_scores
74,0.77515054
67,0.4824683
49,0.34374213
84,0.3151932
