detection_classes,detection_scores
5,0.9995459
5,0.49141845
8,0.41888002
8,0.3669755
10,0.30342466
