detection_classes,detection_scores
21,0.9963108
21,0.99479514
21,0.990396
1,0.95645916
21,0.73258543
1,0.684815
19,0.5855206
21,0.56903
21,0.4085935
