detection_classes,detection_scores
17,0.99705315
17,0.8162028
65,0.76103574
17,0.5637682
81,0.3546101
