detection_classes,detection_scores
19,0.9989291
1,0.997186
19,0.98565894
1,0.8684004
47,0.8574225
39,0.73989993
3,0.61614513
1,0.37475285
