detection_classes,detection_scores
1,0.9998466
28,0.5806069
42,0.50471634
