detection_classes,detection_scores
1,0.9849364
17,0.8873758
1,0.7963763
1,0.73808163
18,0.6483846
17,0.6176929
18,0.3966424
1,0.31276047
