detection_classes,detection_scores
1,0.93658566
19,0.47068247
43,0.4464791
31,0.38819164
