detection_classes,detection_scores
4,0.99935967
1,0.9816125
1,0.97416556
1,0.97221315
1,0.6445124
4,0.614049
1,0.48530573
4,0.42760217
1,0.41403013
1,0.41165793
33,0.35034496
