detection_classes,detection_scores
75,0.9980063
1,0.98997927
84,0.76874477
84,0.61781764
62,0.51513875
84,0.415129
63,0.39552906
63,0.37480542
67,0.36110058
1,0.33575752
