detection_classes,detection_scores
3,0.9948555
3,0.94581187
3,0.8361139
3,0.6892893
3,0.58464694
3,0.5755355
3,0.57447684
3,0.4876152
3,0.44721878
8,0.4053106
3,0.40129724
3,0.34268397
3,0.3194173
