detection_classes,detection_scores
55,0.9313187
52,0.88693684
55,0.88239855
55,0.78643775
55,0.7580157
67,0.51655775
55,0.34861764
