detection_classes,detection_scores
18,0.9991416
18,0.72654605
63,0.51315004
88,0.4936512
1,0.35319942
63,0.3129917
