detection_classes,detection_scores
1,0.9908727
1,0.99037486
1,0.97998893
1,0.96663576
1,0.9279176
4,0.91462135
1,0.90546125
28,0.8222199
28,0.7873442
27,0.65241355
1,0.62910014
1,0.51652044
1,0.4799028
2,0.40493786
1,0.35336417
31,0.34569836
