detection_classes,detection_scores
1,0.99517655
1,0.90510917
21,0.7902087
19,0.64891195
1,0.3912664
19,0.34620863
20,0.3154132
