detection_classes,detection_scores
19,0.88368374
37,0.71023667
21,0.54700285
