detection_classes,detection_scores
74,0.99838114
76,0.9157177
73,0.67508364
67,0.5178148
67,0.4069069
84,0.34933704
