detection_classes,detection_scores
1,0.9999206
21,0.9992912
21,0.9441522
1,0.94410056
1,0.7994869
21,0.5915425
21,0.4615217
