detection_classes,detection_scores
15,0.99862504
15,0.9648395
15,0.9363834
15,0.78628397
15,0.5255975
15,0.40128407
15,0.34066188
