detection_classes,detection_scores
8,0.9991621
3,0.71766657
1,0.6871606
4,0.6136775
3,0.5797576
3,0.52657735
8,0.44037622
8,0.44008556
3,0.30659556
