detection_classes,detection_scores
1,0.9839319
8,0.9187765
8,0.7472933
8,0.7116263
1,0.65697473
61,0.52677965
33,0.516431
61,0.5059764
