detection_classes,detection_scores
55,0.9241245
55,0.9203457
55,0.9169403
55,0.9113739
55,0.90537184
55,0.8747911
55,0.87075245
55,0.86550575
55,0.81851023
55,0.7281761
55,0.60814416
55,0.583178
55,0.57751024
55,0.32128245
