detection_classes,detection_scores
1,0.999853
1,0.9998104
28,0.9173682
31,0.77628505
28,0.51329994
31,0.36321983
31,0.36235744
