detection_classes,detection_scores
17,0.9998388
17,0.9984124
17,0.96490633
