detection_classes,detection_scores
51,0.98384583
52,0.9562216
62,0.6657567
67,0.43949866
