detection_classes,detection_scores
1,0.99903727
73,0.9963037
74,0.7495581
49,0.47433993
1,0.40806586
