detection_classes,detection_scores
1,0.99584156
1,0.9908302
1,0.9811705
1,0.9601066
1,0.92571104
1,0.9236258
2,0.9019954
1,0.8613949
1,0.85055566
1,0.8372054
1,0.82320637
1,0.7761967
1,0.7031175
1,0.6752773
1,0.64102465
1,0.62990475
1,0.5611689
2,0.5518614
1,0.54104245
1,0.5166227
1,0.48333824
1,0.45793605
1,0.45772222
