detection_classes,detection_scores
28,0.5729465
44,0.57026446
28,0.48241144
44,0.39701313
