detection_classes,detection_scores
5,0.999006
64,0.8546647
9,0.85225916
3,0.83981955
3,0.82169193
9,0.8087196
6,0.808251
9,0.7987899
9,0.6640965
37,0.6159439
3,0.47191158
9,0.39187855
3,0.37526864
3,0.36092684
3,0.31817776
3,0.3153548
