detection_classes,detection_scores
1,0.99881494
55,0.6870344
55,0.43023834
55,0.4136077
58,0.40490308
58,0.3032199
