detection_classes,detection_scores
73,0.9990068
33,0.9696026
87,0.94843984
77,0.66983706
76,0.65242666
47,0.46123353
