detection_classes,detection_scores
19,0.9101856
17,0.63933027
17,0.62135166
18,0.360326
