detection_classes,detection_scores
73,0.9973922
76,0.8963135
72,0.7419868
1,0.4983087
1,0.39773342
