detection_classes,detection_scores
21,0.9868954
15,0.92619014
1,0.83687186
1,0.81041384
1,0.7591916
1,0.7279196
21,0.65978926
21,0.36205935
62,0.33261275
