detection_classes,detection_scores
15,0.9167346
15,0.80072975
18,0.67198914
15,0.6023047
15,0.4742499
17,0.4410598
15,0.37442142
62,0.30328614
