detection_classes,detection_scores
10,0.9652798
10,0.47469908
41,0.43735856
