detection_classes,detection_scores
28,0.99804723
1,0.99706405
1,0.9487336
2,0.94675016
1,0.747912
1,0.5118161
62,0.50612205
