detection_classes,detection_scores
1,0.9960937
9,0.9474503
9,0.8683086
33,0.6007367
9,0.46502334
9,0.44308957
