detection_classes,detection_scores
55,0.9796429
55,0.9236775
55,0.91879326
55,0.86196625
55,0.83153653
55,0.7335194
55,0.6900916
55,0.68842465
55,0.5465478
55,0.5306023
55,0.49742034
55,0.31199154
