detection_classes,detection_scores
60,0.89008844
60,0.72253275
67,0.42415845
61,0.4058569
57,0.40405694
61,0.35455656
58,0.34068742
54,0.31992054
