detection_classes,detection_scores
73,0.9988128
46,0.90137464
84,0.6951152
31,0.6022718
33,0.37257275
10,0.34422657
10,0.32843372
