detection_classes,detection_scores
52,0.99196035
52,0.98654884
52,0.96215785
52,0.77134526
52,0.6329865
52,0.34163597
