detection_classes,detection_scores
9,0.9291597
9,0.8840826
1,0.8832295
1,0.7518628
42,0.6221853
9,0.483564
1,0.43584982
1,0.39681977
1,0.3611451
