detection_classes,detection_scores
73,0.9980338
84,0.80841774
33,0.52261573
