detection_classes,detection_scores
1,0.9979919
1,0.9861879
18,0.9856045
1,0.9793523
1,0.9708327
18,0.9586069
21,0.8931976
1,0.88938934
