detection_classes,detection_scores
18,0.7538983
4,0.5823405
74,0.54985386
16,0.54387516
87,0.41156495
