detection_classes,detection_scores
15,0.9958579
15,0.92377084
15,0.6875118
15,0.6599713
3,0.57591665
15,0.3682642
