detection_classes,detection_scores
52,0.99352455
52,0.9403797
52,0.73727286
52,0.73595023
