detection_classes,detection_scores
21,0.9593003
21,0.9554245
19,0.32829064
