detection_classes,detection_scores
1,0.99942565
21,0.99697566
21,0.3362423
