detection_classes,detection_scores
9,0.99882406
1,0.9618333
5,0.7452128
