detection_classes,detection_scores
75,0.99894494
75,0.99850637
75,0.99416924
77,0.9679989
76,0.39907032
