detection_classes,detection_scores
55,0.98431075
55,0.9713717
55,0.9664764
55,0.9616937
55,0.8803145
55,0.62726986
52,0.39675134
53,0.35002998
