detection_classes,detection_scores
21,0.9995515
21,0.99664813
1,0.99651957
1,0.9798489
