detection_classes,detection_scores
1,0.99600416
15,0.9904082
44,0.9473392
44,0.8675819
1,0.75089985
75,0.7007705
