detection_classes,detection_scores
7,0.99930894
7,0.99917597
7,0.9924908
