detection_classes,detection_scores
16,0.86622214
64,0.46400756
53,0.37393048
