detection_classes,detection_scores
61,0.6183152
59,0.5521902
67,0.5161842
61,0.4438347
18,0.35640296
16,0.34250748
