detection_classes,detection_scores
84,0.85912085
21,0.64711684
28,0.56785935
18,0.38017017
32,0.34054077
