detection_classes,detection_scores
56,0.61291814
61,0.4471236
56,0.34815505
56,0.31886756
