detection_classes,detection_scores
25,0.48262092
61,0.45267576
54,0.3210797
61,0.30544865
