detection_classes,detection_scores
25,0.8387344
16,0.5548499
79,0.47949803
