detection_classes,detection_scores
54,0.51743233
61,0.4867407
54,0.3812164
