detection_classes,detection_scores
25,0.5146356
49,0.38911512
67,0.32296094
