detection_classes,detection_scores
1,0.8510779
1,0.6455766
87,0.5559833
61,0.31688955
