detection_classes,detection_scores
51,0.9811498
67,0.8202242
51,0.66678506
67,0.64643353
67,0.34313688
