detection_classes,detection_scores
54,0.69688076
61,0.5123046
28,0.46666667
