detection_classes,detection_scores
1,0.99726784
1,0.9972295
1,0.71627086
1,0.563269
1,0.4780284
