detection_classes,detection_scores
25,0.8311256
25,0.6324487
25,0.3396664
