detection_classes,detection_scores
16,0.94922674
65,0.60095435
42,0.31684145
