detection_classes,detection_scores
1,0.998563
1,0.9784572
1,0.85393494
1,0.6076001
1,0.48681822
1,0.3418334
