detection_classes,detection_scores
56,0.9607161
56,0.91317946
59,0.44700417
56,0.4247163
56,0.35815087
56,0.34601498
