detection_classes,detection_scores
56,0.96712095
56,0.942075
56,0.71342546
56,0.64016575
