detection_classes,detection_scores
59,0.631652
59,0.6162533
59,0.45303422
60,0.3904524
16,0.38156307
59,0.36198124
