detection_classes,detection_scores
56,0.6821564
56,0.68135536
56,0.48124364
