detection_classes,detection_scores
1,0.6656685
1,0.62325895
1,0.6017982
1,0.59303135
61,0.47290018
58,0.42196405
52,0.33028498
