detection_classes,detection_scores
1,0.42985347
54,0.34580317
52,0.30483124
