detection_classes,detection_scores
1,0.998844
1,0.9944248
1,0.8826051
1,0.872007
60,0.7469281
1,0.6316701
1,0.43000317
1,0.3924803
