detection_classes,detection_scores
57,0.8423899
52,0.80887514
21,0.52461755
59,0.33081704
54,0.30432022
