detection_classes,detection_scores
41,0.6910978
25,0.5294876
86,0.3688433
