detection_classes,detection_scores
1,0.7620597
34,0.73534536
25,0.36986807
60,0.35644373
