detection_classes,detection_scores
16,0.97602135
25,0.69916916
16,0.6422529
