detection_classes,detection_scores
56,0.98455864
56,0.43882632
56,0.39933062
