detection_classes,detection_scores
16,0.8067591
18,0.41695282
21,0.3357263
