detection_classes,detection_scores
58,0.4437488
67,0.37631488
58,0.30241945
