detection_classes,detection_scores
67,0.7407422
61,0.58456683
59,0.5647231
67,0.52679324
59,0.38296473
