detection_classes,detection_scores
16,0.9955375
88,0.8095987
16,0.7203183
16,0.55650145
16,0.5334965
52,0.40601495
20,0.30339372
