detection_classes,detection_scores
1,0.8748119
28,0.79381436
1,0.46602425
1,0.3000109
