detection_classes,detection_scores
20,0.45782492
16,0.39582327
25,0.35633346
