detection_classes,detection_scores
59,0.8200398
50,0.81724465
49,0.69619393
51,0.35009944
