detection_classes,detection_scores
67,0.7117552
67,0.43237847
54,0.40943888
61,0.303608
