detection_classes,detection_scores
25,0.9069991
60,0.42997995
54,0.3418028
