detection_classes,detection_scores
57,0.4421333
54,0.38042387
1,0.31258807
57,0.30465153
