detection_classes,detection_scores
1,0.99720085
1,0.96305084
1,0.92464703
1,0.3975545
