detection_classes,detection_scores
16,0.83123595
16,0.5607206
16,0.34293938
