detection_classes,detection_scores
16,0.5102044
52,0.482944
25,0.31925866
