detection_classes,detection_scores
58,0.70487815
61,0.633195
54,0.46921232
