detection_classes,detection_scores
52,0.9165139
1,0.86540306
52,0.8091722
1,0.7055845
