detection_classes,detection_scores
1,0.9985285
16,0.99813473
1,0.81359833
1,0.5704543
