detection_classes,detection_scores
61,0.74348855
58,0.65967625
54,0.45559007
61,0.34666255
67,0.31113935
