detection_classes,detection_scores
16,0.8745194
16,0.5847802
56,0.36347562
