detection_classes,detection_scores
61,0.90567946
16,0.55708176
56,0.42630932
