detection_classes,detection_scores
56,0.71881515
56,0.5140644
56,0.4661974
56,0.3978654
