detection_classes,detection_scores
56,0.7280123
56,0.49734974
54,0.39128458
52,0.3253201
58,0.32043096
