detection_classes,detection_scores
52,0.78051203
56,0.54559624
54,0.39555064
56,0.3876341
25,0.34555775
