detection_classes,detection_scores
54,0.5615957
61,0.44398585
16,0.43811554
