detection_classes,detection_scores
59,0.95902234
59,0.84054476
59,0.5499301
59,0.44640738
59,0.44118628
56,0.35758102
