detection_classes,detection_scores
1,0.9583678
1,0.6382739
1,0.50286114
1,0.41081777
