detection_classes,detection_scores
16,0.85630757
16,0.35661995
60,0.3217188
