detection_classes,detection_scores
52,0.90613186
52,0.8242772
56,0.3178641
