detection_classes,detection_scores
62,0.36865354
16,0.35706294
61,0.30414587
