detection_classes,detection_scores
56,0.6854992
59,0.3474252
16,0.34316963
56,0.3068292
61,0.30614454
