detection_classes,detection_scores
25,0.59747183
54,0.43688992
59,0.3255687
