detection_classes,detection_scores
79,0.41883612
15,0.41413146
62,0.38096133
