detection_classes,detection_scores
1,0.9992932
1,0.6944642
1,0.5640262
