detection_classes,detection_scores
16,0.9140565
18,0.3984248
16,0.38271716
