detection_classes,detection_scores
1,0.9662081
1,0.92878616
52,0.831821
