detection_classes,detection_scores
52,0.9571939
54,0.5711497
52,0.47891948
52,0.4284963
62,0.34368643
