detection_classes,detection_scores
1,0.6208986
40,0.41567907
16,0.40896493
