detection_classes,detection_scores
1,0.9866138
1,0.78659946
1,0.71638435
