detection_classes,detection_scores
56,0.6658667
25,0.5667223
16,0.4570786
