detection_classes,detection_scores
59,0.748323
52,0.6962543
59,0.36641836
67,0.30178145
