detection_classes,detection_scores
59,0.55727285
61,0.45818678
59,0.39906117
