detection_classes,detection_scores
16,0.7062006
56,0.48162577
52,0.33400303
