detection_classes,detection_scores
56,0.58377594
54,0.5306253
56,0.38670295
56,0.3247598
