detection_classes,detection_scores
16,0.71131057
16,0.69746685
64,0.61866933
16,0.4908272
