detection_classes,detection_scores
67,0.5751609
52,0.5125292
52,0.46912366
