detection_classes,detection_scores
59,0.7734919
48,0.7532324
61,0.52737
