detection_classes,detection_scores
34,0.9140275
20,0.5277746
16,0.3504299
