detection_classes,detection_scores
56,0.608487
59,0.5487256
54,0.52081585
