detection_classes,detection_scores
64,0.58135843
53,0.52951604
64,0.3408427
