detection_classes,detection_scores
1,0.99839467
1,0.61765206
1,0.6037138
54,0.41426346
