detection_classes,detection_scores
59,0.7277065
67,0.4534941
59,0.34393436
54,0.3079127
