detection_classes,detection_scores
16,0.6705809
25,0.55484074
61,0.3146774
