detection_classes,detection_scores
57,0.91479224
1,0.8978251
57,0.87227416
54,0.5478931
57,0.5309083
1,0.40165773
59,0.31410754
