detection_classes,detection_scores
54,0.7309136
63,0.73050463
65,0.70641285
65,0.51278526
