detection_classes,detection_scores
61,0.8606561
61,0.59179837
59,0.36430517
61,0.31396285
61,0.303112
59,0.30253685
