detection_classes,detection_scores
51,0.7152403
52,0.5461207
52,0.5168003
52,0.41644818
