detection_classes,detection_scores
1,0.93056655
1,0.870135
1,0.70148844
61,0.3303102
