detection_classes,detection_scores
57,0.8510199
57,0.62668616
57,0.46806237
57,0.41484663
57,0.30546796
