detection_classes,detection_scores
61,0.9147521
40,0.4052087
67,0.35522503
