detection_classes,detection_scores
18,0.95850545
16,0.58277524
16,0.37828237
