detection_classes,detection_scores
25,0.8174116
16,0.6847477
16,0.32907122
