detection_classes,detection_scores
1,0.96525073
1,0.7590762
65,0.53272176
58,0.35892758
