detection_classes,detection_scores
56,0.36787575
56,0.35071665
52,0.33067638
