detection_classes,detection_scores
25,0.92836136
16,0.38517252
16,0.3306487
