detection_classes,detection_scores
18,0.6916027
56,0.6856985
18,0.4249151
