detection_classes,detection_scores
61,0.8594261
61,0.40361807
65,0.3774141
52,0.32968408
