detection_classes,detection_scores
60,0.7153637
60,0.4718754
81,0.37143883
