detection_classes,detection_scores
54,0.46317956
59,0.4379559
59,0.30687445
