detection_classes,detection_scores
1,0.99492365
40,0.8052429
75,0.43892825
1,0.38461006
1,0.32103312
