detection_classes,detection_scores
16,0.45402208
58,0.3408009
54,0.3243242
