detection_classes,detection_scores
56,0.4470208
16,0.3894579
56,0.36636364
56,0.33728293
