detection_classes,detection_scores
1,0.9885999
25,0.7998856
1,0.78975165
1,0.39912316
1,0.35292733
16,0.33823758
