detection_classes,detection_scores
38,0.8950667
1,0.82655275
1,0.6017766
1,0.41484493
