detection_classes,detection_scores
16,0.8819117
16,0.8643098
16,0.50882065
57,0.4086716
