detection_classes,detection_scores
18,0.65721285
16,0.4832383
18,0.4095387
