detection_classes,detection_scores
25,0.77211076
59,0.7687663
16,0.56068766
59,0.38237664
