detection_classes,detection_scores
1,0.85731053
67,0.6049125
1,0.4609845
54,0.32826436
