detection_classes,detection_scores
25,0.62782496
25,0.36899713
54,0.33282337
58,0.30628422
