detection_classes,detection_scores
18,0.5287044
16,0.40794107
88,0.30971462
65,0.30829808
