detection_classes,detection_scores
59,0.48565313
58,0.4305991
54,0.3851924
67,0.34867543
