detection_classes,detection_scores
56,0.6941516
52,0.670141
56,0.5195533
56,0.4637486
56,0.3258633
