detection_classes,detection_scores
16,0.547338
65,0.41468886
48,0.37434107
67,0.3010132
