detection_classes,detection_scores
23,0.5460442
60,0.5361119
60,0.4452814
