detection_classes,detection_scores
1,0.8497474
1,0.7343449
54,0.64318913
77,0.5857701
1,0.5641514
1,0.4814751
61,0.3565915
