detection_classes,detection_scores
59,0.63266915
25,0.3455554
56,0.332207
