detection_classes,detection_scores
54,0.8619236
57,0.6485039
58,0.6107355
