detection_classes,detection_scores
16,0.6585401
60,0.44233343
52,0.34475458
