detection_classes,detection_scores
1,0.9987311
1,0.84426826
1,0.42774206
1,0.32788166
