detection_classes,detection_scores
59,0.65473574
25,0.53666055
56,0.32483968
