detection_classes,detection_scores
16,0.6388305
20,0.56869537
57,0.3312383
57,0.32870263
