detection_classes,detection_scores
1,0.99072623
1,0.5821833
1,0.5276559
1,0.5089064
1,0.4940358
59,0.46807718
1,0.3856055
