detection_classes,detection_scores
1,0.99887174
1,0.98508275
1,0.9060944
1,0.41982955
60,0.40691793
