detection_classes,detection_scores
1,0.99677414
1,0.8421312
60,0.40896657
1,0.31885442
