detection_classes,detection_scores
61,0.46247742
67,0.32866606
49,0.30552053
