detection_classes,detection_scores
59,0.49829352
51,0.4306359
54,0.32161853
