detection_classes,detection_scores
59,0.55039424
61,0.40058953
52,0.39478174
52,0.39195842
