detection_classes,detection_scores
59,0.92129576
59,0.8261199
59,0.4872882
59,0.37353206
54,0.3634163
54,0.33450043
67,0.32110664
