detection_classes,detection_scores
16,0.6492278
53,0.36442384
16,0.35807768
