detection_classes,detection_scores
61,0.8014011
52,0.7558753
52,0.71889776
16,0.45711505
52,0.43757004
51,0.3211391
