detection_classes,detection_scores
59,0.7639946
56,0.4807006
61,0.44306475
56,0.41915956
