detection_classes,detection_scores
1,0.99762505
1,0.96561503
1,0.7154012
