detection_classes,detection_scores
59,0.5229097
61,0.46191627
54,0.3999763
