detection_classes,detection_scores
25,0.74553084
49,0.32447842
59,0.31283462
54,0.3033098
