detection_classes,detection_scores
16,0.9952733
16,0.8871837
16,0.65495455
