detection_classes,detection_scores
61,0.5276602
16,0.4932999
60,0.36083627
52,0.34866953
61,0.34526256
60,0.31585413
