detection_classes,detection_scores
1,0.97485423
1,0.5314454
61,0.49851206
53,0.42435616
