detection_classes,detection_scores
16,0.78123665
16,0.637375
56,0.31119043
61,0.30487782
