detection_classes,detection_scores
61,0.5747506
16,0.5115861
49,0.39938796
16,0.3632675
