detection_classes,detection_scores
56,0.76262665
54,0.5015234
54,0.4693811
59,0.38450107
51,0.37584627
