detection_classes,detection_scores
18,0.67837673
18,0.64065695
16,0.45309734
