detection_classes,detection_scores
59,0.7581056
52,0.4667187
56,0.31671533
