detection_classes,detection_scores
59,0.60058576
59,0.5669717
59,0.53602225
