detection_classes,detection_scores
16,0.9225817
16,0.815012
56,0.41518363
