detection_classes,detection_scores
60,0.516487
58,0.49181262
54,0.32781428
