detection_classes,detection_scores
56,0.7542375
16,0.6387029
16,0.46902883
56,0.37391588
56,0.34357378
1,0.31753367
16,0.30561075
