detection_classes,detection_scores
54,0.5290077
59,0.43911353
57,0.36622474
67,0.35228592
