detection_classes,detection_scores
52,0.80291003
56,0.38771006
52,0.3793815
16,0.35922757
