detection_classes,detection_scores
25,0.981873
61,0.5835257
59,0.45251572
