detection_classes,detection_scores
52,0.91300404
53,0.37427092
16,0.34573963
52,0.30840558
