detection_classes,detection_scores
1,0.8064914
64,0.78427273
16,0.35964945
65,0.35240903
