detection_classes,detection_scores
58,0.6477264
25,0.37551087
58,0.35296354
