detection_classes,detection_scores
53,0.5521088
60,0.49303013
52,0.30504328
