detection_classes,detection_scores
56,0.9706021
1,0.895197
1,0.8492545
1,0.751105
1,0.6970232
1,0.46373385
1,0.35893658
