detection_classes,detection_scores
46,0.71761525
16,0.70656186
90,0.4288407
