detection_classes,detection_scores
1,0.9938898
1,0.9183199
1,0.7012556
1,0.5270037
1,0.31092814
