detection_classes,detection_scores
54,0.44382757
52,0.4248177
60,0.38789034
