detection_classes,detection_scores
1,0.6598384
54,0.32425645
1,0.31606722
