detection_classes,detection_scores
1,0.98449194
52,0.9790604
1,0.864049
53,0.71180964
52,0.65174425
1,0.5986294
61,0.44544354
1,0.44469595
52,0.42686802
52,0.3501609
58,0.3269619
