detection_classes,detection_scores
61,0.5726299
49,0.49272576
51,0.38353515
