detection_classes,detection_scores
57,0.52966857
54,0.43040997
57,0.32140437
53,0.3096597
