detection_classes,detection_scores
56,0.8647174
18,0.552754
16,0.37332773
64,0.30494842
