detection_classes,detection_scores
16,0.8409605
16,0.7890755
16,0.44961947
16,0.35535383
