detection_classes,detection_scores
1,0.99725753
1,0.91660744
1,0.7506364
1,0.34524867
