detection_classes,detection_scores
53,0.9079074
61,0.67910224
53,0.3258496
59,0.3016578
