detection_classes,detection_scores
61,0.85674053
10,0.52300376
18,0.36334866
