detection_classes,detection_scores
16,0.9488637
16,0.6836208
16,0.45911542
