detection_classes,detection_scores
52,0.7717245
23,0.5819778
52,0.3104405
