detection_classes,detection_scores
56,0.4281372
16,0.4052746
56,0.3875327
