detection_classes,detection_scores
18,0.57431793
65,0.3251941
61,0.3157814
