detection_classes,detection_scores
25,0.3812388
49,0.34525895
16,0.31098372
