detection_classes,detection_scores
16,0.9514535
16,0.89395887
61,0.7111166
19,0.6167056
16,0.40145352
21,0.3186457
