detection_classes,detection_scores
61,0.63801867
22,0.49342227
25,0.3643438
