detection_classes,detection_scores
1,0.9991854
1,0.96967435
1,0.74739176
1,0.6907098
16,0.6823596
1,0.65205485
1,0.5305489
1,0.45760176
1,0.38288572
1,0.35764256
