detection_classes,detection_scores
41,0.6350071
39,0.6300531
62,0.5592955
1,0.54732025
16,0.4731446
87,0.37788796
34,0.3534379
52,0.30001646
