detection_classes,detection_scores
16,0.999183
16,0.8322121
52,0.6979826
