detection_classes,detection_scores
1,0.92637324
1,0.9064109
1,0.85193
1,0.83890694
1,0.67184037
49,0.65501565
61,0.550614
49,0.48265612
