detection_classes,detection_scores
40,0.7673408
61,0.4342876
35,0.39620733
1,0.34331125
