detection_classes,detection_scores
61,0.73690224
7,0.5938137
7,0.587305
11,0.47540355
61,0.32673454
