detection_classes,detection_scores
1,0.97899777
1,0.9314835
1,0.6940201
1,0.5999328
52,0.49587873
59,0.37468386
