detection_classes,detection_scores
1,0.84913355
1,0.71777844
1,0.63950986
58,0.5999777
1,0.44908687
52,0.30953956
