detection_classes,detection_scores
59,0.74532884
59,0.6239912
16,0.31712562
