detection_classes,detection_scores
17,0.55286175
1,0.4379081
17,0.35211787
86,0.3273138
