detection_classes,detection_scores
88,0.6991279
63,0.38680118
60,0.37754846
