detection_classes,detection_scores
58,0.8169978
54,0.7029078
57,0.6793043
58,0.6418232
67,0.41069853
