detection_classes,detection_scores
25,0.64841086
1,0.5598472
61,0.42463452
