detection_classes,detection_scores
18,0.61750793
22,0.4148405
1,0.37853873
21,0.30084798
