detection_classes,detection_scores
16,0.9822112
57,0.93244374
57,0.75140667
17,0.5082573
24,0.41581935
16,0.30883336
57,0.30381423
