detection_classes,detection_scores
59,0.9647946
59,0.9016776
2,0.39389715
64,0.3364185
