detection_classes,detection_scores
1,0.97530204
41,0.7229782
67,0.520777
84,0.40354788
84,0.377952
