detection_classes,detection_scores
1,0.9995591
15,0.7437259
15,0.47196013
62,0.4665413
51,0.38140976
