detection_classes,detection_scores
56,0.9666226
61,0.8539595
51,0.41869178
