detection_classes,detection_scores
60,0.605578
86,0.4246045
67,0.30194634
