detection_classes,detection_scores
16,0.99301505
18,0.76227003
18,0.7178045
20,0.4098062
