detection_classes,detection_scores
46,0.40521073
46,0.40234518
46,0.39516756
46,0.35621333
