detection_classes,detection_scores
25,0.72661996
21,0.53213793
63,0.45181468
1,0.37382787
1,0.3722636
