detection_classes,detection_scores
52,0.79696727
52,0.47441736
90,0.3130679
52,0.30029416
