detection_classes,detection_scores
1,0.9872802
60,0.9703946
1,0.5086357
1,0.5052864
