detection_classes,detection_scores
18,0.99361527
1,0.98832536
1,0.96477336
18,0.6299806
1,0.3021057
