detection_classes,detection_scores
67,0.7967323
51,0.5610834
60,0.53583205
46,0.48328173
