detection_classes,detection_scores
52,0.8471037
61,0.40943
59,0.39009923
51,0.3173794
