detection_classes,detection_scores
60,0.74555975
52,0.41808155
60,0.30675527
67,0.30585754
