detection_classes,detection_scores
87,0.836967
4,0.5868738
51,0.5103043
61,0.30114758
