detection_classes,detection_scores
67,0.6156333
61,0.50244784
47,0.35430062
