detection_classes,detection_scores
11,0.73846954
42,0.4268533
41,0.34860623
