detection_classes,detection_scores
24,0.7842826
25,0.7760352
21,0.55560714
22,0.38866928
18,0.3580039
