detection_classes,detection_scores
88,0.6062092
23,0.42850447
20,0.35352594
