detection_classes,detection_scores
16,0.4041542
60,0.33975428
1,0.31252646
