detection_classes,detection_scores
51,0.62823147
44,0.41451663
51,0.3931541
