detection_classes,detection_scores
41,0.9425507
16,0.5672633
16,0.5205707
49,0.50165796
