detection_classes,detection_scores
28,0.46703506
16,0.38277268
1,0.34413216
