detection_classes,detection_scores
1,0.9977835
51,0.7710702
1,0.3519498
