detection_classes,detection_scores
51,0.9236882
86,0.7002682
50,0.5241924
86,0.42795873
