detection_classes,detection_scores
67,0.6613276
58,0.53623813
61,0.45077777
