detection_classes,detection_scores
16,0.9722271
16,0.9126511
16,0.61797696
16,0.60917115
22,0.41101244
41,0.33090138
16,0.32850447
