detection_classes,detection_scores
1,0.9892278
62,0.8186119
62,0.44117516
