detection_classes,detection_scores
3,0.5916447
8,0.46556595
79,0.43029296
