detection_classes,detection_scores
52,0.81202704
52,0.68913925
49,0.6217067
59,0.4491552
