detection_classes,detection_scores
1,0.8761167
18,0.5570137
21,0.4753067
1,0.46399647
