detection_classes,detection_scores
1,0.98159134
1,0.85988474
61,0.5077945
1,0.4804623
86,0.37509885
