detection_classes,detection_scores
52,0.6322339
52,0.5251295
52,0.4097377
16,0.38355735
52,0.3646087
50,0.34334272
