detection_classes,detection_scores
51,0.60042316
61,0.50737953
51,0.46019077
