detection_classes,detection_scores
1,0.6298532
60,0.4391553
86,0.4205763
53,0.360072
