detection_classes,detection_scores
38,0.5808493
52,0.3860196
42,0.3658105
