detection_classes,detection_scores
61,0.7266958
51,0.5675288
67,0.31782833
