detection_classes,detection_scores
59,0.88637257
59,0.7953206
61,0.58203524
59,0.41109064
67,0.3427816
59,0.34240374
