detection_classes,detection_scores
1,0.94351214
1,0.93479526
1,0.913122
1,0.90718067
1,0.88641953
51,0.8730864
1,0.7476051
1,0.68026435
1,0.6267529
59,0.58350086
1,0.5349906
47,0.41354063
1,0.37132826
1,0.32441548
