detection_classes,detection_scores
1,0.7650847
1,0.7388081
21,0.5583787
22,0.5128671
1,0.41820627
18,0.32814577
