detection_classes,detection_scores
57,0.49238405
67,0.4613076
58,0.41678932
57,0.37747967
