detection_classes,detection_scores
1,0.9464812
16,0.8612663
1,0.7117895
55,0.6622866
44,0.57965267
57,0.36004388
