detection_classes,detection_scores
61,0.6141381
58,0.52241915
86,0.5131398
58,0.4462986
64,0.32575443
