detection_classes,detection_scores
16,0.6733104
1,0.43747184
16,0.42072806
16,0.3256529
18,0.3198136
