detection_classes,detection_scores
16,0.842203
88,0.55526537
57,0.33694893
