detection_classes,detection_scores
1,0.9584684
16,0.922659
86,0.7077732
62,0.43861052
1,0.41490644
17,0.35759547
