detection_classes,detection_scores
24,0.6559764
25,0.4435218
21,0.3419437
