detection_classes,detection_scores
79,0.87986535
51,0.5340937
1,0.36014068
47,0.3467362
62,0.3129552
49,0.3075739
