detection_classes,detection_scores
65,0.5223948
65,0.4874734
17,0.4674584
1,0.44439217
