detection_classes,detection_scores
9,0.92139906
16,0.74563235
16,0.6248512
16,0.58481294
1,0.4866896
1,0.4722131
1,0.4425651
16,0.32093206
1,0.30980843
