detection_classes,detection_scores
1,0.9998443
1,0.76655775
41,0.31950632
36,0.30728877
