detection_classes,detection_scores
1,0.9873324
90,0.5478015
1,0.3048717
