detection_classes,detection_scores
40,0.9154922
40,0.4357702
86,0.30041033
