detection_classes,detection_scores
50,0.65158844
50,0.5830878
56,0.5699313
53,0.40560815
