detection_classes,detection_scores
57,0.9455761
18,0.72141206
16,0.39995256
57,0.3733992
21,0.34804076
