detection_classes,detection_scores
1,0.70196265
21,0.6839568
20,0.42321137
