detection_classes,detection_scores
56,0.9911344
56,0.50415796
56,0.3610249
56,0.33759886
56,0.32561842
56,0.3226502
