detection_classes,detection_scores
61,0.59157467
21,0.3964255
52,0.31177413
