detection_classes,detection_scores
18,0.6761364
16,0.4958309
21,0.49471632
