detection_classes,detection_scores
60,0.907949
61,0.69127005
61,0.6786181
60,0.47397926
56,0.44536093
60,0.39181444
61,0.34408155
67,0.33811137
61,0.3291889
61,0.30465743
