detection_classes,detection_scores
90,0.7846999
52,0.49996787
90,0.48111635
32,0.4786518
32,0.3313326
