detection_classes,detection_scores
61,0.7801293
67,0.60172313
86,0.3763412
51,0.32993126
