detection_classes,detection_scores
1,0.99208295
1,0.93008524
1,0.91358083
1,0.8990806
1,0.8145321
1,0.8111678
1,0.61317706
1,0.38108525
