detection_classes,detection_scores
86,0.9672316
86,0.77017856
61,0.65483296
61,0.53983176
51,0.33834994
