detection_classes,detection_scores
1,0.99823064
62,0.9233057
64,0.9207662
1,0.62226
62,0.48612398
64,0.4549856
