detection_classes,detection_scores
59,0.9522342
57,0.93315965
57,0.6359913
