detection_classes,detection_scores
67,0.832739
61,0.6802564
51,0.5518899
34,0.48625857
61,0.44777033
