detection_classes,detection_scores
18,0.43359947
1,0.4305503
25,0.36874482
21,0.31085166
