detection_classes,detection_scores
16,0.82943994
34,0.72959447
18,0.6824255
