detection_classes,detection_scores
60,0.6831467
86,0.6631035
79,0.4349058
