detection_classes,detection_scores
1,0.9982674
88,0.8963052
88,0.37898824
40,0.30431858
