detection_classes,detection_scores
49,0.54750454
67,0.46750632
59,0.39462456
61,0.3880301
50,0.31609488
