detection_classes,detection_scores
1,0.990103
50,0.91587996
1,0.87282395
1,0.5781284
50,0.41594747
