detection_classes,detection_scores
16,0.41271946
21,0.3840125
55,0.35732326
