detection_classes,detection_scores
1,0.9970529
1,0.993338
64,0.96824867
64,0.69883555
72,0.51568323
67,0.37344393
64,0.3669669
