detection_classes,detection_scores
1,0.9933606
1,0.9551462
1,0.7202688
