detection_classes,detection_scores
16,0.9135499
1,0.7598688
61,0.5766735
60,0.453142
