detection_classes,detection_scores
70,0.8606067
86,0.30600104
51,0.30284095
