detection_classes,detection_scores
1,0.9991289
1,0.9462099
1,0.8168458
