detection_classes,detection_scores
57,0.8950105
57,0.80318034
61,0.39530218
59,0.32846287
