detection_classes,detection_scores
1,0.9956872
1,0.934733
1,0.9078006
1,0.41848752
1,0.35217008
