detection_classes,detection_scores
16,0.5584484
61,0.334781
16,0.31233487
