detection_classes,detection_scores
1,0.7106936
16,0.6843043
1,0.5917199
1,0.47489068
1,0.39951676
