detection_classes,detection_scores
21,0.39064905
67,0.37996545
16,0.33380777
