detection_classes,detection_scores
57,0.7275217
18,0.6946234
57,0.48099872
57,0.30679357
