detection_classes,detection_scores
57,0.722501
57,0.5979407
57,0.58304095
57,0.40530172
