detection_classes,detection_scores
1,0.9990036
1,0.9890676
1,0.67369306
1,0.32719928
1,0.31469285
