detection_classes,detection_scores
90,0.41138986
39,0.35684776
16,0.3335163
