detection_classes,detection_scores
1,0.92393845
1,0.7518258
1,0.73000157
63,0.36528268
