detection_classes,detection_scores
86,0.9597594
47,0.8903217
44,0.5188398
67,0.39442274
67,0.30532324
