detection_classes,detection_scores
57,0.82938015
57,0.7918711
57,0.6293225
57,0.41907582
