detection_classes,detection_scores
20,0.9157254
61,0.41177335
5,0.30760562
