detection_classes,detection_scores
57,0.52175885
51,0.49806565
1,0.48181736
86,0.42856666
