detection_classes,detection_scores
1,0.9998548
1,0.99977
15,0.82691395
15,0.78971785
15,0.7695424
3,0.7562474
3,0.7009858
15,0.5170739
8,0.40564796
