detection_classes,detection_scores
61,0.78190666
61,0.6685
50,0.48824695
60,0.4307676
49,0.3146622
