detection_classes,detection_scores
51,0.84708405
1,0.8297154
54,0.44894654
