detection_classes,detection_scores
88,0.6834378
17,0.67089015
16,0.40130213
16,0.31311882
