detection_classes,detection_scores
61,0.482036
59,0.37890482
54,0.37856004
54,0.37364432
1,0.345484
51,0.3409766
11,0.32649022
