detection_classes,detection_scores
1,0.9967753
1,0.9773816
1,0.69572806
1,0.6235718
1,0.5260072
1,0.37865302
1,0.33384216
