detection_classes,detection_scores
61,0.72587603
88,0.50773996
61,0.32744607
