detection_classes,detection_scores
55,0.70125055
16,0.53831303
64,0.47992527
