detection_classes,detection_scores
59,0.68224317
61,0.4587672
39,0.35993838
