detection_classes,detection_scores
67,0.7399676
61,0.58713526
86,0.51329947
51,0.41279817
