detection_classes,detection_scores
52,0.7709809
61,0.6269147
59,0.55182004
