detection_classes,detection_scores
1,0.9201976
1,0.83191127
44,0.82342005
1,0.40045145
1,0.35367754
