detection_classes,detection_scores
1,0.90637076
1,0.64591926
72,0.62769127
40,0.3396404
