detection_classes,detection_scores
40,0.69179285
40,0.64572734
2,0.6276655
4,0.5644961
16,0.52622426
19,0.34296134
