detection_classes,detection_scores
60,0.74109674
1,0.48214796
60,0.39188313
