detection_classes,detection_scores
1,0.9974132
86,0.9589173
1,0.9042427
1,0.6219289
1,0.6209562
1,0.6184363
1,0.52114725
1,0.43297777
