detection_classes,detection_scores
86,0.89798486
57,0.6731335
41,0.44994283
1,0.32403803
