detection_classes,detection_scores
21,0.47446868
16,0.32322806
25,0.30688575
