detection_classes,detection_scores
51,0.7612703
52,0.7516616
16,0.3432198
