detection_classes,detection_scores
51,0.47476363
67,0.45800906
60,0.4518824
61,0.3772398
