detection_classes,detection_scores
52,0.96415406
52,0.8660101
52,0.36097133
