detection_classes,detection_scores
51,0.8655999
86,0.56084824
67,0.33460292
