detection_classes,detection_scores
56,0.8564475
56,0.33329135
56,0.307173
