detection_classes,detection_scores
1,0.99987924
40,0.7782008
15,0.5185945
27,0.46263877
