detection_classes,detection_scores
52,0.7936315
52,0.4117956
51,0.3100827
