detection_classes,detection_scores
60,0.60481346
24,0.4600912
44,0.42405316
86,0.3434563
