detection_classes,detection_scores
1,0.98614776
1,0.8143629
1,0.7528184
1,0.53565437
1,0.31796256
