detection_classes,detection_scores
56,0.9020611
56,0.8019502
56,0.75912386
56,0.64294094
56,0.52625036
64,0.411115
56,0.30041412
