detection_classes,detection_scores
51,0.60183644
51,0.52780724
86,0.48688817
