detection_classes,detection_scores
17,0.8125682
16,0.80589515
16,0.80306244
50,0.39905173
