detection_classes,detection_scores
1,0.9968489
34,0.92127454
1,0.91739756
