detection_classes,detection_scores
1,0.7935858
57,0.31351957
57,0.3060064
