detection_classes,detection_scores
18,0.5497958
25,0.5235791
21,0.4267555
24,0.4062234
17,0.39871925
16,0.36857617
