detection_classes,detection_scores
51,0.7206089
52,0.60690993
60,0.5980043
61,0.41774756
54,0.3999132
51,0.34004006
54,0.31523034
60,0.31037953
