detection_classes,detection_scores
61,0.38919863
64,0.33396226
59,0.30821872
