detection_classes,detection_scores
51,0.74787444
61,0.7421109
51,0.6645899
67,0.4173772
