detection_classes,detection_scores
1,0.99898714
9,0.9826315
28,0.71181375
1,0.6348794
