detection_classes,detection_scores
1,0.99159276
1,0.97458714
1,0.90625685
1,0.70629686
1,0.6836573
1,0.44400606
1,0.36199853
