detection_classes,detection_scores
67,0.54299986
51,0.42314792
48,0.41146442
85,0.38257384
