detection_classes,detection_scores
16,0.89150876
16,0.87408894
16,0.7539517
56,0.48742488
