detection_classes,detection_scores
61,0.80033964
67,0.72151154
16,0.5585097
51,0.31550348
