detection_classes,detection_scores
1,0.9935823
1,0.9710863
1,0.8956075
1,0.83165056
51,0.66075057
1,0.40088254
1,0.37132087
