detection_classes,detection_scores
58,0.6883434
60,0.44503132
58,0.36157253
60,0.34866056
52,0.30268818
