detection_classes,detection_scores
1,0.8089064
1,0.77541465
47,0.6981453
60,0.5731805
1,0.4697885
1,0.37002626
86,0.32708985
