detection_classes,detection_scores
1,0.9995395
1,0.9599616
1,0.93190664
1,0.8367194
1,0.8131371
1,0.7340332
1,0.7192856
16,0.5470971
38,0.5006423
1,0.3079688
