detection_classes,detection_scores
1,0.53625524
28,0.38628605
38,0.32871538
