detection_classes,detection_scores
52,0.82689536
42,0.70533407
34,0.4591107
