detection_classes,detection_scores
16,0.8689435
60,0.77073133
60,0.6594352
61,0.6397967
61,0.38354635
