detection_classes,detection_scores
86,0.6735319
51,0.6458982
42,0.31265008
42,0.3067456
