detection_classes,detection_scores
3,0.8516509
1,0.6937268
17,0.4772047
53,0.4530597
1,0.44357622
60,0.4157984
44,0.36133632
