detection_classes,detection_scores
86,0.44607797
52,0.40540522
44,0.36643797
90,0.3022583
