detection_classes,detection_scores
40,0.6011196
40,0.5813962
27,0.39082262
