detection_classes,detection_scores
60,0.94386005
1,0.55198824
51,0.41127834
