detection_classes,detection_scores
1,0.8960728
60,0.87354743
53,0.34027526
