detection_classes,detection_scores
60,0.8183073
39,0.7176769
60,0.36671272
