detection_classes,detection_scores
51,0.5820785
61,0.39308742
67,0.3736502
