detection_classes,detection_scores
90,0.6523188
49,0.34721345
50,0.31605944
