detection_classes,detection_scores
61,0.6947072
52,0.6127224
52,0.56455207
52,0.547622
52,0.39310384
52,0.36820075
52,0.3611534
52,0.31690726
52,0.3046245
