detection_classes,detection_scores
61,0.63509953
40,0.6094539
1,0.5774251
1,0.39143857
16,0.324243
