detection_classes,detection_scores
57,0.87775433
57,0.4609408
57,0.41508278
