detection_classes,detection_scores
24,0.58517355
61,0.524925
59,0.4800566
