detection_classes,detection_scores
50,0.5569687
34,0.5447631
59,0.4792578
