detection_classes,detection_scores
57,0.49208337
61,0.4912328
67,0.44617608
90,0.3416683
