detection_classes,detection_scores
16,0.86934274
1,0.7707261
51,0.68121195
61,0.6041434
16,0.45340508
1,0.40270174
51,0.35851738
