detection_classes,detection_scores
1,0.9946656
1,0.9652465
1,0.954546
86,0.77054864
1,0.75586915
1,0.6078516
19,0.3934053
40,0.3728794
