detection_classes,detection_scores
1,0.97385275
1,0.94727105
1,0.9436844
1,0.9337866
1,0.8376768
1,0.71566945
1,0.61536694
60,0.6013952
1,0.3624008
40,0.3297127
1,0.31597003
