detection_classes,detection_scores
52,0.98152936
52,0.87300014
51,0.6981683
56,0.5114636
