detection_classes,detection_scores
16,0.950225
57,0.6640791
57,0.63555807
57,0.62640435
57,0.37727153
57,0.36296386
