detection_classes,detection_scores
81,0.5597262
81,0.52153236
16,0.51254356
