detection_classes,detection_scores
57,0.93995553
55,0.63183975
57,0.45455343
