detection_classes,detection_scores
54,0.59079224
58,0.462309
59,0.37314484
51,0.3318716
