detection_classes,detection_scores
56,0.9703349
56,0.51207924
56,0.36172497
