detection_classes,detection_scores
1,0.99684614
1,0.97918487
50,0.9383937
1,0.8749097
1,0.71982473
1,0.47924158
1,0.34820312
1,0.3018178
