detection_classes,detection_scores
1,0.99776566
1,0.9651168
1,0.96103233
1,0.9498686
1,0.91418797
1,0.8859275
75,0.84442794
1,0.74019456
41,0.6753949
1,0.39598694
31,0.3794928
27,0.3730622
1,0.3373973
1,0.3280899
