detection_classes,detection_scores
1,0.99772114
47,0.9182496
61,0.8765069
1,0.835494
1,0.5639476
1,0.41042137
1,0.33792433
67,0.32497308
84,0.30777648
