detection_classes,detection_scores
90,0.6114309
57,0.51616675
57,0.36707702
