detection_classes,detection_scores
57,0.7502618
56,0.59824574
57,0.53371066
57,0.40460184
56,0.38857606
