detection_classes,detection_scores
88,0.59401166
40,0.4799771
1,0.43554848
58,0.32346496
