detection_classes,detection_scores
1,0.8360196
23,0.76943725
88,0.32388338
