detection_classes,detection_scores
57,0.79167867
56,0.7695225
61,0.48633277
57,0.4616679
57,0.3856587
57,0.3619822
61,0.3456835
