detection_classes,detection_scores
61,0.82269865
59,0.5056952
90,0.3745001
67,0.36574578
