detection_classes,detection_scores
60,0.7634943
70,0.50736934
51,0.37984866
