detection_classes,detection_scores
90,0.4792578
39,0.41249585
43,0.3853033
