detection_classes,detection_scores
67,0.61686295
40,0.5677067
61,0.49867582
51,0.41472578
