detection_classes,detection_scores
52,0.93674463
51,0.5633598
60,0.43441558
34,0.37782446
