detection_classes,detection_scores
57,0.436785
64,0.39815134
57,0.327793
65,0.31855837
28,0.3148332
