detection_classes,detection_scores
44,0.8618538
44,0.55589426
11,0.501404
7,0.42301396
44,0.36702645
