detection_classes,detection_scores
16,0.99995565
16,0.8995778
16,0.85695153
51,0.8495308
