detection_classes,detection_scores
1,0.9992669
1,0.9192387
1,0.820184
1,0.6847123
