detection_classes,detection_scores
86,0.8537916
88,0.5005207
70,0.3004475
