detection_classes,detection_scores
51,0.9678684
44,0.5960842
51,0.37677172
61,0.3028523
