detection_classes,detection_scores
56,0.70767546
59,0.6167645
59,0.5175945
60,0.45991024
67,0.3488811
