detection_classes,detection_scores
61,0.6600102
59,0.6557043
58,0.44339386
60,0.39933217
61,0.34092373
