detection_classes,detection_scores
1,0.96275514
1,0.932598
1,0.92583144
1,0.8129284
1,0.5821589
1,0.5536295
62,0.49496245
60,0.30188513
