detection_classes,detection_scores
1,0.9984341
1,0.8414537
1,0.6677777
1,0.40625665
1,0.38016066
1,0.36440268
