detection_classes,detection_scores
51,0.6468089
60,0.5489291
47,0.4523895
50,0.4102674
