detection_classes,detection_scores
57,0.68094194
57,0.6447239
57,0.60345244
57,0.40527317
57,0.36766484
16,0.33292073
57,0.30554134
