detection_classes,detection_scores
58,0.940241
58,0.8550115
58,0.8102328
58,0.76940095
58,0.664152
58,0.62324864
58,0.46367568
67,0.44427016
58,0.43710983
58,0.3869707
58,0.38428637
60,0.30730748
