detection_classes,detection_scores
1,0.98031807
1,0.97999763
1,0.91128606
1,0.7636997
51,0.5637529
1,0.4758411
3,0.41356137
1,0.3561185
3,0.35148466
51,0.33305824
