detection_classes,detection_scores
16,0.9064678
50,0.8944207
50,0.84895205
16,0.8392184
16,0.3174659
