detection_classes,detection_scores
62,0.3946561
86,0.31210756
28,0.30727586
