detection_classes,detection_scores
86,0.8992393
44,0.7609748
57,0.49821398
