detection_classes,detection_scores
1,0.9979225
51,0.925903
1,0.8851568
1,0.68442845
1,0.52833706
1,0.5009551
58,0.36633345
1,0.30976054
