detection_classes,detection_scores
59,0.9336737
67,0.6081241
44,0.40535283
