detection_classes,detection_scores
18,0.7358056
17,0.5787855
16,0.4866119
