detection_classes,detection_scores
16,0.7358798
61,0.5137122
58,0.45163554
54,0.3660273
