detection_classes,detection_scores
16,0.8962107
59,0.51161146
61,0.38927564
