detection_classes,detection_scores
1,0.9967733
1,0.98467743
1,0.7406715
1,0.7094549
1,0.3069677
