detection_classes,detection_scores
61,0.8352738
60,0.5718084
67,0.30610788
