detection_classes,detection_scores
1,0.80857885
51,0.73811454
67,0.5700883
1,0.56587166
67,0.47165143
60,0.41949627
51,0.33404407
51,0.33399275
