detection_classes,detection_scores
1,0.9951938
1,0.99226165
1,0.8465308
16,0.6247928
