detection_classes,detection_scores
57,0.71998566
58,0.42176512
57,0.32904482
57,0.3123439
