detection_classes,detection_scores
38,0.9166955
38,0.84124136
38,0.82815224
16,0.53049594
28,0.40593794
38,0.30768967
