detection_classes,detection_scores
1,0.99667776
1,0.9539923
9,0.8041581
3,0.5029969
