detection_classes,detection_scores
1,0.99117696
1,0.95971775
1,0.9596447
1,0.94787055
1,0.9277046
