detection_classes,detection_scores
64,0.82713974
16,0.8163358
16,0.6698427
28,0.6180547
16,0.5278714
16,0.48004735
86,0.4168123
