detection_classes,detection_scores
60,0.76411015
67,0.60653937
51,0.30285597
