detection_classes,detection_scores
18,0.99871683
42,0.7848215
1,0.6172211
42,0.5771105
