detection_classes,detection_scores
61,0.8504475
19,0.5139718
22,0.43486416
