detection_classes,detection_scores
51,0.59776586
60,0.3707366
86,0.36933932
