detection_classes,detection_scores
1,0.9934995
1,0.98311156
1,0.9558697
67,0.82634073
51,0.5916451
67,0.39330652
51,0.32464367
