detection_classes,detection_scores
55,0.974427
55,0.8030075
60,0.44490883
60,0.40272662
55,0.39425942
60,0.39140198
