detection_classes,detection_scores
59,0.75999
59,0.7138284
48,0.35453573
