detection_classes,detection_scores
57,0.9281086
57,0.6755042
16,0.3452967
