detection_classes,detection_scores
1,0.9959282
1,0.99020326
51,0.96569777
1,0.88218063
79,0.33602646
