detection_classes,detection_scores
1,0.99741817
1,0.90062255
1,0.8330172
1,0.6341513
1,0.5172913
1,0.48509085
1,0.44915617
1,0.44420537
