detection_classes,detection_scores
1,0.99143875
61,0.870198
1,0.50872153
