detection_classes,detection_scores
1,0.962725
1,0.8975644
1,0.87408173
1,0.5474738
49,0.49389365
19,0.37922308
