detection_classes,detection_scores
61,0.6535662
9,0.32964462
11,0.31770748
