detection_classes,detection_scores
84,0.87906116
61,0.5583283
67,0.4160883
