detection_classes,detection_scores
57,0.90368015
57,0.86352694
57,0.5465711
