detection_classes,detection_scores
16,0.75854945
61,0.6318834
75,0.43443844
