detection_classes,detection_scores
67,0.5688308
54,0.4097354
47,0.39766288
