detection_classes,detection_scores
16,0.7711505
16,0.5912511
53,0.3910523
