detection_classes,detection_scores
21,0.52204853
57,0.51450795
57,0.44759262
16,0.4233656
57,0.3887967
57,0.3885009
