detection_classes,detection_scores
1,0.99911207
1,0.9990876
46,0.5601983
1,0.53723794
1,0.53498447
1,0.50333166
31,0.32874462
