detection_classes,detection_scores
61,0.8410664
67,0.5338143
52,0.527234
61,0.45628756
51,0.41377556
4,0.32591707
