detection_classes,detection_scores
1,0.99222696
1,0.8698619
49,0.60702384
65,0.45519686
49,0.3490623
