detection_classes,detection_scores
56,0.95622617
56,0.5424933
57,0.533798
56,0.35463902
56,0.3171064
56,0.30962664
