detection_classes,detection_scores
1,0.9937395
1,0.9597697
1,0.8338678
1,0.6679374
1,0.6421648
1,0.32172373
