detection_classes,detection_scores
1,0.8387611
1,0.7545212
1,0.6894396
61,0.65391064
1,0.4905011
1,0.48965436
67,0.46136466
60,0.4169023
1,0.32914558
