detection_classes,detection_scores
11,0.9970579
11,0.5160169
4,0.45428362
31,0.4067402
40,0.3870328
11,0.3763293
