detection_classes,detection_scores
1,0.959041
38,0.39752117
16,0.3686392
