detection_classes,detection_scores
1,0.4753947
61,0.4469095
57,0.35232335
