detection_classes,detection_scores
44,0.4487549
1,0.44178978
61,0.43541917
1,0.35069224
