detection_classes,detection_scores
1,0.98607045
1,0.87969226
1,0.87968624
1,0.7857903
1,0.42925352
1,0.35738885
