detection_classes,detection_scores
1,0.99388194
1,0.9932585
1,0.9892513
1,0.95141715
1,0.9451315
4,0.9290006
1,0.92524725
1,0.8590699
1,0.8551325
1,0.79993904
1,0.5969261
1,0.56113744
1,0.38917017
