detection_classes,detection_scores
21,0.7747742
1,0.76098424
19,0.5963074
61,0.47625694
