detection_classes,detection_scores
16,0.7831378
57,0.6633012
61,0.5842085
