detection_classes,detection_scores
61,0.900245
73,0.7468336
67,0.6087642
73,0.5526464
84,0.4943102
78,0.44255364
44,0.3756512
