detection_classes,detection_scores
50,0.6504579
50,0.38429728
51,0.3085309
