detection_classes,detection_scores
16,0.7387367
49,0.73074436
89,0.31581184
