detection_classes,detection_scores
67,0.69165057
61,0.38576117
51,0.37289152
58,0.3158175
