detection_classes,detection_scores
1,0.99639577
1,0.96164036
1,0.8586618
1,0.5529022
