detection_classes,detection_scores
1,0.9917041
1,0.92523897
1,0.9101475
62,0.33986205
