detection_classes,detection_scores
67,0.7030827
51,0.62711316
54,0.39492515
54,0.3329369
