detection_classes,detection_scores
17,0.6324988
1,0.49146783
18,0.39997017
32,0.35362577
