detection_classes,detection_scores
1,0.9987546
1,0.94591504
1,0.70788854
1,0.47828457
1,0.3962417
