detection_classes,detection_scores
51,0.39214948
61,0.35130048
50,0.32071233
