detection_classes,detection_scores
1,0.9761145
1,0.91821104
1,0.453858
90,0.43579733
