detection_classes,detection_scores
16,0.6691903
20,0.5683911
20,0.35637304
18,0.31903806
