detection_classes,detection_scores
60,0.85969025
16,0.6764195
51,0.60321873
