detection_classes,detection_scores
1,0.6301783
16,0.443495
16,0.36292168
