detection_classes,detection_scores
1,0.9956682
1,0.905342
1,0.77577096
1,0.6595325
79,0.59567076
1,0.5280061
77,0.49665257
73,0.405482
79,0.3905282
