detection_classes,detection_scores
1,0.87474376
1,0.75127053
24,0.51983553
