detection_classes,detection_scores
1,0.99916506
1,0.9982627
1,0.9901112
1,0.9254478
1,0.92460936
1,0.91471493
47,0.6821221
1,0.6182287
1,0.4049642
