detection_classes,detection_scores
90,0.7458393
1,0.6772455
1,0.51437193
1,0.511204
16,0.50804394
18,0.4475567
1,0.39305666
