detection_classes,detection_scores
61,0.6008189
61,0.5555397
61,0.43053207
1,0.398249
67,0.36606234
51,0.3177906
