detection_classes,detection_scores
16,0.791006
28,0.5401727
16,0.49466926
16,0.3905184
