detection_classes,detection_scores
1,0.70907307
58,0.36572835
61,0.31705683
88,0.3021408
