detection_classes,detection_scores
16,0.92828757
59,0.7071545
16,0.64109904
1,0.4565921
16,0.31055707
