detection_classes,detection_scores
16,0.9154198
1,0.42352754
18,0.31140724
