detection_classes,detection_scores
48,0.49612537
50,0.42658144
51,0.30082062
