detection_classes,detection_scores
1,0.9974956
1,0.9757983
1,0.8709239
1,0.8178667
1,0.5029268
1,0.36714444
