detection_classes,detection_scores
24,0.546212
50,0.51669323
61,0.4090194
