detection_classes,detection_scores
57,0.71799165
57,0.46467397
16,0.45252514
