detection_classes,detection_scores
39,0.6069053
51,0.4994893
41,0.40270054
16,0.30247346
