detection_classes,detection_scores
1,0.99725324
44,0.9250668
1,0.9183863
44,0.8236795
60,0.80615705
60,0.78227377
84,0.6091527
84,0.5711418
84,0.561467
44,0.5487054
9,0.48633367
62,0.39249387
84,0.3536069
63,0.32413843
84,0.30965132
