detection_classes,detection_scores
1,0.6115085
55,0.4409667
86,0.37864968
53,0.32477796
