detection_classes,detection_scores
21,0.6563188
18,0.6463206
1,0.51956683
16,0.46439534
1,0.4452758
1,0.38282514
20,0.3618218
1,0.32102656
19,0.31181404
