detection_classes,detection_scores
11,0.48259705
4,0.40430027
70,0.3283092
