detection_classes,detection_scores
67,0.43776286
61,0.3755987
64,0.32705623
86,0.31385958
51,0.30449915
