detection_classes,detection_scores
60,0.81051093
52,0.5036312
61,0.30964082
