detection_classes,detection_scores
18,0.9541211
1,0.92894095
17,0.58890617
18,0.5678414
13,0.5021226
