detection_classes,detection_scores
61,0.47617975
61,0.462188
54,0.3301727
