detection_classes,detection_scores
37,0.69020766
16,0.45150894
16,0.42800596
1,0.31796944
