detection_classes,detection_scores
1,0.9904398
1,0.7239581
1,0.7009702
1,0.67154986
