detection_classes,detection_scores
61,0.6345028
59,0.58368886
16,0.33414587
