detection_classes,detection_scores
67,0.7215816
61,0.7078577
61,0.42641214
52,0.33598882
