detection_classes,detection_scores
52,0.72550684
61,0.5029029
52,0.33990428
