detection_classes,detection_scores
38,0.8558833
57,0.38934392
57,0.30667418
