detection_classes,detection_scores
18,0.99954504
1,0.9719377
86,0.5032545
