detection_classes,detection_scores
1,0.9940428
1,0.9910445
1,0.986174
1,0.98557323
1,0.9727295
1,0.93278795
1,0.8853931
1,0.8578787
1,0.808623
1,0.30327177
