detection_classes,detection_scores
84,0.83012015
84,0.7536419
44,0.69203866
84,0.6852313
84,0.6760321
84,0.5379136
84,0.5276629
84,0.49754187
84,0.4380947
49,0.40299347
86,0.34028164
84,0.3147599
