detection_classes,detection_scores
51,0.9367987
57,0.597417
16,0.4716355
28,0.36390844
64,0.35557252
