detection_classes,detection_scores
61,0.682828
90,0.3321435
65,0.3212103
