detection_classes,detection_scores
1,0.9450091
1,0.8941576
60,0.74575067
40,0.5851841
1,0.5805704
61,0.47997078
1,0.4131242
1,0.35462648
