detection_classes,detection_scores
16,0.9486961
21,0.4412153
16,0.3220838
