detection_classes,detection_scores
22,0.84585166
1,0.80742466
18,0.66327024
1,0.54248327
1,0.43894786
1,0.3804659
21,0.37012702
