detection_classes,detection_scores
52,0.54358023
52,0.4141953
52,0.37932473
52,0.35114178
52,0.30558455
