detection_classes,detection_scores
16,0.8851029
57,0.70977265
56,0.44521847
56,0.42123038
