detection_classes,detection_scores
60,0.7756622
60,0.5427998
18,0.4054683
