detection_classes,detection_scores
1,0.9866573
1,0.9675136
1,0.93063945
1,0.8500276
1,0.78744847
1,0.732323
1,0.72937214
1,0.68406296
1,0.43727827
1,0.38532507
61,0.371491
1,0.32330525
