detection_classes,detection_scores
16,0.55812013
2,0.38955623
40,0.30527633
