detection_classes,detection_scores
86,0.7664815
61,0.5075301
88,0.32592258
