detection_classes,detection_scores
1,0.9904986
1,0.9767428
40,0.6328383
1,0.49902374
