detection_classes,detection_scores
24,0.71811134
18,0.44979885
18,0.43157798
21,0.41053993
16,0.40969434
25,0.3404247
22,0.33827713
