detection_classes,detection_scores
65,0.9727622
65,0.8277078
65,0.33263966
