detection_classes,detection_scores
51,0.54452807
81,0.46739128
61,0.33553123
51,0.31430686
