detection_classes,detection_scores
57,0.83894134
61,0.6591045
59,0.6153835
57,0.47126433
