detection_classes,detection_scores
57,0.6634673
38,0.54236645
16,0.48655605
