detection_classes,detection_scores
53,0.9524724
67,0.52456343
61,0.3156627
