detection_classes,detection_scores
85,0.50069845
82,0.33558574
86,0.3323096
