detection_classes,detection_scores
18,0.81892544
88,0.6517725
1,0.41675302
16,0.4133301
16,0.39712343
