detection_classes,detection_scores
61,0.85371894
51,0.73590785
51,0.665156
67,0.46289968
51,0.4342575
51,0.39099285
61,0.3904706
61,0.3528727
86,0.32085374
