detection_classes,detection_scores
16,0.6370168
16,0.4987567
1,0.46442357
20,0.46260327
1,0.46113998
20,0.39422548
20,0.39139894
1,0.38377154
1,0.38162652
