detection_classes,detection_scores
1,0.9999027
16,0.7470106
1,0.37751225
