detection_classes,detection_scores
60,0.71040964
18,0.6365317
1,0.48227155
