detection_classes,detection_scores
16,0.9882572
16,0.9857885
2,0.64326924
