detection_classes,detection_scores
16,0.99926895
16,0.9770628
16,0.9042125
