detection_classes,detection_scores
16,0.97993547
16,0.97594225
16,0.4362734
16,0.41841793
