detection_classes,detection_scores
16,0.99051917
16,0.5642963
16,0.5511048
