detection_classes,detection_scores
16,0.99952817
16,0.54460406
16,0.31866142
