detection_classes,detection_scores
16,0.99393696
16,0.908448
16,0.85681504
