detection_classes,detection_scores
16,0.99964297
16,0.998486
37,0.8248469
37,0.52366847
