detection_classes,detection_scores
16,0.9987382
1,0.5960992
15,0.3091619
