detection_classes,detection_scores
64,0.9920353
16,0.93324107
64,0.63887686
86,0.6047217
