detection_classes,detection_scores
16,0.998279
16,0.9970817
16,0.93048054
