detection_classes,detection_scores
16,0.99950576
51,0.94186306
51,0.809186
51,0.46093875
