detection_classes,detection_scores
16,0.99957913
16,0.9001873
16,0.5818154
16,0.48802805
16,0.35117725
