detection_classes,detection_scores
16,0.8960955
18,0.4281341
16,0.35649425
24,0.34896436
