detection_classes,detection_scores
16,0.9941346
16,0.9571563
16,0.896961
87,0.3009471
