detection_classes,detection_scores
16,0.99677104
55,0.74686235
16,0.58710366
16,0.3780111
