detection_classes,detection_scores
16,0.9999459
16,0.9871252
16,0.9766177
16,0.35926837
