detection_classes,detection_scores
16,0.99815995
16,0.9184182
16,0.3904367
