detection_classes,detection_scores
16,0.9713669
16,0.63274074
16,0.42907307
16,0.33715865
