detection_classes,detection_scores
16,0.46361816
19,0.3927627
18,0.38436934
