detection_classes,detection_scores
16,0.9961075
15,0.9885095
16,0.85699195
15,0.31690985
