detection_classes,detection_scores
16,0.99566096
16,0.9491484
16,0.52932423
