detection_classes,detection_scores
16,0.9983708
16,0.9977884
22,0.6936934
16,0.4394722
22,0.4393298
16,0.37752587
