detection_classes,detection_scores
16,0.97042376
16,0.77616656
28,0.60495424
57,0.43657675
28,0.38363898
64,0.34865227
