detection_classes,detection_scores
64,0.6517445
16,0.5638056
47,0.42314398
64,0.34348732
