detection_classes,detection_scores
16,0.99941456
16,0.9111708
16,0.34880817
