detection_classes,detection_scores
16,0.9967044
16,0.98660374
20,0.8661252
19,0.6430941
57,0.6393341
