detection_classes,detection_scores
38,0.6561056
16,0.5249674
64,0.4716472
