detection_classes,detection_scores
16,0.9973596
16,0.9787258
16,0.91453767
20,0.37344638
