detection_classes,detection_scores
16,0.9949463
16,0.91947937
61,0.75915414
