detection_classes,detection_scores
16,0.99544674
64,0.6846326
64,0.45973527
86,0.32575187
