detection_classes,detection_scores
16,0.9921442
16,0.9912475
16,0.9678545
16,0.6629987
