detection_classes,detection_scores
16,0.9950193
16,0.9683982
16,0.42087772
16,0.3177333
