detection_classes,detection_scores
16,0.9966294
16,0.9958617
51,0.7944559
