detection_classes,detection_scores
16,0.9982337
16,0.9434038
64,0.9204935
64,0.7548597
64,0.5709464
86,0.38405752
86,0.36974347
