detection_classes,detection_scores
16,0.99926776
16,0.9951579
16,0.9933816
