detection_classes,detection_scores
16,0.9470028
86,0.36017317
65,0.31149516
