detection_classes,detection_scores
20,0.82919437
16,0.71151716
21,0.4014872
