detection_classes,detection_scores
16,0.9986816
16,0.99372935
16,0.9615517
16,0.7084868
16,0.45972356
