detection_classes,detection_scores
16,0.9916259
16,0.9107319
16,0.8613746
39,0.40524566
