detection_classes,detection_scores
16,0.99958354
16,0.9114021
16,0.8604439
16,0.45350748
61,0.3251466
