detection_classes,detection_scores
16,0.99881506
20,0.67501533
16,0.56388676
