detection_classes,detection_scores
16,0.99220145
16,0.40591082
16,0.4035672
