detection_classes,detection_scores
16,0.99950266
16,0.66887563
16,0.5710592
