detection_classes,detection_scores
16,0.9937184
16,0.4855692
18,0.31013373
