detection_classes,detection_scores
16,0.99969864
16,0.84998256
57,0.6493641
57,0.6369953
