detection_classes,detection_scores
16,0.9899748
16,0.7456776
21,0.31847125
