detection_classes,detection_scores
16,0.9911374
16,0.6383989
61,0.48427624
