detection_classes,detection_scores
16,0.9738159
25,0.6394841
22,0.35673794
