detection_classes,detection_scores
16,0.9991929
37,0.814494
37,0.52082866
16,0.434924
