detection_classes,detection_scores
16,0.9984559
16,0.5982405
16,0.41031063
