detection_classes,detection_scores
16,0.9997185
16,0.99939835
16,0.83735216
16,0.79412663
