detection_classes,detection_scores
16,0.36372373
56,0.34121493
64,0.32986584
