detection_classes,detection_scores
28,0.65209377
51,0.3322679
61,0.32403886
