detection_classes,detection_scores
61,0.8278942
61,0.7095484
61,0.5492588
60,0.34300914
51,0.3109877
