detection_classes,detection_scores
57,0.42885342
1,0.39569527
88,0.35297436
1,0.32796258
