detection_classes,detection_scores
64,0.8752446
64,0.6170422
64,0.44867483
55,0.30354553
