detection_classes,detection_scores
64,0.46744126
64,0.3513285
16,0.34176245
