detection_classes,detection_scores
57,0.91793585
57,0.6327139
57,0.6317873
57,0.5947146
57,0.40608335
57,0.3911764
