detection_classes,detection_scores
28,0.98371094
59,0.45556706
28,0.30847597
