detection_classes,detection_scores
16,0.8011958
16,0.33929312
56,0.33427086
64,0.31406444
