detection_classes,detection_scores
56,0.8382294
61,0.8018918
56,0.49179342
56,0.41300243
60,0.37655556
56,0.34654096
56,0.3368941
