detection_classes,detection_scores
16,0.7372104
52,0.7223407
52,0.51977974
16,0.47907937
61,0.36386746
52,0.30814412
