detection_classes,detection_scores
55,0.97972494
60,0.9743113
60,0.83484095
60,0.80953926
55,0.7372998
60,0.70066273
60,0.64104617
55,0.55927616
55,0.5580343
55,0.4682324
60,0.3995573
55,0.3739874
55,0.33925062
