detection_classes,detection_scores
59,0.863936
60,0.59451747
61,0.3849662
61,0.38135487
60,0.33356163
