detection_classes,detection_scores
61,0.64433295
16,0.6245633
1,0.5574441
