detection_classes,detection_scores
16,0.8402954
64,0.46854717
56,0.41592848
56,0.3815669
