detection_classes,detection_scores
72,0.82451546
56,0.56000066
72,0.4816199
56,0.3919916
