detection_classes,detection_scores
60,0.6467345
61,0.62568295
59,0.56706774
