detection_classes,detection_scores
16,0.6901486
16,0.51025677
16,0.44608948
20,0.3617286
