detection_classes,detection_scores
55,0.6174108
55,0.44081292
60,0.32951877
