detection_classes,detection_scores
16,0.64962274
53,0.5075757
37,0.46552736
