detection_classes,detection_scores
61,0.9917277
55,0.4657852
55,0.32271987
