detection_classes,detection_scores
61,0.77545995
61,0.33777064
60,0.33336103
