detection_classes,detection_scores
56,0.81759715
53,0.76859075
60,0.31168383
