detection_classes,detection_scores
56,0.9618198
60,0.56600106
60,0.4728163
61,0.392296
