detection_classes,detection_scores
56,0.9604818
56,0.49502772
56,0.3317179
