detection_classes,detection_scores
88,0.7086562
88,0.6998154
28,0.46940508
88,0.4542255
16,0.30107304
