detection_classes,detection_scores
17,0.91232187
56,0.58064604
64,0.51272845
17,0.5051702
