detection_classes,detection_scores
57,0.9884847
57,0.6281206
57,0.6046011
57,0.3444598
