detection_classes,detection_scores
57,0.9537355
57,0.8793091
57,0.32785687
