detection_classes,detection_scores
61,0.85950136
1,0.65951306
1,0.5709139
61,0.49251315
1,0.34963185
