detection_classes,detection_scores
88,0.98769116
88,0.95426136
88,0.6995492
