detection_classes,detection_scores
61,0.7961843
60,0.44739148
60,0.4020058
61,0.39543724
16,0.31197184
