detection_classes,detection_scores
56,0.8917458
56,0.7983821
56,0.7934448
72,0.61150444
56,0.40812302
56,0.3711703
56,0.32027727
