detection_classes,detection_scores
1,0.7783202
1,0.6857626
16,0.4340401
51,0.4019878
