detection_classes,detection_scores
61,0.7577505
60,0.63708866
61,0.38374537
