detection_classes,detection_scores
60,0.86000913
88,0.78224725
60,0.6865427
60,0.4874929
61,0.30187678
