detection_classes,detection_scores
56,0.5227892
56,0.48643458
64,0.3365795
