detection_classes,detection_scores
56,0.84774005
56,0.679407
60,0.5309855
56,0.37876633
88,0.3001935
