detection_classes,detection_scores
59,0.89841
59,0.8306501
59,0.38382933
64,0.3226723
16,0.30255544
