detection_classes,detection_scores
88,0.9150682
56,0.89720494
56,0.8704656
56,0.84592664
56,0.80887544
56,0.45824277
61,0.40051296
56,0.35237306
56,0.34437165
56,0.30836546
