detection_classes,detection_scores
52,0.8347523
52,0.5399823
52,0.31656766
