detection_classes,detection_scores
56,0.81582785
56,0.5280693
16,0.43701997
