detection_classes,detection_scores
64,0.66397434
57,0.38397285
64,0.36026898
64,0.30556935
