detection_classes,detection_scores
59,0.3779479
61,0.36871713
57,0.35351092
