detection_classes,detection_scores
61,0.8864591
88,0.7328252
88,0.5169523
65,0.4396689
65,0.39765528
88,0.32800883
