detection_classes,detection_scores
60,0.7564491
56,0.6103917
60,0.51456505
75,0.48470986
