detection_classes,detection_scores
61,0.8496103
61,0.4258033
59,0.35372525
