detection_classes,detection_scores
52,0.8298623
52,0.4802771
52,0.4788005
52,0.44088164
