detection_classes,detection_scores
16,0.8962233
16,0.36516398
21,0.30409488
