detection_classes,detection_scores
1,0.96907985
88,0.6485001
20,0.5487639
20,0.30713832
