detection_classes,detection_scores
61,0.7698546
59,0.54745287
64,0.3506244
