detection_classes,detection_scores
61,0.9049211
57,0.36383694
53,0.3600636
59,0.34276468
53,0.308778
