detection_classes,detection_scores
88,0.9824792
88,0.9589373
88,0.79167783
