detection_classes,detection_scores
60,0.9553297
61,0.66764486
61,0.4848503
60,0.45710778
60,0.36317557
61,0.3343635
