detection_classes,detection_scores
61,0.71518904
16,0.6310647
37,0.5464202
88,0.4173735
