detection_classes,detection_scores
56,0.6277408
57,0.53535014
56,0.48885283
56,0.48748696
55,0.4404842
57,0.30047223
