detection_classes,detection_scores
61,0.87421846
64,0.5130741
64,0.3685486
