detection_classes,detection_scores
16,0.67214125
61,0.56299305
56,0.49973705
64,0.33754483
