detection_classes,detection_scores
58,0.59381
60,0.5927479
16,0.3755916
61,0.36522758
88,0.3239726
