detection_classes,detection_scores
28,0.7344423
1,0.44926867
1,0.33086148
1,0.3016164
